invoice_no,well,well_class,period,invoice_date,flagged,error_category,all_categories,money_effect_by_category,invoice_reasons,clauses,billed_net,billed_vat,billed_adjustment,billed_total,expected_services,expected_discount,expected_net,expected_vat,expected_adjustment,expected_total,expected_minus_billed,expected_total_cents,billed_total_cents,confidence,exception_lines,notes,warnings
MDS-00001,NGP-BD-194,Standard,2025-01-01..2025-01-04,2025-01-27,0,,,,,,99820.36,14973.05,0.00,114793.41,99820.36,0,99820.36,14973.05,0,114793.41,0.00,11479341,11479341,0.90,,,
MDS-00002,NGP-WS-141,Standard,2025-01-01..2025-01-04,2025-01-07,0,,,,,,93275.56,13991.33,0.00,107266.89,93275.56,0,93275.56,13991.33,0,107266.89,0.00,10726689,10726689,0.90,,,
MDS-00003,NGP-BD-088,HPHT,2025-01-04..2025-01-07,2025-02-05,0,,,,,,100727.10,15109.06,0.00,115836.16,100727.10,0,100727.10,15109.06,0,115836.16,0.00,11583616,11583616,0.90,,,
MDS-00004,NGP-QA-070,HPHT,2025-01-04..2025-01-09,2025-01-28,0,,,,,,125783.68,18867.55,0.00,144651.23,125783.68,0,125783.68,18867.55,0,144651.23,0.00,14465123,14465123,0.90,,,
MDS-00005,NGP-BD-018,Standard,2025-01-05..2025-01-09,2025-01-21,0,,,,,,101986.72,15298.01,0.00,117284.73,101986.72,0,101986.72,15298.01,0,117284.73,0.00,11728473,11728473,0.90,,,
MDS-00006,NGP-BD-194,Standard,2025-01-05..2025-01-07,2025-01-15,0,,,,,,42269.46,6340.42,0.00,48609.88,42269.46,0,42269.46,6340.42,0,48609.88,0.00,4860988,4860988,0.90,,,
MDS-00007,NGP-WS-141,Standard,2025-01-05..2025-01-09,2025-01-30,0,,,,,,72895.25,10934.29,0.00,83829.54,72895.25,0,72895.25,10934.29,0,83829.54,0.00,8382954,8382954,0.90,,,
MDS-00008,NGP-WS-211,Standard,2025-01-05..2025-01-08,2025-01-26,0,,,,,,92746.46,13911.97,0.00,106658.43,92746.46,0,92746.46,13911.97,0,106658.43,0.00,10665843,10665843,0.90,,,
MDS-00009,NGP-WS-106,Standard,2025-01-06..2025-01-11,2025-02-04,0,,,,,,125289.30,18793.40,0.00,144082.70,125289.30,0,125289.30,18793.40,0,144082.70,0.00,14408270,14408270,0.90,,,
MDS-00010,NGP-HA-052,Extended Reach,2025-01-07..2025-01-11,2025-01-15,0,,,,,,119335.94,17900.39,0.00,137236.33,119335.94,0,119335.94,17900.39,0,137236.33,0.00,13723633,13723633,0.90,,,
MDS-00011,NGP-BD-088,HPHT,2025-01-08..2025-01-10,2025-02-05,0,,,,,,47222.83,7083.42,0.00,54306.25,47222.83,0,47222.83,7083.42,0,54306.25,0.00,5430625,5430625,0.90,,,
MDS-00012,NGP-BD-194,Standard,2025-01-08..2025-01-11,2025-01-18,0,,,,,,61251.58,9187.74,0.00,70439.32,61251.58,0,61251.58,9187.74,0,70439.32,0.00,7043932,7043932,0.90,,,
MDS-00013,NGP-HA-035,Extended Reach,2025-01-08..2025-01-11,2025-01-31,0,,,,,,94482.41,14172.36,0.00,108654.77,94482.41,0,94482.41,14172.36,0,108654.77,0.00,10865477,10865477,0.90,,,
MDS-00014,NGP-HA-159,Extended Reach,2025-01-08..2025-01-10,2025-02-04,0,,,,,,80207.13,12031.07,0.00,92238.20,80207.13,0,80207.13,12031.07,0,92238.20,0.00,9223820,9223820,0.90,,,
MDS-00015,NGP-WS-211,Standard,2025-01-09..2025-01-11,2025-02-09,0,,,,,,42269.46,6340.42,0.00,48609.88,42269.46,0,42269.46,6340.42,0,48609.88,0.00,4860988,4860988,0.90,,,
MDS-00016,NGP-BD-018,Standard,2025-01-10..2025-01-14,2025-02-01,0,,,,,,83823.15,12573.47,0.00,96396.62,83823.15,0,83823.15,12573.47,0,96396.62,0.00,9639662,9639662,0.90,,,
MDS-00017,NGP-QA-070,HPHT,2025-01-10..2025-01-12,2025-01-27,0,,,,,,44776.68,6716.50,0.00,51493.18,44776.68,0,44776.68,6716.50,0,51493.18,0.00,5149318,5149318,0.90,,,
MDS-00018,NGP-WS-141,Standard,2025-01-10..2025-01-13,2025-01-16,0,,,,,,1332632.44,199894.87,0.00,1532527.31,1377742.12,-45109.68,1332632.44,199894.87,0,1532527.31,0.00,153252731,153252731,0.90,,,
MDS-00019,NGP-BD-088,HPHT,2025-01-11..2025-01-13,2025-02-07,0,,,,,,54561.28,8184.19,0.00,62745.47,54561.28,0,54561.28,8184.19,0,62745.47,0.00,6274547,6274547,0.90,,,
MDS-00020,NGP-HA-124,Extended Reach,2025-01-11..2025-01-16,2025-02-10,0,,,,,,123562.07,18534.31,0.00,142096.38,123562.07,0,123562.07,18534.31,0,142096.38,0.00,14209638,14209638,0.90,,,
MDS-00021,NGP-HA-159,Extended Reach,2025-01-11..2025-01-15,2025-02-06,0,,,,,,77645.25,11646.79,0.00,89292.04,77645.25,0,77645.25,11646.79,0,89292.04,0.00,8929204,8929204,0.90,,,
MDS-00022,NGP-BD-194,Standard,2025-01-12..2025-01-17,2025-02-09,0,,,,,,179456.66,26918.50,0.00,206375.16,179456.66,0,179456.66,26918.50,0,206375.16,0.00,20637516,20637516,0.90,,,
MDS-00023,NGP-HA-035,Extended Reach,2025-01-12..2025-01-15,2025-01-24,0,,,,,,59356.42,8903.46,0.00,68259.88,59356.42,0,59356.42,8903.46,0,68259.88,0.00,6825988,6825988,0.90,,,
MDS-00024,NGP-HA-052,Extended Reach,2025-01-12..2025-01-15,2025-01-21,0,,,,,,63051.62,9457.74,0.00,72509.36,63051.62,0,63051.62,9457.74,0,72509.36,0.00,7250936,7250936,0.90,,,
MDS-00025,NGP-WS-106,Standard,2025-01-12..2025-01-15,2025-01-31,0,,,,,,89199.26,13379.89,0.00,102579.15,89199.26,0,89199.26,13379.89,0,102579.15,0.00,10257915,10257915,0.90,,,
MDS-00026,NGP-WS-211,Standard,2025-01-12..2025-01-16,2025-01-25,0,,,,,,77043.90,11556.58,0.00,88600.48,77043.90,0,77043.90,11556.58,0,88600.48,0.00,8860048,8860048,0.90,,,
MDS-00027,NGP-BD-177,Standard,2025-01-13..2025-01-15,2025-02-01,0,,,,,,78392.09,11758.81,0.00,90150.90,78392.09,0,78392.09,11758.81,0,90150.90,0.00,9015090,9015090,0.90,,,
MDS-00028,NGP-QA-001,HPHT,2025-01-13..2025-01-16,2025-02-03,0,,,,,,101618.51,15242.78,0.00,116861.29,101618.51,0,101618.51,15242.78,0,116861.29,0.00,11686129,11686129,0.90,,,
MDS-00029,NGP-QA-070,HPHT,2025-01-13..2025-01-16,2025-02-08,0,,,,,,119388.55,17908.28,0.00,137296.83,119388.55,0,119388.55,17908.28,0,137296.83,0.00,13729683,13729683,0.90,,,
MDS-00030,NGP-BD-088,HPHT,2025-01-14..2025-01-18,2025-01-27,0,,,,,,103945.24,15591.79,0.00,119537.03,103945.24,0,103945.24,15591.79,0,119537.03,0.00,11953703,11953703,0.90,,,
MDS-00031,NGP-WS-141,Standard,2025-01-14..2025-01-17,2025-01-21,0,,,,,,163950.10,24592.52,0.00,188542.62,163950.10,0,163950.10,24592.52,0,188542.62,0.00,18854262,18854262,0.90,,,
MDS-00032,NGP-BD-018,Standard,2025-01-15..2025-01-18,2025-01-31,0,,,,,,89393.79,13409.07,0.00,102802.86,89393.79,0,89393.79,13409.07,0,102802.86,0.00,10280286,10280286,0.90,,,
MDS-00033,NGP-BD-177,Standard,2025-01-16..2025-01-21,2025-02-08,0,,,,,,87292.36,13093.85,0.00,100386.21,87292.36,0,87292.36,13093.85,0,100386.21,0.00,10038621,10038621,0.90,,,
MDS-00034,NGP-HA-035,Extended Reach,2025-01-16..2025-01-18,2025-01-25,0,,,,,,56971.14,8545.67,0.00,65516.81,56971.14,0,56971.14,8545.67,0,65516.81,0.00,6551681,6551681,0.90,,,
MDS-00035,NGP-HA-052,Extended Reach,2025-01-16..2025-01-19,2025-01-25,0,,,,,,88133.92,13220.09,0.00,101354.01,88133.92,0,88133.92,13220.09,0,101354.01,0.00,10135401,10135401,0.90,,,
MDS-00036,NGP-HA-159,Extended Reach,2025-01-16..2025-01-21,2025-02-12,0,,,,,,115905.41,17385.81,0.00,133291.22,115905.41,0,115905.41,17385.81,0,133291.22,0.00,13329122,13329122,0.90,,,
MDS-00037,NGP-WS-106,Standard,2025-01-16..2025-01-21,2025-01-27,0,,,,,,204519.85,30677.98,0.00,235197.83,204519.85,0,204519.85,30677.98,0,235197.83,0.00,23519783,23519783,0.90,,,
MDS-00038,NGP-HA-124,Extended Reach,2025-01-17..2025-01-21,2025-03-17,1,submitted_late,submitted_late,submitted_late=0.00,submitted_over_30_days,Cl 33 p.8 (30 days),84800.45,12720.07,0.00,97520.52,84800.45,0,84800.45,12720.07,0,97520.52,0.00,9752052,9752052,0.80,,submitted 55 days after the period ended,
MDS-00039,NGP-QA-001,HPHT,2025-01-17..2025-01-19,2025-01-30,0,,,,,,44776.68,6716.50,0.00,51493.18,44776.68,0,44776.68,6716.50,0,51493.18,0.00,5149318,5149318,0.90,,,
MDS-00040,NGP-QA-070,HPHT,2025-01-17..2025-01-20,2025-01-31,0,,,,,,171427.16,25714.07,0.00,197141.23,171427.16,0,171427.16,25714.07,0,197141.23,0.00,19714123,19714123,0.90,,,
MDS-00041,NGP-WS-211,Standard,2025-01-17..2025-01-21,2025-02-08,0,,,,,,97611.90,14641.78,0.00,112253.68,97611.90,0,97611.90,14641.78,0,112253.68,0.00,11225368,11225368,0.90,,,
MDS-00042,NGP-BD-194,Standard,2025-01-18..2025-01-22,2025-02-14,1,standby_rate_wrong,standby_rate_wrong,standby_rate_wrong=689.57,,,185386.34,27807.95,0.00,213194.29,184696.77,0,184696.77,27704.52,0,212401.29,-793.00,21240129,21319429,0.90,MDS-00042-058,,
MDS-00043,NGP-WS-141,Standard,2025-01-18..2025-01-21,2025-02-13,0,,,,,,165055.10,24758.26,0.00,189813.36,165055.10,0,165055.10,24758.26,0,189813.36,0.00,18981336,18981336,0.90,,,
MDS-00044,NGP-BD-018,Standard,2025-01-19..2025-01-23,2025-02-04,0,,,,,,117356.98,17603.55,0.00,134960.53,117356.98,0,117356.98,17603.55,0,134960.53,0.00,13496053,13496053,0.90,,,
MDS-00045,NGP-BD-088,HPHT,2025-01-19..2025-01-22,2025-01-31,0,,,,,,78517.88,11777.68,0.00,90295.56,78517.88,0,78517.88,11777.68,0,90295.56,0.00,9029556,9029556,0.90,,,
MDS-00046,NGP-HA-035,Extended Reach,2025-01-19..2025-01-22,2025-02-14,0,,,,,,80226.80,12034.02,0.00,92260.82,80226.80,0,80226.80,12034.02,0,92260.82,0.00,9226082,9226082,0.90,,,
MDS-00047,NGP-HA-052,Extended Reach,2025-01-20..2025-01-25,2025-02-02,0,,,,,,181667.19,27250.08,0.00,208917.27,181667.19,0,181667.19,27250.08,0,208917.27,0.00,20891727,20891727,0.90,,,
MDS-00048,NGP-QA-001,HPHT,2025-01-20..2025-01-25,2025-02-14,0,,,,,,116322.29,17448.34,0.00,133770.63,116322.29,0,116322.29,17448.34,0,133770.63,0.00,13377063,13377063,0.90,,,
MDS-00049,NGP-QA-070,HPHT,2025-01-21..2025-01-24,2025-02-20,0,,,,,,189558.96,28433.84,0.00,217992.80,189558.96,0,189558.96,28433.84,0,217992.80,0.00,21799280,21799280,0.90,,,
MDS-00050,NGP-BD-177,Standard,2025-01-22..2025-01-24,2025-02-01,0,,,,,,58687.82,8803.17,0.00,67490.99,58687.82,0,58687.82,8803.17,0,67490.99,0.00,6749099,6749099,0.90,,,
MDS-00051,NGP-HA-124,Extended Reach,2025-01-22..2025-01-25,2025-02-23,0,,,,,,109161.08,16374.16,0.00,125535.24,109161.08,0,109161.08,16374.16,0,125535.24,0.00,12553524,12553524,0.90,,,
MDS-00052,NGP-HA-159,Extended Reach,2025-01-22..2025-01-27,2025-02-19,0,,,,,,158982.82,23847.42,0.00,182830.24,158982.82,0,158982.82,23847.42,0,182830.24,0.00,18283024,18283024,0.90,,,
MDS-00053,NGP-WS-106,Standard,2025-01-22..2025-01-24,2025-02-21,0,,,,,,90191.65,13528.75,0.00,103720.40,90191.65,0,90191.65,13528.75,0,103720.40,0.00,10372040,10372040,0.90,,,
MDS-00054,NGP-WS-141,Standard,2025-01-22..2025-01-25,2025-02-14,0,,,,,,128246.07,19236.91,0.00,147482.98,128246.07,0,128246.07,19236.91,0,147482.98,0.00,14748298,14748298,0.90,,,
MDS-00055,NGP-WS-211,Standard,2025-01-22..2025-01-25,2025-02-16,0,,,,,,89209.99,13381.50,0.00,102591.49,89209.99,0,89209.99,13381.50,0,102591.49,0.00,10259149,10259149,0.90,,,
MDS-00056,NGP-BD-088,HPHT,2025-01-23..2025-01-26,2025-02-15,0,,,,,,87141.56,13071.23,0.00,100212.79,87141.56,0,87141.56,13071.23,0,100212.79,0.00,10021279,10021279,0.90,,,
MDS-00057,NGP-BD-194,Standard,2025-01-23..2025-01-26,2025-02-14,0,,,,,,134441.82,20166.27,0.00,154608.09,134441.82,0,134441.82,20166.27,0,154608.09,0.00,15460809,15460809,0.90,,,
MDS-00058,NGP-HA-035,Extended Reach,2025-01-23..2025-01-26,2025-02-09,0,,,,,,87448.88,13117.33,0.00,100566.21,87448.88,0,87448.88,13117.33,0,100566.21,0.00,10056621,10056621,0.90,,,
MDS-00059,NGP-BD-018,Standard,2025-01-24..2025-01-26,2025-02-10,0,,,,,,79315.90,11897.38,0.00,91213.28,79315.90,0,79315.90,11897.38,0,91213.28,0.00,9121328,9121328,0.90,,,
MDS-00060,NGP-BD-177,Standard,2025-01-25..2025-01-27,2025-02-14,0,,,,,,58336.65,8750.50,0.00,67087.15,58336.65,0,58336.65,8750.50,0,67087.15,0.00,6708715,6708715,0.90,,,
MDS-00061,NGP-QA-070,HPHT,2025-01-25..2025-01-28,2025-02-21,0,,,,,,160206.50,24030.98,0.00,184237.48,160206.50,0,160206.50,24030.98,0,184237.48,0.00,18423748,18423748,0.90,,,
MDS-00062,NGP-WS-106,Standard,2025-01-25..2025-01-27,2025-02-11,1,qty_above_record,qty_above_record,qty_above_record=523.02,,,117030.42,17554.56,0.00,134584.98,116507.40,0,116507.40,17476.11,0,133983.51,-601.47,13398351,13458498,0.90,MDS-00062-021,,
MDS-00063,NGP-HA-052,Extended Reach,2025-01-26..2025-01-29,2025-02-19,0,,,,,,153204.85,22980.73,0.00,176185.58,153204.85,0,153204.85,22980.73,0,176185.58,0.00,17618558,17618558,0.90,,,
MDS-00064,NGP-HA-124,Extended Reach,2025-01-26..2025-01-30,2025-02-27,0,,,,,,111866.12,16779.92,0.00,128646.04,111866.12,0,111866.12,16779.92,0,128646.04,0.00,12864604,12864604,0.90,,,
MDS-00065,NGP-QA-001,HPHT,2025-01-26..2025-01-29,2025-02-11,0,,,,,,125982.02,18897.30,0.00,144879.32,125982.02,0,125982.02,18897.30,0,144879.32,0.00,14487932,14487932,0.90,,,
MDS-00066,NGP-WS-141,Standard,2025-01-26..2025-01-31,2025-03-02,0,,,,,,253286.11,37992.92,0.00,291279.03,253423.03,-136.92,253286.11,37992.92,0,291279.03,0.00,29127903,29127903,0.90,,,
MDS-00067,NGP-WS-211,Standard,2025-01-26..2025-01-29,2025-02-26,0,,,,,,88341.30,13251.20,0.00,101592.50,88341.30,0,88341.30,13251.20,0,101592.50,0.00,10159250,10159250,0.90,,,
MDS-00068,NGP-BD-018,Standard,2025-01-27..2025-01-30,2025-02-26,0,,,,,,102599.65,15389.95,0.00,117989.60,102599.65,0,102599.65,15389.95,0,117989.60,0.00,11798960,11798960,0.90,,,
MDS-00069,NGP-BD-088,HPHT,2025-01-27..2025-01-31,2025-02-15,0,,,,,,144005.20,21600.78,0.00,165605.98,144005.20,0,144005.20,21600.78,0,165605.98,0.00,16560598,16560598,0.90,,,
MDS-00070,NGP-BD-194,Standard,2025-01-27..2025-01-31,2025-03-02,0,,,,,,181315.37,27197.31,0.00,208512.68,181315.37,0,181315.37,27197.31,0,208512.68,0.00,20851268,20851268,0.90,,,
MDS-00071,NGP-HA-035,Extended Reach,2025-01-27..2025-02-01,2025-02-23,0,,,,,,134810.44,20221.57,0.00,155032.01,134810.44,0,134810.44,20221.57,0,155032.01,0.00,15503201,15503201,0.90,,,
MDS-00072,NGP-BD-177,Standard,2025-01-28..2025-02-02,2025-02-23,1,invoice_discount_omitted,invoice_discount_omitted,invoice_discount_omitted=48647.42,discount_DS900_missing,Cl 38 p.8; P11 p.11,1307552.40,196132.86,0.00,1503685.26,1307552.40,-42302.10,1265250.30,189787.54,0,1455037.84,-48647.42,145503784,150368526,0.95,,"DS-900 on billed services 1307552.40: due -42302.10, billed 0",
MDS-00073,NGP-HA-159,Extended Reach,2025-01-28..2025-02-02,2025-02-19,0,,,,,,172923.06,25938.46,0.00,198861.52,172923.06,0,172923.06,25938.46,0,198861.52,0.00,19886152,19886152,0.90,,,
MDS-00074,NGP-WS-106,Standard,2025-01-28..2025-02-01,2025-02-09,0,,,,,,185714.52,27857.18,0.00,213571.70,185714.52,0,185714.52,27857.18,0,213571.70,0.00,21357170,21357170,0.90,,,
MDS-00075,NGP-QA-070,HPHT,2025-01-29..2025-02-02,2025-02-21,0,,,,,,216029.51,32404.43,0.00,248433.94,216029.51,0,216029.51,32404.43,0,248433.94,0.00,24843394,24843394,0.90,,,
MDS-00076,NGP-HA-052,Extended Reach,2025-01-30..2025-02-02,2025-02-15,0,,,,,,163846.64,24577.00,0.00,188423.64,163846.64,0,163846.64,24577.00,0,188423.64,0.00,18842364,18842364,0.90,,,
MDS-00077,NGP-QA-001,HPHT,2025-01-30..2025-02-04,2025-02-27,0,,,,,,239723.30,35958.50,0.00,275681.80,239723.30,0,239723.30,35958.50,0,275681.80,0.00,27568180,27568180,0.90,,,
MDS-00078,NGP-WS-211,Standard,2025-01-30..2025-02-03,2025-02-08,1,standby_rate_wrong,standby_rate_wrong,standby_rate_wrong=389.83,,,118835.78,17825.37,0.00,136661.15,118445.95,0,118445.95,17766.89,0,136212.84,-448.31,13621284,13666115,0.90,MDS-00078-041,,
MDS-00079,NGP-BD-018,Standard,2025-01-31..2025-02-05,2025-02-12,0,,,,,,143459.83,21518.97,0.00,164978.80,143459.83,0,143459.83,21518.97,0,164978.80,0.00,16497880,16497880,0.90,,,
MDS-00080,NGP-HA-124,Extended Reach,2025-01-31..2025-02-05,2025-02-25,0,,,,,,181386.36,27207.95,0.00,208594.31,181386.36,0,181386.36,27207.95,0,208594.31,0.00,20859431,20859431,0.90,,,
MDS-00081,NGP-BD-088,HPHT,2025-02-01..2025-02-04,2025-02-11,0,,,,,,99164.76,14874.71,0.00,114039.47,99164.76,0,99164.76,14874.71,0,114039.47,0.00,11403947,11403947,0.90,,,
MDS-00082,NGP-BD-194,Standard,2025-02-01..2025-02-01,2025-02-19,0,,,,,,49751.21,7462.68,0.00,57213.89,49751.21,0,49751.21,7462.68,0,57213.89,0.00,5721389,5721389,0.90,,,
MDS-00083,NGP-WS-141,Standard,2025-02-01..2025-02-05,2025-02-08,0,,,,,,194827.31,29224.10,0.00,224051.41,194827.31,0,194827.31,29224.10,0,224051.41,0.00,22405141,22405141,0.90,,,
MDS-00084,NGP-HA-035,Extended Reach,2025-02-02..2025-02-06,2025-02-17,0,,,,,,139793.66,20969.05,0.00,160762.71,139793.66,0,139793.66,20969.05,0,160762.71,0.00,16076271,16076271,0.90,,,
MDS-00085,NGP-WS-106,Standard,2025-02-02..2025-02-04,2025-02-26,0,,,,,,82177.24,12326.59,0.00,94503.83,82177.24,0,82177.24,12326.59,0,94503.83,0.00,9450383,9450383,0.90,,,
MDS-00086,NGP-BD-177,Standard,2025-02-03..2025-02-08,2025-02-18,0,,,,,,155843.44,23376.52,0.00,179219.96,155843.44,0,155843.44,23376.52,0,179219.96,0.00,17921996,17921996,0.90,,,
MDS-00087,NGP-HA-052,Extended Reach,2025-02-03..2025-02-08,2025-03-09,0,,,,,,227291.64,34093.75,0.00,261385.39,227291.64,0,227291.64,34093.75,0,261385.39,0.00,26138539,26138539,0.90,,,
MDS-00088,NGP-HA-159,Extended Reach,2025-02-03..2025-02-05,2025-03-03,0,,,,,,97646.72,14647.01,0.00,112293.73,97646.72,0,97646.72,14647.01,0,112293.73,0.00,11229373,11229373,0.90,,,
MDS-00089,NGP-QA-070,HPHT,2025-02-03..2025-02-04,2025-02-18,0,,,,,,88484.61,13272.69,0.00,101757.30,88484.61,0,88484.61,13272.69,0,101757.30,0.00,10175730,10175730,0.90,,,
MDS-00090,NGP-WS-195,Standard,2025-02-03..2025-02-05,2025-02-22,0,,,,,,76762.94,11514.44,0.00,88277.38,76762.94,0,76762.94,11514.44,0,88277.38,0.00,8827738,8827738,0.90,,,
MDS-00091,NGP-WS-211,Standard,2025-02-04..2025-02-09,2025-02-21,0,,,,,,133571.86,20035.78,0.00,153607.64,133571.86,0,133571.86,20035.78,0,153607.64,0.00,15360764,15360764,0.90,,,
MDS-00092,NGP-BD-088,HPHT,2025-02-05..2025-02-07,2025-02-19,0,,,,,,104209.26,15631.39,0.00,119840.65,104209.26,0,104209.26,15631.39,0,119840.65,0.00,11984065,11984065,0.90,,,
MDS-00093,NGP-QA-001,HPHT,2025-02-05..2025-02-07,2025-03-06,0,,,,,,134953.43,20243.01,0.00,155196.44,134953.43,0,134953.43,20243.01,0,155196.44,0.00,15519644,15519644,0.90,,,
MDS-00094,NGP-WS-106,Standard,2025-02-05..2025-02-07,2025-03-09,0,,,,,,115329.74,17299.46,0.00,132629.20,115329.74,0,115329.74,17299.46,0,132629.20,0.00,13262920,13262920,0.90,,,
MDS-00095,NGP-BD-018,Standard,2025-02-06..2025-02-10,2025-02-23,0,,,,,,75690.40,11353.56,0.00,87043.96,75690.40,0,75690.40,11353.56,0,87043.96,0.00,8704396,8704396,0.90,,,
MDS-00096,NGP-HA-124,Extended Reach,2025-02-06..2025-02-11,2025-02-24,0,,,,,,166629.44,24994.42,0.00,191623.86,166629.44,0,166629.44,24994.42,0,191623.86,0.00,19162386,19162386,0.90,,,
MDS-00097,NGP-HA-159,Extended Reach,2025-02-06..2025-02-10,2025-03-12,0,,,,,,129958.23,19493.73,0.00,149451.96,129958.23,0,129958.23,19493.73,0,149451.96,0.00,14945196,14945196,0.90,,,
MDS-00098,NGP-WS-195,Standard,2025-02-06..2025-02-09,2025-02-16,0,,,,,,62028.38,9304.26,0.00,71332.64,62028.38,0,62028.38,9304.26,0,71332.64,0.00,7133264,7133264,0.90,,,
MDS-00099,NGP-BD-071,Extended Reach,2025-02-07..2025-02-12,2025-03-06,0,,,,,,123231.94,18484.79,0.00,141716.73,123231.94,0,123231.94,18484.79,0,141716.73,0.00,14171673,14171673,0.90,,,
MDS-00100,NGP-HA-035,Extended Reach,2025-02-07..2025-02-09,2025-03-07,0,,,,,,99834.50,14975.18,0.00,114809.68,99834.50,0,99834.50,14975.18,0,114809.68,0.00,11480968,11480968,0.90,,,
MDS-00101,NGP-HA-142,Standard,2025-02-08..2025-02-13,2025-03-05,0,,,,,,123556.32,18533.45,0.00,142089.77,123556.32,0,123556.32,18533.45,0,142089.77,0.00,14208977,14208977,0.90,,,
MDS-00102,NGP-QA-001,HPHT,2025-02-08..2025-02-11,2025-03-02,0,,,,,,183553.27,27532.99,0.00,211086.26,183553.27,0,183553.27,27532.99,0,211086.26,0.00,21108626,21108626,0.90,,,
MDS-00103,NGP-WS-106,Standard,2025-02-08..2025-02-10,2025-02-22,0,,,,,,127457.21,19118.58,0.00,146575.79,127457.21,0,127457.21,19118.58,0,146575.79,0.00,14657579,14657579,0.90,,,
MDS-00104,NGP-BD-177,Standard,2025-02-09..2025-02-12,2025-02-16,0,,,,,,123933.15,18589.97,0.00,142523.12,123933.15,0,123933.15,18589.97,0,142523.12,0.00,14252312,14252312,0.90,,,
MDS-00105,NGP-HA-052,Extended Reach,2025-02-09..2025-02-12,2025-02-16,0,,,,,,157006.12,23550.92,0.00,180557.04,157006.12,0,157006.12,23550.92,0,180557.04,0.00,18055704,18055704,0.90,,,
MDS-00106,NGP-WS-089,Extended Reach,2025-02-09..2025-02-11,2025-03-04,0,,,,,,80555.86,12083.38,0.00,92639.24,80555.86,0,80555.86,12083.38,0,92639.24,0.00,9263924,9263924,0.90,,,
MDS-00107,NGP-WS-195,Standard,2025-02-10..2025-02-12,2025-03-03,0,,,,,,37737.77,5660.67,0.00,43398.44,37737.77,0,37737.77,5660.67,0,43398.44,0.00,4339844,4339844,0.90,,,
MDS-00108,NGP-WS-211,Standard,2025-02-10..2025-02-12,2025-02-21,0,,,,,,54694.04,8204.11,0.00,62898.15,54694.04,0,54694.04,8204.11,0,62898.15,0.00,6289815,6289815,0.90,,,
MDS-00109,NGP-BD-018,Standard,2025-02-11..2025-02-14,2025-03-07,0,,,,,,87225.35,13083.80,0.00,100309.15,87225.35,0,87225.35,13083.80,0,100309.15,0.00,10030915,10030915,0.90,,,
MDS-00110,NGP-HA-159,Extended Reach,2025-02-11..2025-02-12,2025-03-01,0,,,,,,77624.02,11643.60,0.00,89267.62,77624.02,0,77624.02,11643.60,0,89267.62,0.00,8926762,8926762,0.90,,,
MDS-00111,NGP-HA-124,Extended Reach,2025-02-12..2025-02-17,2025-03-12,0,,,,,,160506.54,24075.98,0.00,184582.52,160506.54,0,160506.54,24075.98,0,184582.52,0.00,18458252,18458252,0.90,,,
MDS-00112,NGP-WS-089,Extended Reach,2025-02-12..2025-02-14,2025-02-22,0,,,,,,51032.73,7654.91,0.00,58687.64,51032.73,0,51032.73,7654.91,0,58687.64,0.00,5868764,5868764,0.90,,,
MDS-00113,NGP-BD-071,Extended Reach,2025-02-13..2025-02-15,2025-02-22,0,,,,,,51032.73,7654.91,0.00,58687.64,51032.73,0,51032.73,7654.91,0,58687.64,0.00,5868764,5868764,0.90,,,
MDS-00114,NGP-HA-036,Standard,2025-02-13..2025-02-16,2025-02-22,0,,,,,,97998.44,14699.77,0.00,112698.21,97998.44,0,97998.44,14699.77,0,112698.21,0.00,11269821,11269821,0.90,,,
MDS-00115,NGP-HA-052,Extended Reach,2025-02-13..2025-02-16,2025-03-11,0,,,,,,62268.12,9340.22,0.00,71608.34,62268.12,0,62268.12,9340.22,0,71608.34,0.00,7160834,7160834,0.90,,,
MDS-00116,NGP-WS-195,Standard,2025-02-13..2025-02-15,2025-03-13,0,,,,,,41327.22,6199.08,0.00,47526.30,41327.22,0,41327.22,6199.08,0,47526.30,0.00,4752630,4752630,0.90,,,
MDS-00117,NGP-WS-211,Standard,2025-02-13..2025-02-15,2025-02-21,0,,,,,,45436.98,6815.55,0.00,52252.53,45436.98,0,45436.98,6815.55,0,52252.53,0.00,5225253,5225253,0.90,,,
MDS-00118,NGP-HA-142,Standard,2025-02-14..2025-02-16,2025-03-07,0,,,,,,49673.25,7450.99,0.00,57124.24,49673.25,0,49673.25,7450.99,0,57124.24,0.00,5712424,5712424,0.90,,,
MDS-00119,NGP-QA-107,HPHT,2025-02-14..2025-02-17,2025-03-07,0,,,,,,110995.15,16649.27,0.00,127644.42,110995.15,0,110995.15,16649.27,0,127644.42,0.00,12764442,12764442,0.90,,,
MDS-00120,NGP-QA-178,Standard,2025-02-14..2025-02-19,2025-03-13,0,,,,,,130849.39,19627.41,0.00,150476.80,130849.39,0,130849.39,19627.41,0,150476.80,0.00,15047680,15047680,0.90,,,
MDS-00121,NGP-QA-002,Standard,2025-02-15..2025-02-19,2025-03-06,1,discount_early,discount_early,discount_early=230.52,,,112758.27,16913.74,0.00,129672.01,112988.79,0,112988.79,16948.32,0,129937.11,265.10,12993711,12967201,0.90,MDS-00121-043,,
MDS-00122,NGP-WS-089,Extended Reach,2025-02-15..2025-02-20,2025-02-28,0,,,,,,115454.67,17318.20,0.00,132772.87,115454.67,0,115454.67,17318.20,0,132772.87,0.00,13277287,13277287,0.90,,,
MDS-00123,NGP-BD-071,Extended Reach,2025-02-16..2025-02-20,2025-03-04,0,,,,,,115397.88,17309.68,0.00,132707.56,115397.88,0,115397.88,17309.68,0,132707.56,0.00,13270756,13270756,0.90,,,
MDS-00124,NGP-WS-195,Standard,2025-02-16..2025-02-19,2025-03-02,0,,,,,,101499.55,15224.93,0.00,116724.48,101499.55,0,101499.55,15224.93,0,116724.48,0.00,11672448,11672448,0.90,,,
MDS-00125,NGP-WS-211,Standard,2025-02-16..2025-02-19,2025-02-27,0,,,,,,87870.40,13180.56,0.00,101050.96,87870.40,0,87870.40,13180.56,0,101050.96,0.00,10105096,10105096,0.90,,,
MDS-00126,NGP-HA-036,Standard,2025-02-17..2025-02-19,2025-03-21,0,,,,,,37737.77,5660.67,0.00,43398.44,37737.77,0,37737.77,5660.67,0,43398.44,0.00,4339844,4339844,0.90,,,
MDS-00127,NGP-HA-052,Extended Reach,2025-02-17..2025-02-18,2025-03-03,0,,,,,,59423.47,8913.52,0.00,68336.99,59423.47,0,59423.47,8913.52,0,68336.99,0.00,6833699,6833699,0.90,,,
MDS-00128,NGP-HA-142,Standard,2025-02-17..2025-02-19,2025-03-14,0,,,,,,48370.40,7255.56,0.00,55625.96,48370.40,0,48370.40,7255.56,0,55625.96,0.00,5562596,5562596,0.75,,,report_ref DDR-142-20250218 is not the number of the 2025-02-19 report (Cl 19A)
MDS-00129,NGP-QA-160,Extended Reach,2025-02-17..2025-02-22,2025-03-17,0,,,,,,123721.04,18558.16,0.00,142279.20,123721.04,0,123721.04,18558.16,0,142279.20,0.00,14227920,14227920,0.90,,,
MDS-00130,NGP-HA-124,Extended Reach,2025-02-18..2025-02-22,2025-03-10,0,,,,,,97504.55,14625.68,0.00,112130.23,97504.55,0,97504.55,14625.68,0,112130.23,0.00,11213023,11213023,0.90,,,
MDS-00131,NGP-QA-107,HPHT,2025-02-18..2025-02-20,2025-02-23,0,,,,,,54644.17,8196.63,0.00,62840.80,54644.17,0,54644.17,8196.63,0,62840.80,0.00,6284080,6284080,0.90,,,
MDS-00132,NGP-HA-036,Standard,2025-02-20..2025-02-24,2025-03-20,0,,,,,,79863.50,11979.52,0.00,91843.02,79863.50,0,79863.50,11979.52,0,91843.02,0.00,9184302,9184302,0.90,,,
MDS-00133,NGP-HA-142,Standard,2025-02-20..2025-02-25,2025-03-07,0,,,,,,234214.30,35132.14,0.00,269346.44,234214.30,0,234214.30,35132.14,0,269346.44,0.00,26934644,26934644,0.90,,,
MDS-00134,NGP-QA-002,Standard,2025-02-20..2025-02-25,2025-03-20,0,,,,,,84669.60,12700.44,0.00,97370.04,84669.60,0,84669.60,12700.44,0,97370.04,0.00,9737004,9737004,0.90,,,
MDS-00135,NGP-QA-178,Standard,2025-02-20..2025-02-23,2025-02-27,0,,,,,,51849.37,7777.41,0.00,59626.78,51849.37,0,51849.37,7777.41,0,59626.78,0.00,5962678,5962678,0.90,,,
MDS-00136,NGP-WS-019,HPHT,2025-02-20..2025-02-23,2025-03-10,0,,,,,,96488.58,14473.29,0.00,110961.87,96488.58,0,96488.58,14473.29,0,110961.87,0.00,11096187,11096187,0.90,,,
MDS-00137,NGP-WS-195,Standard,2025-02-20..2025-02-24,2025-03-24,0,,,,,,132865.55,19929.83,0.00,152795.38,132865.55,0,132865.55,19929.83,0,152795.38,0.00,15279538,15279538,0.90,,,
MDS-00138,NGP-BD-071,Extended Reach,2025-02-21..2025-02-23,2025-03-02,0,,,,,,102760.38,15414.06,0.00,118174.44,102760.38,0,102760.38,15414.06,0,118174.44,0.00,11817444,11817444,0.90,,,
MDS-00139,NGP-QA-053,Standard,2025-02-21..2025-02-24,2025-03-23,0,,,,,,98262.99,14739.45,0.00,113002.44,98262.99,0,98262.99,14739.45,0,113002.44,0.00,11300244,11300244,0.90,,,
MDS-00140,NGP-QA-107,HPHT,2025-02-21..2025-02-23,2025-03-25,0,,,,,,49751.87,7462.78,0.00,57214.65,49751.87,0,49751.87,7462.78,0,57214.65,0.00,5721465,5721465,0.90,,,
MDS-00141,NGP-WS-089,Extended Reach,2025-02-21..2025-02-26,2025-03-22,0,,,,,,116483.53,17472.53,0.00,133956.06,116483.53,0,116483.53,17472.53,0,133956.06,0.00,13395606,13395606,0.90,,,
MDS-00142,NGP-HA-124,Extended Reach,2025-02-23..2025-02-26,2025-03-06,0,,,,,,64922.37,9738.36,0.00,74660.73,64922.37,0,64922.37,9738.36,0,74660.73,0.00,7466073,7466073,0.90,,,
MDS-00143,NGP-QA-160,Extended Reach,2025-02-23..2025-02-27,2025-03-27,0,,,,,,75359.95,11303.99,0.00,86663.94,75359.95,0,75359.95,11303.99,0,86663.94,0.00,8666394,8666394,0.90,,,
MDS-00144,NGP-WS-212,Standard,2025-02-23..2025-02-28,2025-03-16,0,,,,,,128932.34,19339.85,0.00,148272.19,128932.34,0,128932.34,19339.85,0,148272.19,0.00,14827219,14827219,0.90,,,
MDS-00145,NGP-BD-071,Extended Reach,2025-02-24..2025-03-01,2025-03-18,0,,,,,,215659.30,32348.90,0.00,248008.20,215659.30,0,215659.30,32348.90,0,248008.20,0.00,24800820,24800820,0.90,,,
MDS-00146,NGP-QA-107,HPHT,2025-02-24..2025-02-26,2025-03-12,0,,,,,,91414.34,13712.15,0.00,105126.49,91414.34,0,91414.34,13712.15,0,105126.49,0.00,10512649,10512649,0.90,,,
MDS-00147,NGP-QA-178,Standard,2025-02-24..2025-02-27,2025-03-26,0,,,,,,83410.80,12511.62,0.00,95922.42,83410.80,0,83410.80,12511.62,0,95922.42,0.00,9592242,9592242,0.90,,,
MDS-00148,NGP-WS-019,HPHT,2025-02-24..2025-02-27,2025-03-19,0,,,,,,63402.21,9510.33,0.00,72912.54,63402.21,0,63402.21,9510.33,0,72912.54,0.00,7291254,7291254,0.90,,,
MDS-00149,NGP-HA-036,Standard,2025-02-25..2025-02-27,2025-03-27,0,,,,,,56090.25,8413.54,0.00,64503.79,56090.25,0,56090.25,8413.54,0,64503.79,0.00,6450379,6450379,0.90,,,
MDS-00150,NGP-QA-053,Standard,2025-02-25..2025-02-27,2025-03-18,0,,,,,,49673.25,7450.99,0.00,57124.24,49673.25,0,49673.25,7450.99,0,57124.24,0.00,5712424,5712424,0.90,,,
MDS-00151,NGP-WS-195,Standard,2025-02-25..2025-03-01,2025-03-12,0,,,,,,132340.33,19851.05,0.00,152191.38,132340.33,0,132340.33,19851.05,0,152191.38,0.00,15219138,15219138,0.90,,,
MDS-00152,NGP-HA-142,Standard,2025-02-26..2025-03-03,2025-03-20,0,,,,,,219851.41,32977.71,0.00,252829.12,219851.41,0,219851.41,32977.71,0,252829.12,0.00,25282912,25282912,0.90,,,
MDS-00153,NGP-QA-002,Standard,2025-02-26..2025-03-03,2025-03-10,0,,,,,,223205.74,33480.86,0.00,256686.60,223205.74,0,223205.74,33480.86,0,256686.60,0.00,25668660,25668660,0.90,,,
MDS-00154,NGP-HA-124,Extended Reach,2025-02-27..2025-03-01,2025-03-27,0,,,,,,73879.85,11081.98,0.00,84961.83,73879.85,0,73879.85,11081.98,0,84961.83,0.00,8496183,8496183,0.90,,,
MDS-00155,NGP-QA-107,HPHT,2025-02-27..2025-03-01,2025-03-31,0,,,,,,89410.47,13411.57,0.00,102822.04,89410.47,0,89410.47,13411.57,0,102822.04,0.00,10282204,10282204,0.90,,,
MDS-00156,NGP-WS-089,Extended Reach,2025-02-27..2025-03-01,2025-03-31,0,,,,,,66061.37,9909.21,0.00,75970.58,66061.37,0,66061.37,9909.21,0,75970.58,0.00,7597058,7597058,0.90,,,
MDS-00157,NGP-HA-036,Standard,2025-02-28..2025-03-02,2025-03-30,0,,,,,,60360.46,9054.07,0.00,69414.53,60360.46,0,60360.46,9054.07,0,69414.53,0.00,6941453,6941453,0.90,,,
MDS-00158,NGP-QA-053,Standard,2025-02-28..2025-03-02,2025-03-18,0,,,,,,49723.01,7458.45,0.00,57181.46,49723.01,0,49723.01,7458.45,0,57181.46,0.00,5718146,5718146,0.90,,,
MDS-00159,NGP-QA-160,Extended Reach,2025-02-28..2025-03-05,2025-03-26,0,,,,,,173491.27,26023.69,0.00,199514.96,173491.27,0,173491.27,26023.69,0,199514.96,0.00,19951496,19951496,0.90,,,
MDS-00160,NGP-QA-178,Standard,2025-02-28..2025-03-04,2025-03-17,0,,,,,,153916.33,23087.45,0.00,177003.78,153916.33,0,153916.33,23087.45,0,177003.78,0.00,17700378,17700378,0.90,,,
MDS-00161,NGP-WS-019,HPHT,2025-02-28..2025-03-03,2025-03-24,0,,,,,,70865.44,10629.82,0.00,81495.26,70865.44,0,70865.44,10629.82,0,81495.26,0.00,8149526,8149526,0.90,,,
MDS-00162,NGP-WS-212,Standard,2025-03-01..2025-03-04,2025-03-12,0,,,,,,61769.75,9265.46,0.00,71035.21,61769.75,0,61769.75,9265.46,0,71035.21,0.00,7103521,7103521,0.90,,,
MDS-00163,NGP-BD-071,Extended Reach,2025-03-02..2025-03-06,2025-03-27,0,,,,,,195530.58,29329.59,0.00,224860.17,195530.58,0,195530.58,29329.59,0,224860.17,0.00,22486017,22486017,0.90,,,
MDS-00164,NGP-QA-107,HPHT,2025-03-02..2025-03-06,2025-03-17,1,line_outside_period,line_outside_period,line_outside_period=2094.85,,,191715.60,28757.34,0.00,220472.94,189620.75,0,189620.75,28443.11,0,218063.86,-2409.08,21806386,22047294,0.85,MDS-00164-050,,report_ref DDR-107-20250305 is not the number of the 2025-04-04 report (Cl 19A)
MDS-00165,NGP-WS-089,Extended Reach,2025-03-02..2025-03-07,2025-03-28,0,,,,,,172325.49,25848.82,0.00,198174.31,172325.49,0,172325.49,25848.82,0,198174.31,0.00,19817431,19817431,0.90,,,
MDS-00166,NGP-WS-195,Standard,2025-03-02..2025-03-05,2025-03-26,0,,,,,,112044.69,16806.70,0.00,128851.39,112044.69,0,112044.69,16806.70,0,128851.39,0.00,12885139,12885139,0.90,,,
MDS-00167,NGP-HA-036,Standard,2025-03-03..2025-03-07,2025-03-15,0,,,,,,107326.09,16098.91,0.00,123425.00,107326.09,0,107326.09,16098.91,0,123425.00,0.00,12342500,12342500,0.90,,,
MDS-00168,NGP-QA-053,Standard,2025-03-03..2025-03-08,2025-03-15,0,,,,,,106909.88,16036.48,0.00,122946.36,106909.88,0,106909.88,16036.48,0,122946.36,0.00,12294636,12294636,0.90,,,
MDS-00169,NGP-HA-125,Standard,2025-03-04..2025-03-08,2025-03-20,0,,,,,,106065.48,15909.82,0.00,121975.30,106065.48,0,106065.48,15909.82,0,121975.30,0.00,12197530,12197530,0.90,,,
MDS-00170,NGP-HA-142,Standard,2025-03-04..2025-03-06,2025-03-10,0,,,,,,115003.86,17250.58,0.00,132254.44,115003.86,0,115003.86,17250.58,0,132254.44,0.00,13225444,13225444,0.90,,,
MDS-00171,NGP-QA-002,Standard,2025-03-04..2025-03-08,2025-03-16,0,,,,,,184101.27,27615.19,0.00,211716.46,184101.27,0,184101.27,27615.19,0,211716.46,0.00,21171646,21171646,0.90,,,
MDS-00172,NGP-WS-019,HPHT,2025-03-04..2025-03-07,2025-03-16,0,,,,,,188489.68,28273.45,0.00,216763.13,188489.68,0,188489.68,28273.45,0,216763.13,0.00,21676313,21676313,0.90,,,
MDS-00173,NGP-QA-178,Standard,2025-03-05..2025-03-08,2025-03-25,0,,,,,,136730.96,20509.64,0.00,157240.60,136730.96,0,136730.96,20509.64,0,157240.60,0.00,15724060,15724060,0.90,,,
MDS-00174,NGP-WS-212,Standard,2025-03-05..2025-03-09,2025-03-12,0,,,,,,141207.00,21181.05,0.00,162388.05,141207.00,0,141207.00,21181.05,0,162388.05,0.00,16238805,16238805,0.90,,,
MDS-00175,NGP-QA-160,Extended Reach,2025-03-06..2025-03-08,2025-03-17,0,,,,,,71808.01,10771.20,0.00,82579.21,71808.01,0,71808.01,10771.20,0,82579.21,0.00,8257921,8257921,0.90,,,
MDS-00176,NGP-WS-195,Standard,2025-03-06..2025-03-08,2025-03-28,0,,,,,,77925.71,11688.86,0.00,89614.57,77925.71,0,77925.71,11688.86,0,89614.57,0.00,8961457,8961457,0.90,,,
MDS-00177,NGP-BD-071,Extended Reach,2025-03-07..2025-03-09,2025-04-04,0,,,,,,102860.55,15429.08,0.00,118289.63,102860.55,0,102860.55,15429.08,0,118289.63,0.00,11828963,11828963,0.90,,,
MDS-00178,NGP-HA-142,Standard,2025-03-07..2025-03-09,2025-03-28,0,,,,,,110516.69,16577.50,0.00,127094.19,110516.69,0,110516.69,16577.50,0,127094.19,0.00,12709419,12709419,0.90,,,
MDS-00179,NGP-QA-107,HPHT,2025-03-07..2025-03-10,2025-04-03,0,,,,,,171880.32,25782.05,0.00,197662.37,171880.32,0,171880.32,25782.05,0,197662.37,0.00,19766237,19766237,0.90,,,
MDS-00180,NGP-HA-036,Standard,2025-03-08..2025-03-13,2025-03-25,0,,,,,,181021.46,27153.22,0.00,208174.68,181021.46,0,181021.46,27153.22,0,208174.68,0.00,20817468,20817468,0.90,,,
MDS-00181,NGP-WS-019,HPHT,2025-03-08..2025-03-12,2025-03-22,0,,,,,,230906.51,34635.98,0.00,265542.49,230906.51,0,230906.51,34635.98,0,265542.49,0.00,26554249,26554249,0.90,,,
MDS-00182,NGP-WS-089,Extended Reach,2025-03-08..2025-03-10,2025-03-18,0,,,,,,102078.50,15311.78,0.00,117390.28,102078.50,0,102078.50,15311.78,0,117390.28,0.00,11739028,11739028,0.90,,,
MDS-00183,NGP-HA-125,Standard,2025-03-09..2025-03-13,2025-03-19,0,,,,,,73128.55,10969.28,0.00,84097.83,73128.55,0,73128.55,10969.28,0,84097.83,0.00,8409783,8409783,0.90,,,
MDS-00184,NGP-QA-002,Standard,2025-03-09..2025-03-11,2025-03-17,0,,,,,,100369.81,15055.47,0.00,115425.28,100369.81,0,100369.81,15055.47,0,115425.28,0.00,11542528,11542528,0.90,,,
MDS-00185,NGP-QA-053,Standard,2025-03-09..2025-03-14,2025-03-26,0,,,,,,123817.98,18572.70,0.00,142390.68,123817.98,0,123817.98,18572.70,0,142390.68,0.00,14239068,14239068,0.90,,,
MDS-00186,NGP-QA-160,Extended Reach,2025-03-09..2025-03-14,2025-04-04,0,,,,,,164260.32,24639.05,0.00,188899.37,164260.32,0,164260.32,24639.05,0,188899.37,0.00,18889937,18889937,0.90,,,
MDS-00187,NGP-QA-178,Standard,2025-03-09..2025-03-12,2025-03-20,0,,,,,,120716.07,18107.41,0.00,138823.48,120716.07,0,120716.07,18107.41,0,138823.48,0.00,13882348,13882348,0.90,,,
MDS-00188,NGP-WS-195,Standard,2025-03-09..2025-03-11,2025-03-14,0,,,,,,61433.27,9214.99,0.00,70648.26,61433.27,0,61433.27,9214.99,0,70648.26,0.00,7064826,7064826,0.90,,,
MDS-00189,NGP-BD-071,Extended Reach,2025-03-10..2025-03-11,2025-03-30,0,,,,,,77413.18,11611.98,0.00,89025.16,77413.18,0,77413.18,11611.98,0,89025.16,0.00,8902516,8902516,0.90,,,
MDS-00190,NGP-WS-212,Standard,2025-03-10..2025-03-12,2025-03-28,0,,,,,,76866.49,11529.97,0.00,88396.46,76866.49,0,76866.49,11529.97,0,88396.46,0.00,8839646,8839646,0.90,,,
MDS-00191,NGP-QA-107,HPHT,2025-03-11..2025-03-16,2025-04-05,0,,,,,,226367.15,33955.07,0.00,260322.22,226367.15,0,226367.15,33955.07,0,260322.22,0.00,26032222,26032222,0.90,,,
MDS-00192,NGP-WS-089,Extended Reach,2025-03-11..2025-03-15,2025-04-03,0,,,,,,167486.44,25122.97,0.00,192609.41,167486.44,0,167486.44,25122.97,0,192609.41,0.00,19260941,19260941,0.90,,,
MDS-00193,NGP-QA-002,Standard,2025-03-12..2025-03-14,2025-03-31,0,,,,,,142640.23,21396.03,0.00,164036.26,142640.23,0,142640.23,21396.03,0,164036.26,0.00,16403626,16403626,0.90,,,
MDS-00194,NGP-WS-143,Standard,2025-03-12..2025-03-15,2025-04-10,0,,,,,,100902.97,15135.45,0.00,116038.42,100902.97,0,100902.97,15135.45,0,116038.42,0.00,11603842,11603842,0.90,,,
MDS-00195,NGP-WS-195,Standard,2025-03-12..2025-03-17,2025-04-07,0,,,,,,92402.81,13860.42,0.00,106263.23,92402.81,0,92402.81,13860.42,0,106263.23,0.00,10626323,10626323,0.90,,,
MDS-00196,NGP-QA-178,Standard,2025-03-13..2025-03-18,2025-04-05,0,,,,,,240741.52,36111.23,0.00,276852.75,240741.52,0,240741.52,36111.23,0,276852.75,0.00,27685275,27685275,0.90,,,
MDS-00197,NGP-WS-019,HPHT,2025-03-13..2025-03-16,2025-04-10,0,,,,,,172865.95,25929.89,0.00,198795.84,172865.95,0,172865.95,25929.89,0,198795.84,0.00,19879584,19879584,0.90,,,
MDS-00198,NGP-WS-212,Standard,2025-03-13..2025-03-18,2025-04-11,0,,,,,,159225.32,23883.80,0.00,183109.12,159225.32,0,159225.32,23883.80,0,183109.12,0.00,18310912,18310912,0.90,,,
MDS-00199,NGP-HA-036,Standard,2025-03-14..2025-03-17,2025-05-07,1,submitted_late,submitted_late,submitted_late=0.00,submitted_over_30_days,Cl 33 p.8 (30 days),112353.57,16853.04,0.00,129206.61,112353.57,0,112353.57,16853.04,0,129206.61,0.00,12920661,12920661,0.80,,submitted 51 days after the period ended,
MDS-00200,NGP-HA-125,Standard,2025-03-14..2025-03-17,2025-03-21,0,,,,,,78834.47,11825.17,0.00,90659.64,78834.47,0,78834.47,11825.17,0,90659.64,0.00,9065964,9065964,0.90,,,
MDS-00201,NGP-QA-002,Standard,2025-03-15..2025-03-19,2025-04-06,0,,,,,,230073.27,34510.99,0.00,264584.26,230073.27,0,230073.27,34510.99,0,264584.26,0.00,26458426,26458426,0.90,,,
MDS-00202,NGP-QA-053,Standard,2025-03-15..2025-03-17,2025-04-03,0,,,,,,70087.46,10513.12,0.00,80600.58,70087.46,0,70087.46,10513.12,0,80600.58,0.00,8060058,8060058,0.90,,,
MDS-00203,NGP-QA-160,Extended Reach,2025-03-15..2025-03-18,2025-04-08,0,,,,,,122732.91,18409.94,0.00,141142.85,122732.91,0,122732.91,18409.94,0,141142.85,0.00,14114285,14114285,0.90,,,
MDS-00204,NGP-WS-143,Standard,2025-03-16..2025-03-19,2025-04-07,1,index_or_fx_month_wrong,index_or_fx_month_wrong,index_or_fx_month_wrong=343.22,,,57170.67,8575.60,0.00,65746.27,56827.45,0,56827.45,8524.12,0,65351.57,-394.70,6535157,6574627,0.90,MDS-00204-007,,
MDS-00205,NGP-BD-090,Standard,2025-03-17..2025-03-20,2025-04-02,0,,,,,,97842.62,14676.39,0.00,112519.01,97842.62,0,97842.62,14676.39,0,112519.01,0.00,11251901,11251901,0.90,,,
MDS-00206,NGP-QA-072,Standard,2025-03-17..2025-03-22,2025-03-27,0,,,,,,120429.63,18064.44,0.00,138494.07,120429.63,0,120429.63,18064.44,0,138494.07,0.00,13849407,13849407,0.90,,,
MDS-00207,NGP-QA-107,HPHT,2025-03-17..2025-03-19,2025-04-05,0,,,,,,61435.94,9215.39,0.00,70651.33,61435.94,0,61435.94,9215.39,0,70651.33,0.00,7065133,7065133,0.90,,,
MDS-00208,NGP-WS-019,HPHT,2025-03-17..2025-03-22,2025-04-09,0,,,,,,264344.49,39651.67,0.00,303996.16,264942.18,-597.69,264344.49,39651.67,0,303996.16,0.00,30399616,30399616,0.90,,,
MDS-00209,NGP-HA-036,Standard,2025-03-18..2025-03-23,2025-04-03,0,,,,,,122896.06,18434.41,0.00,141330.47,122896.06,0,122896.06,18434.41,0,141330.47,0.00,14133047,14133047,0.90,,,
MDS-00210,NGP-HA-125,Standard,2025-03-18..2025-03-20,2025-04-15,0,,,,,,50136.21,7520.43,0.00,57656.64,50136.21,0,50136.21,7520.43,0,57656.64,0.00,5765664,5765664,0.90,,,
MDS-00211,NGP-QA-053,Standard,2025-03-18..2025-03-20,2025-04-06,0,,,,,,72262.85,10839.43,0.00,83102.28,72262.85,0,72262.85,10839.43,0,83102.28,0.00,8310228,8310228,0.90,,,
MDS-00212,NGP-WS-195,Standard,2025-03-18..2025-03-21,2025-04-14,0,,,,,,88327.24,13249.09,0.00,101576.33,88327.24,0,88327.24,13249.09,0,101576.33,0.00,10157633,10157633,0.90,,,
MDS-00213,NGP-QA-160,Extended Reach,2025-03-19..2025-03-23,2025-03-29,0,,,,,,97393.26,14608.99,0.00,112002.25,97393.26,0,97393.26,14608.99,0,112002.25,0.00,11200225,11200225,0.90,,,
MDS-00214,NGP-QA-178,Standard,2025-03-19..2025-03-19,2025-04-02,1,index_or_fx_month_wrong,index_or_fx_month_wrong,index_or_fx_month_wrong=16.97,,,47642.22,7146.33,0.00,54788.55,47625.25,0,47625.25,7143.79,0,54769.04,-19.51,5476904,5478855,0.90,MDS-00214-011,,
MDS-00215,NGP-WS-212,Standard,2025-03-19..2025-03-21,2025-03-28,1,class_factor_wrong,class_factor_wrong,class_factor_wrong=419.04,,,76708.29,11506.24,0.00,88214.53,76289.25,0,76289.25,11443.39,0,87732.64,-481.89,8773264,8821453,0.90,MDS-00215-020,,
MDS-00216,NGP-QA-107,HPHT,2025-03-20..2025-03-23,2025-04-02,0,,,,,,58292.16,8743.82,0.00,67035.98,58292.16,0,58292.16,8743.82,0,67035.98,0.00,6703598,6703598,0.90,,,
MDS-00217,NGP-WS-143,Standard,2025-03-20..2025-03-22,2025-03-28,0,,,,,,47301.74,7095.26,0.00,54397.00,47301.74,0,47301.74,7095.26,0,54397.00,0.00,5439700,5439700,0.90,,,
MDS-00218,NGP-BD-090,Standard,2025-03-21..2025-03-26,2025-04-19,0,,,,,,82654.26,12398.14,0.00,95052.40,82654.26,0,82654.26,12398.14,0,95052.40,0.00,9505240,9505240,0.90,,,
MDS-00219,NGP-HA-125,Standard,2025-03-21..2025-03-26,2025-04-05,0,,,,,,117308.13,17596.22,0.00,134904.35,117308.13,0,117308.13,17596.22,0,134904.35,0.00,13490435,13490435,0.90,,,
MDS-00220,NGP-QA-053,Standard,2025-03-21..2025-03-22,2025-04-10,0,,,,,,65480.11,9822.02,0.00,75302.13,65480.11,0,65480.11,9822.02,0,75302.13,0.00,7530213,7530213,0.90,,,
MDS-00221,NGP-HA-179,HPHT,2025-03-22..2025-03-25,2025-04-04,0,,,,,,101613.55,15242.03,0.00,116855.58,101613.55,0,101613.55,15242.03,0,116855.58,0.00,11685558,11685558,0.90,,,
MDS-00222,NGP-WS-003,Standard,2025-03-22..2025-03-27,2025-04-15,0,,,,,,115602.76,17340.41,0.00,132943.17,115602.76,0,115602.76,17340.41,0,132943.17,0.00,13294317,13294317,0.90,,,
MDS-00223,NGP-WS-212,Standard,2025-03-22..2025-03-24,2025-04-11,0,,,,,,76009.21,11401.38,0.00,87410.59,76009.21,0,76009.21,11401.38,0,87410.59,0.00,8741059,8741059,0.90,,,
MDS-00224,NGP-QA-072,Standard,2025-03-23..2025-03-25,2025-04-17,0,,,,,,42409.44,6361.42,0.00,48770.86,42409.44,0,42409.44,6361.42,0,48770.86,0.00,4877086,4877086,0.90,,,
MDS-00225,NGP-WS-019,HPHT,2025-03-23..2025-03-26,2025-04-18,0,,,,,,80476.81,12071.52,0.00,92548.33,80476.81,0,80476.81,12071.52,0,92548.33,0.00,9254833,9254833,0.90,,,
MDS-00226,NGP-WS-143,Standard,2025-03-23..2025-03-26,2025-04-06,0,,,,,,143095.82,21464.37,0.00,164560.19,143095.82,0,143095.82,21464.37,0,164560.19,0.00,16456019,16456019,0.90,,,
MDS-00227,NGP-WS-196,HPHT,2025-03-23..2025-03-26,2025-04-22,0,,,,,,101613.55,15242.03,0.00,116855.58,101613.55,0,101613.55,15242.03,0,116855.58,0.00,11685558,11685558,0.90,,,
MDS-00228,NGP-HA-036,Standard,2025-03-24..2025-03-28,2025-04-15,0,,,,,,75291.17,11293.68,0.00,86584.85,75291.17,0,75291.17,11293.68,0,86584.85,0.00,8658485,8658485,0.90,,,
MDS-00229,NGP-QA-054,HPHT,2025-03-24..2025-03-28,2025-04-06,0,,,,,,119923.20,17988.48,0.00,137911.68,119923.20,0,119923.20,17988.48,0,137911.68,0.00,13791168,13791168,0.90,,,
MDS-00230,NGP-QA-107,HPHT,2025-03-24..2025-03-28,2025-04-09,0,,,,,,79429.85,11914.48,0.00,91344.33,79429.85,0,79429.85,11914.48,0,91344.33,0.00,9134433,9134433,0.90,,,
MDS-00231,NGP-QA-160,Extended Reach,2025-03-24..2025-03-27,2025-04-19,0,,,,,,60317.38,9047.61,0.00,69364.99,60317.38,0,60317.38,9047.61,0,69364.99,0.00,6936499,6936499,0.90,,,
MDS-00232,NGP-WS-212,Standard,2025-03-25..2025-03-27,2025-04-13,0,,,,,,1091370.63,163705.59,0.00,1255076.22,1126427.74,-35057.11,1091370.63,163705.59,0,1255076.22,0.00,125507622,125507622,0.90,,,
MDS-00233,NGP-HA-179,HPHT,2025-03-26..2025-03-31,2025-04-26,0,,,,,,99693.10,14953.96,0.00,114647.06,99693.10,0,99693.10,14953.96,0,114647.06,0.00,11464706,11464706,0.90,,,
MDS-00234,NGP-QA-072,Standard,2025-03-26..2025-03-30,2025-04-03,0,,,,,,89190.00,13378.50,0.00,102568.50,89190.00,0,89190.00,13378.50,0,102568.50,0.00,10256850,10256850,0.90,,,
MDS-00235,NGP-BD-090,Standard,2025-03-27..2025-03-31,2025-04-08,0,,,,,,100696.80,15104.52,0.00,115801.32,100696.80,0,100696.80,15104.52,0,115801.32,0.00,11580132,11580132,0.90,,,
MDS-00236,NGP-HA-125,Standard,2025-03-27..2025-03-31,2025-04-09,0,,,,,,117238.08,17585.71,0.00,134823.79,117238.08,0,117238.08,17585.71,0,134823.79,0.00,13482379,13482379,0.90,,,
MDS-00237,NGP-WS-019,HPHT,2025-03-27..2025-03-31,2025-04-19,0,,,,,,83335.77,12500.37,0.00,95836.14,83335.77,0,83335.77,12500.37,0,95836.14,0.00,9583614,9583614,0.90,,,
MDS-00238,NGP-WS-143,Standard,2025-03-27..2025-03-30,2025-04-26,0,,,,,,177398.07,26609.71,0.00,204007.78,177398.07,0,177398.07,26609.71,0,204007.78,0.00,20400778,20400778,0.90,,,
MDS-00239,NGP-WS-196,HPHT,2025-03-27..2025-03-29,2025-04-20,0,,,,,,52133.15,7819.97,0.00,59953.12,52133.15,0,52133.15,7819.97,0,59953.12,0.00,5995312,5995312,0.90,,,
MDS-00240,NGP-QA-160,Extended Reach,2025-03-28..2025-03-31,2025-04-05,0,,,,,,89247.96,13387.19,0.00,102635.15,89247.96,0,89247.96,13387.19,0,102635.15,0.00,10263515,10263515,0.90,,,
MDS-00241,NGP-WS-003,Standard,2025-03-28..2025-04-02,2025-04-24,0,,,,,,99595.56,14939.33,0.00,114534.89,99595.56,0,99595.56,14939.33,0,114534.89,0.00,11453489,11453489,0.90,,,
MDS-00242,NGP-WS-212,Standard,2025-03-28..2025-03-30,2025-04-07,0,,,,,,45679.53,6851.93,0.00,52531.46,45679.53,0,45679.53,6851.93,0,52531.46,0.00,5253146,5253146,0.90,,,
MDS-00243,NGP-HA-036,Standard,2025-03-29..2025-03-29,2025-04-13,0,,,,,,42885.69,6432.85,0.00,49318.54,42885.69,0,42885.69,6432.85,0,49318.54,0.00,4931854,4931854,0.90,,,
MDS-00244,NGP-QA-054,HPHT,2025-03-29..2025-04-01,2025-04-14,0,,,,,,67309.03,10096.35,0.00,77405.38,67309.03,0,67309.03,10096.35,0,77405.38,0.00,7740538,7740538,0.90,,,
MDS-00245,NGP-QA-107,HPHT,2025-03-29..2025-03-29,2025-04-02,0,,,,,,43805.89,6570.88,0.00,50376.77,43805.89,0,43805.89,6570.88,0,50376.77,0.00,5037677,5037677,0.90,,,
MDS-00246,NGP-WS-196,HPHT,2025-03-30..2025-04-01,2025-04-09,0,,,,,,44985.83,6747.87,0.00,51733.70,44985.83,0,44985.83,6747.87,0,51733.70,0.00,5173370,5173370,0.90,,,
MDS-00247,NGP-QA-072,Standard,2025-03-31..2025-04-03,2025-04-09,0,,,,,,108334.06,16250.11,0.00,124584.17,108334.06,0,108334.06,16250.11,0,124584.17,0.00,12458417,12458417,0.90,,,
MDS-00248,NGP-WS-143,Standard,2025-03-31..2025-04-03,2025-04-10,0,,,,,,165937.41,24890.61,0.00,190828.02,165937.41,0,165937.41,24890.61,0,190828.02,0.00,19082802,19082802,0.90,,,
MDS-00249,NGP-WS-212,Standard,2025-03-31..2025-04-03,2025-04-21,0,,,,,,87881.54,13182.23,0.00,101063.77,87881.54,0,87881.54,13182.23,0,101063.77,0.00,10106377,10106377,0.90,,,
MDS-00250,NGP-BD-090,Standard,2025-04-01..2025-04-05,2025-04-16,0,,,,,,119909.61,17986.44,0.00,137896.05,119909.61,0,119909.61,17986.44,0,137896.05,0.00,13789605,13789605,0.90,,,
MDS-00251,NGP-HA-108,Standard,2025-04-01..2025-04-05,2025-04-11,0,,,,,,251732.25,37759.84,0.00,289492.09,251804.43,-72.18,251732.25,37759.84,0,289492.09,0.00,28949209,28949209,0.90,,,
MDS-00252,NGP-HA-125,Standard,2025-04-01..2025-04-03,2025-04-29,0,,,,,,114596.08,17189.41,0.00,131785.49,114596.08,0,114596.08,17189.41,0,131785.49,0.00,13178549,13178549,0.90,,,
MDS-00253,NGP-HA-179,HPHT,2025-04-01..2025-04-06,2025-04-13,0,,,,,,177635.47,26645.32,0.00,204280.79,177635.47,0,177635.47,26645.32,0,204280.79,0.00,20428079,20428079,0.90,,,
MDS-00254,NGP-WS-019,HPHT,2025-04-01..2025-04-03,2025-04-25,0,,,,,,75171.76,11275.76,0.00,86447.52,75171.76,0,75171.76,11275.76,0,86447.52,0.00,8644752,8644752,0.90,,,
MDS-00255,NGP-BD-037,Standard,2025-04-02..2025-04-04,2025-04-09,0,,,,,,78368.53,11755.28,0.00,90123.81,78368.53,0,78368.53,11755.28,0,90123.81,0.00,9012381,9012381,0.90,,,
MDS-00256,NGP-QA-054,HPHT,2025-04-02..2025-04-07,2025-04-13,0,,,,,,163430.51,24514.58,0.00,187945.09,163430.51,0,163430.51,24514.58,0,187945.09,0.00,18794509,18794509,0.90,,,
MDS-00257,NGP-WS-196,HPHT,2025-04-02..2025-04-05,2025-04-26,0,,,,,,93729.75,14059.46,0.00,107789.21,93729.75,0,93729.75,14059.46,0,107789.21,0.00,10778921,10778921,0.90,,,
MDS-00258,NGP-WS-003,Standard,2025-04-03..2025-04-05,2025-04-09,0,,,,,,55455.63,8318.34,0.00,63773.97,55455.63,0,55455.63,8318.34,0,63773.97,0.00,6377397,6377397,0.90,,,
MDS-00259,NGP-QA-072,Standard,2025-04-04..2025-04-09,2025-05-08,0,,,,,,152105.76,22815.86,0.00,174921.62,152105.76,0,152105.76,22815.86,0,174921.62,0.00,17492162,17492162,0.90,,,
MDS-00260,NGP-WS-143,Standard,2025-04-04..2025-04-07,2025-04-18,0,,,,,,153258.72,22988.81,0.00,176247.53,153258.72,0,153258.72,22988.81,0,176247.53,0.00,17624753,17624753,0.90,,,
MDS-00261,NGP-BD-037,Standard,2025-04-05..2025-04-07,2025-04-17,0,,,,,,42484.11,6372.62,0.00,48856.73,42484.11,0,42484.11,6372.62,0,48856.73,0.00,4885673,4885673,0.90,,,
MDS-00262,NGP-WS-161,Standard,2025-04-05..2025-04-10,2025-04-25,0,,,,,,130372.69,19555.90,0.00,149928.59,130372.69,0,130372.69,19555.90,0,149928.59,0.00,14992859,14992859,0.90,,,
MDS-00263,NGP-BD-090,Standard,2025-04-06..2025-04-09,2025-04-28,0,,,,,,112429.24,16864.39,0.00,129293.63,112429.24,0,112429.24,16864.39,0,129293.63,0.00,12929363,12929363,0.90,,,
MDS-00264,NGP-HA-108,Standard,2025-04-06..2025-04-11,2025-05-06,0,,,,,,104624.71,15693.71,0.00,120318.42,104624.71,0,104624.71,15693.71,0,120318.42,0.00,12031842,12031842,0.90,,,
MDS-00265,NGP-HA-213,HPHT,2025-04-06..2025-04-08,2025-04-15,0,,,,,,84554.00,12683.10,0.00,97237.10,84554.00,0,84554.00,12683.10,0,97237.10,0.00,9723710,9723710,0.90,,,
MDS-00266,NGP-WS-003,Standard,2025-04-06..2025-04-10,2025-05-02,0,,,,,,96395.60,14459.34,0.00,110854.94,96395.60,0,96395.60,14459.34,0,110854.94,0.00,11085494,11085494,0.90,,,
MDS-00267,NGP-WS-196,HPHT,2025-04-06..2025-04-09,2025-05-08,0,,,,,,94590.96,14188.64,0.00,108779.60,94590.96,0,94590.96,14188.64,0,108779.60,0.00,10877960,10877960,0.90,,,
MDS-00268,NGP-HA-179,HPHT,2025-04-07..2025-04-09,2025-05-06,0,,,,,,140451.27,21067.69,0.00,161518.96,140451.27,0,140451.27,21067.69,0,161518.96,0.00,16151896,16151896,0.90,,,
MDS-00269,NGP-WS-126,Standard,2025-04-07..2025-04-12,2025-04-15,0,,,,,,125500.29,18825.04,0.00,144325.33,125500.29,0,125500.29,18825.04,0,144325.33,0.00,14432533,14432533,0.90,,,
MDS-00270,NGP-BD-020,HPHT,2025-04-08..2025-04-10,2025-05-05,0,,,,,,81843.30,12276.50,0.00,94119.80,81843.30,0,81843.30,12276.50,0,94119.80,0.00,9411980,9411980,0.90,,,
MDS-00271,NGP-BD-037,Standard,2025-04-08..2025-04-10,2025-04-23,0,,,,,,49822.56,7473.38,0.00,57295.94,49822.56,0,49822.56,7473.38,0,57295.94,0.00,5729594,5729594,0.90,,,
MDS-00272,NGP-QA-054,HPHT,2025-04-08..2025-04-13,2025-05-02,0,,,,,,215988.84,32398.33,0.00,248387.17,215988.84,0,215988.84,32398.33,0,248387.17,0.00,24838717,24838717,0.90,,,
MDS-00273,NGP-WS-143,Standard,2025-04-08..2025-04-11,2025-04-28,0,,,,,,161250.60,24187.59,0.00,185438.19,161250.60,0,161250.60,24187.59,0,185438.19,0.00,18543819,18543819,0.90,,,
MDS-00274,NGP-HA-213,HPHT,2025-04-09..2025-04-12,2025-04-15,0,,,,,,60065.32,9009.80,0.00,69075.12,60065.32,0,60065.32,9009.80,0,69075.12,0.00,6907512,6907512,0.90,,,
MDS-00275,NGP-BD-090,Standard,2025-04-10..2025-04-14,2025-05-10,0,,,,,,132695.22,19904.28,0.00,152599.50,132695.22,0,132695.22,19904.28,0,152599.50,0.00,15259950,15259950,0.90,,,
MDS-00276,NGP-HA-179,HPHT,2025-04-10..2025-04-15,2025-05-11,0,,,,,,289124.05,43368.61,0.00,332492.66,290754.22,-1630.17,289124.05,43368.61,0,332492.66,0.00,33249266,33249266,0.90,,,
MDS-00277,NGP-QA-072,Standard,2025-04-10..2025-04-13,2025-05-12,0,,,,,,109570.81,16435.62,0.00,126006.43,109570.81,0,109570.81,16435.62,0,126006.43,0.00,12600643,12600643,0.90,,,
MDS-00278,NGP-WS-196,HPHT,2025-04-10..2025-04-13,2025-04-27,0,,,,,,131024.39,19653.66,0.00,150678.05,131024.39,0,131024.39,19653.66,0,150678.05,0.00,15067805,15067805,0.90,,,
MDS-00279,NGP-BD-020,HPHT,2025-04-11..2025-04-16,2025-05-06,0,,,,,,90097.98,13514.70,0.00,103612.68,90097.98,0,90097.98,13514.70,0,103612.68,0.00,10361268,10361268,0.90,,,
MDS-00280,NGP-BD-037,Standard,2025-04-11..2025-04-14,2025-05-11,0,,,,,,90198.02,13529.70,0.00,103727.72,90198.02,0,90198.02,13529.70,0,103727.72,0.00,10372772,10372772,0.90,,,
MDS-00281,NGP-WS-003,Standard,2025-04-11..2025-04-13,2025-05-09,0,,,,,,60065.43,9009.81,0.00,69075.24,60065.43,0,60065.43,9009.81,0,69075.24,0.00,6907524,6907524,0.90,,,
MDS-00282,NGP-WS-161,Standard,2025-04-11..2025-04-16,2025-05-02,1,invoice_discount_omitted,invoice_discount_omitted,invoice_discount_omitted=9741.59,discount_DS900_missing,Cl 38 p.8; P11 p.11,461773.78,69266.07,0.00,531039.85,461773.78,-8470.95,453302.83,67995.42,0,521298.25,-9741.60,52129825,53103985,0.95,,"DS-900 on billed services 461773.78: due -8470.95, billed 0",
MDS-00283,NGP-HA-108,Standard,2025-04-12..2025-04-17,2025-05-12,0,,,,,,108720.74,16308.11,0.00,125028.85,108720.74,0,108720.74,16308.11,0,125028.85,0.00,12502885,12502885,0.90,,,
MDS-00284,NGP-WS-143,Standard,2025-04-12..2025-04-14,2025-05-04,0,,,,,,127534.93,19130.24,0.00,146665.17,127534.93,0,127534.93,19130.24,0,146665.17,0.00,14666517,14666517,0.90,,,
MDS-00285,NGP-HA-213,HPHT,2025-04-13..2025-04-15,2025-05-14,0,,,,,,56271.54,8440.73,0.00,64712.27,56271.54,0,56271.54,8440.73,0,64712.27,0.00,6471227,6471227,0.90,,,
MDS-00286,NGP-WS-126,Standard,2025-04-13..2025-04-15,2025-04-24,0,,,,,,46341.34,6951.20,0.00,53292.54,46341.34,0,46341.34,6951.20,0,53292.54,0.00,5329254,5329254,0.90,,,
MDS-00287,NGP-QA-054,HPHT,2025-04-14..2025-04-19,2025-04-25,1,charge_not_in_record,charge_not_in_record,charge_not_in_record=1303.30,,,291391.41,43708.71,0.00,335100.12,291812.75,-1672.51,290140.24,43521.04,0,333661.28,-1438.84,33366128,33510012,0.90,MDS-00287-082,,
MDS-00288,NGP-QA-072,Standard,2025-04-14..2025-04-19,2025-05-10,0,,,,,,151105.46,22665.82,0.00,173771.28,151105.46,0,151105.46,22665.82,0,173771.28,0.00,17377128,17377128,0.90,,,
MDS-00289,NGP-WS-003,Standard,2025-04-14..2025-04-19,2025-05-17,0,,,,,,142330.44,21349.57,0.00,163680.01,142330.44,0,142330.44,21349.57,0,163680.01,0.00,16368001,16368001,0.90,,,
MDS-00290,NGP-WS-196,HPHT,2025-04-14..2025-04-19,2025-04-29,0,,,,,,178328.03,26749.20,0.00,205077.23,178328.03,0,178328.03,26749.20,0,205077.23,0.00,20507723,20507723,0.90,,,
MDS-00291,NGP-BD-037,Standard,2025-04-15..2025-04-19,2025-05-05,0,,,,,,157462.85,23619.43,0.00,181082.28,157462.85,0,157462.85,23619.43,0,181082.28,0.00,18108228,18108228,0.90,,,
MDS-00292,NGP-BD-090,Standard,2025-04-15..2025-04-19,2025-05-08,0,,,,,,1197079.56,179561.93,0.00,1376641.49,1236541.21,-39461.65,1197079.56,179561.93,0,1376641.49,0.00,137664149,137664149,0.90,,,
MDS-00293,NGP-HA-179,HPHT,2025-04-16..2025-04-21,2025-05-12,0,,,,,,281686.19,42252.93,0.00,323939.12,283006.45,-1320.26,281686.19,42252.93,0,323939.12,0.00,32393912,32393912,0.90,,,
MDS-00294,NGP-HA-213,HPHT,2025-04-16..2025-04-18,2025-04-28,0,,,,,,65725.97,9858.90,0.00,75584.87,65725.97,0,65725.97,9858.90,0,75584.87,0.00,7558487,7558487,0.90,,,
MDS-00295,NGP-WS-126,Standard,2025-04-16..2025-04-19,2025-04-28,0,,,,,,52020.96,7803.14,0.00,59824.10,52020.96,0,52020.96,7803.14,0,59824.10,0.00,5982410,5982410,0.90,,,
MDS-00296,NGP-BD-020,HPHT,2025-04-17..2025-04-20,2025-05-07,0,,,,,,114281.34,17142.20,0.00,131423.54,114281.34,0,114281.34,17142.20,0,131423.54,0.00,13142354,13142354,0.90,,,
MDS-00297,NGP-WS-161,Standard,2025-04-17..2025-04-21,2025-04-26,0,,,,,,167184.65,25077.70,0.00,192262.35,167184.65,0,167184.65,25077.70,0,192262.35,0.00,19226235,19226235,0.90,,,
MDS-00298,NGP-HA-108,Standard,2025-04-18..2025-04-21,2025-05-20,0,,,,,,74196.94,11129.54,0.00,85326.48,74196.94,0,74196.94,11129.54,0,85326.48,0.00,8532648,8532648,0.90,,,
MDS-00299,NGP-HA-213,HPHT,2025-04-19..2025-04-24,2025-05-12,0,,,,,,129924.94,19488.74,0.00,149413.68,129924.94,0,129924.94,19488.74,0,149413.68,0.00,14941368,14941368,0.90,,,
MDS-00300,NGP-BD-037,Standard,2025-04-20..2025-04-22,2025-05-08,0,,,,,,117770.89,17665.63,0.00,135436.52,117770.89,0,117770.89,17665.63,0,135436.52,0.00,13543652,13543652,0.90,,,
MDS-00301,NGP-QA-054,HPHT,2025-04-20..2025-04-24,2025-05-18,0,,,,,,174368.31,26155.25,0.00,200523.56,174368.31,0,174368.31,26155.25,0,200523.56,0.00,20052356,20052356,0.90,,,
MDS-00302,NGP-QA-072,Standard,2025-04-20..2025-04-20,2025-05-09,0,,,,,,47237.46,7085.62,0.00,54323.08,47237.46,0,47237.46,7085.62,0,54323.08,0.00,5432308,5432308,0.90,,,
MDS-00303,NGP-QA-144,Standard,2025-04-20..2025-04-25,2025-05-02,0,,,,,,125480.39,18822.06,0.00,144302.45,125480.39,0,125480.39,18822.06,0,144302.45,0.00,14430245,14430245,0.90,,,
MDS-00304,NGP-WS-003,Standard,2025-04-20..2025-04-24,2025-05-14,0,,,,,,121113.01,18166.95,0.00,139279.96,121113.01,0,121113.01,18166.95,0,139279.96,0.00,13927996,13927996,0.90,,,
MDS-00305,NGP-WS-126,Standard,2025-04-20..2025-04-23,2025-05-08,0,,,,,,124224.30,18633.64,0.00,142857.94,124224.30,0,124224.30,18633.64,0,142857.94,0.00,14285794,14285794,0.90,,,
MDS-00306,NGP-WS-196,HPHT,2025-04-20..2025-04-22,2025-05-10,0,,,,,,113707.11,17056.07,0.00,130763.18,113707.11,0,113707.11,17056.07,0,130763.18,0.00,13076318,13076318,0.90,,,
MDS-00307,NGP-BD-020,HPHT,2025-04-21..2025-04-24,2025-05-01,1,index_or_fx_month_wrong,index_or_fx_month_wrong,index_or_fx_month_wrong=326.93,,,1327071.37,199060.71,0.00,1526132.08,1371622.41,-44864.90,1326757.51,199013.63,0,1525771.14,-360.94,152577114,152613208,0.85,MDS-00307-006,,
MDS-00308,NGP-HA-091,Standard,2025-04-21..2025-04-23,2025-05-20,0,,,,,,67336.77,10100.52,0.00,77437.29,67336.77,0,67336.77,10100.52,0,77437.29,0.00,7743729,7743729,0.90,,,
MDS-00309,NGP-HA-073,Standard,2025-04-22..2025-04-24,2025-04-29,0,,,,,,80814.68,12122.20,0.00,92936.88,80814.68,0,80814.68,12122.20,0,92936.88,0.00,9293688,9293688,0.90,,,
MDS-00310,NGP-HA-108,Standard,2025-04-22..2025-04-25,2025-05-09,1,qty_above_record,qty_above_record,qty_above_record=185.13,,,104541.48,15681.22,0.00,120222.70,104356.35,0,104356.35,15653.45,0,120009.80,-212.90,12000980,12022270,0.90,MDS-00310-042,,
MDS-00311,NGP-HA-179,HPHT,2025-04-22..2025-04-25,2025-05-21,0,,,,,,169074.14,25361.12,0.00,194435.26,169074.14,0,169074.14,25361.12,0,194435.26,0.00,19443526,19443526,0.90,,,
MDS-00312,NGP-WS-161,Standard,2025-04-22..2025-04-25,2025-04-28,0,,,,,,143480.19,21522.03,0.00,165002.22,143480.19,0,143480.19,21522.03,0,165002.22,0.00,16500222,16500222,0.90,,,
MDS-00313,NGP-BD-037,Standard,2025-04-23..2025-04-26,2025-05-06,0,,,,,,174800.84,26220.13,0.00,201020.97,174800.84,0,174800.84,26220.13,0,201020.97,0.00,20102097,20102097,0.90,,,
MDS-00314,NGP-HA-091,Standard,2025-04-24..2025-04-27,2025-05-26,0,,,,,,70766.81,10615.02,0.00,81381.83,70766.81,0,70766.81,10615.02,0,81381.83,0.00,8138183,8138183,0.90,,,
MDS-00315,NGP-HA-197,Extended Reach,2025-04-24..2025-04-29,2025-05-02,0,,,,,,123146.04,18471.91,0.00,141617.95,123146.04,0,123146.04,18471.91,0,141617.95,0.00,14161795,14161795,0.90,,,
MDS-00316,NGP-WS-126,Standard,2025-04-24..2025-04-29,2025-05-13,0,,,,,,204607.53,30691.13,0.00,235298.66,204607.53,0,204607.53,30691.13,0,235298.66,0.00,23529866,23529866,0.90,,,
MDS-00317,NGP-BD-020,HPHT,2025-04-25..2025-04-29,2025-05-18,0,,,,,,189593.77,28439.07,0.00,218032.84,189593.77,0,189593.77,28439.07,0,218032.84,0.00,21803284,21803284,0.90,,,
MDS-00318,NGP-HA-073,Standard,2025-04-25..2025-04-28,2025-05-11,0,,,,,,65127.23,9769.08,0.00,74896.31,65127.23,0,65127.23,9769.08,0,74896.31,0.00,7489631,7489631,0.90,,,
MDS-00319,NGP-HA-213,HPHT,2025-04-25..2025-04-28,2025-05-26,0,,,,,,126314.36,18947.15,0.00,145261.51,126314.36,0,126314.36,18947.15,0,145261.51,0.00,14526151,14526151,0.90,,,
MDS-00320,NGP-QA-054,HPHT,2025-04-25..2025-04-25,2025-05-02,1,charge_not_in_record,charge_not_in_record,charge_not_in_record=18497.50,,,69420.01,10413.00,0.00,79833.01,50922.51,0,50922.51,7638.38,0,58560.89,-21272.12,5856089,7983301,0.90,MDS-00320-016,,
MDS-00321,NGP-WS-003,Standard,2025-04-25..2025-04-28,2025-05-01,0,,,,,,130217.89,19532.68,0.00,149750.57,130217.89,0,130217.89,19532.68,0,149750.57,0.00,14975057,14975057,0.90,,,
MDS-00322,NGP-HA-108,Standard,2025-04-26..2025-04-29,2025-05-03,0,,,,,,96006.02,14400.90,0.00,110406.92,96006.02,0,96006.02,14400.90,0,110406.92,0.00,11040692,11040692,0.90,,,
MDS-00323,NGP-QA-144,Standard,2025-04-26..2025-04-28,2025-05-10,1,section_factor_wrong,section_factor_wrong,section_factor_wrong=166.57,,,33401.64,5010.25,0.00,38411.89,33235.07,0,33235.07,4985.26,0,38220.33,-191.56,3822033,3841189,0.90,MDS-00323-016,,
MDS-00324,NGP-WS-161,Standard,2025-04-26..2025-04-28,2025-05-25,0,,,,,,105044.53,15756.68,0.00,120801.21,105044.53,0,105044.53,15756.68,0,120801.21,0.00,12080121,12080121,0.90,,,
MDS-00325,NGP-BD-037,Standard,2025-04-27..2025-05-02,2025-06-01,0,,,,,,201592.35,30238.85,0.00,231831.20,201592.35,0,201592.35,30238.85,0,231831.20,0.00,23183120,23183120,0.90,,,
MDS-00326,NGP-HA-091,Standard,2025-04-28..2025-04-30,2025-05-20,0,,,,,,47376.41,7106.46,0.00,54482.87,47376.41,0,47376.41,7106.46,0,54482.87,0.00,5448287,5448287,0.90,,,
MDS-00327,NGP-HA-073,Standard,2025-04-29..2025-05-02,2025-05-28,0,,,,,,56695.26,8504.29,0.00,65199.55,56695.26,0,56695.26,8504.29,0,65199.55,0.00,6519955,6519955,0.90,,,
MDS-00328,NGP-HA-213,HPHT,2025-04-29..2025-05-04,2025-05-26,0,,,,,,182259.88,27338.98,0.00,209598.86,182259.88,0,182259.88,27338.98,0,209598.86,0.00,20959886,20959886,0.90,,,
MDS-00329,NGP-QA-144,Standard,2025-04-29..2025-05-01,2025-05-21,0,,,,,,47401.30,7110.20,0.00,54511.50,47401.30,0,47401.30,7110.20,0,54511.50,0.00,5451150,5451150,0.90,,,
MDS-00330,NGP-WS-055,HPHT,2025-04-29..2025-05-01,2025-05-17,0,,,,,,87035.78,13055.37,0.00,100091.15,87035.78,0,87035.78,13055.37,0,100091.15,0.00,10009115,10009115,0.90,,,
MDS-00331,NGP-WS-161,Standard,2025-04-29..2025-05-02,2025-05-13,0,,,,,,134097.26,20114.59,0.00,154211.85,134097.26,0,134097.26,20114.59,0,154211.85,0.00,15421185,15421185,0.90,,,
MDS-00332,NGP-BD-020,HPHT,2025-04-30..2025-05-04,2025-05-07,1,line_arithmetic,line_arithmetic,line_arithmetic=10.00,,,168298.47,25244.77,0.00,193543.24,168288.47,0,168288.47,25243.27,0,193531.74,-11.50,19353174,19354324,0.95,MDS-00332-013,,
MDS-00333,NGP-HA-108,Standard,2025-04-30..2025-05-02,2025-05-20,0,,,,,,78312.54,11746.88,0.00,90059.42,78312.54,0,78312.54,11746.88,0,90059.42,0.00,9005942,9005942,0.90,,,
MDS-00334,NGP-HA-180,Extended Reach,2025-04-30..2025-05-02,2025-05-20,0,,,,,,80547.94,12082.19,0.00,92630.13,80547.94,0,80547.94,12082.19,0,92630.13,0.00,9263013,9263013,0.90,,,
MDS-00335,NGP-HA-197,Extended Reach,2025-04-30..2025-05-04,2025-06-03,0,,,,,,85302.26,12795.34,0.00,98097.60,85302.26,0,85302.26,12795.34,0,98097.60,0.00,9809760,9809760,0.90,,,
MDS-00336,NGP-WS-126,Standard,2025-04-30..2025-05-02,2025-05-23,0,,,,,,120838.42,18125.76,0.00,138964.18,120838.42,0,120838.42,18125.76,0,138964.18,0.00,13896418,13896418,0.90,,,
MDS-00337,NGP-HA-091,Standard,2025-05-01..2025-05-03,2025-05-09,0,,,,,,59341.11,8901.17,0.00,68242.28,59341.11,0,59341.11,8901.17,0,68242.28,0.00,6824228,6824228,0.90,,,
MDS-00338,NGP-QA-004,Standard,2025-05-01..2025-05-04,2025-05-21,0,,,,,,97530.94,14629.64,0.00,112160.58,97530.94,0,97530.94,14629.64,0,112160.58,0.00,11216058,11216058,0.90,,,
MDS-00339,NGP-QA-144,Standard,2025-05-02..2025-05-04,2025-05-26,0,,,,,,66816.62,10022.49,0.00,76839.11,66816.62,0,66816.62,10022.49,0,76839.11,0.00,7683911,7683911,0.90,,,
MDS-00340,NGP-WS-055,HPHT,2025-05-02..2025-05-07,2025-05-14,1,record_not_signed,record_not_signed,record_not_signed=9924.26,,,90056.06,13508.41,0.00,103564.47,80131.80,0,80131.80,12019.77,0,92151.57,-11412.90,9215157,10356447,0.70,MDS-00340-010;MDS-00340-011;MDS-00340-012;MDS-00340-013;MDS-00340-014;MDS-00340-015;MDS-00340-016;MDS-00340-017;MDS-00340-018,,
MDS-00341,NGP-BD-037,Standard,2025-05-03..2025-05-07,2025-05-22,0,,,,,,186968.04,28045.21,0.00,215013.25,186968.04,0,186968.04,28045.21,0,215013.25,0.00,21501325,21501325,0.90,,,
MDS-00342,NGP-HA-073,Standard,2025-05-03..2025-05-07,2025-05-10,0,,,,,,136376.82,20456.52,0.00,156833.34,136376.82,0,136376.82,20456.52,0,156833.34,0.00,15683334,15683334,0.90,,,
MDS-00343,NGP-HA-108,Standard,2025-05-03..2025-05-05,2025-05-22,0,,,,,,82999.59,12449.94,0.00,95449.53,82999.59,0,82999.59,12449.94,0,95449.53,0.00,9544953,9544953,0.90,,,
MDS-00344,NGP-HA-180,Extended Reach,2025-05-03..2025-05-05,2025-05-24,0,,,,,,51289.11,7693.37,0.00,58982.48,51289.11,0,51289.11,7693.37,0,58982.48,0.00,5898248,5898248,0.90,,,
MDS-00345,NGP-WS-126,Standard,2025-05-03..2025-05-07,2025-06-05,0,,,,,,138717.80,20807.67,0.00,159525.47,138717.80,0,138717.80,20807.67,0,159525.47,0.00,15952547,15952547,0.90,,,
MDS-00346,NGP-WS-161,Standard,2025-05-03..2025-05-07,2025-06-02,0,,,,,,207673.58,31151.04,0.00,238824.62,207673.58,0,207673.58,31151.04,0,238824.62,0.00,23882462,23882462,0.90,,,
MDS-00347,NGP-HA-091,Standard,2025-05-04..2025-05-08,2025-05-20,0,,,,,,90079.74,13511.96,0.00,103591.70,90079.74,0,90079.74,13511.96,0,103591.70,0.00,10359170,10359170,0.90,,,
MDS-00348,NGP-BD-020,HPHT,2025-05-05..2025-05-09,2025-05-20,0,,,,,,206916.90,31037.54,0.00,237954.44,206916.90,0,206916.90,31037.54,0,237954.44,0.00,23795444,23795444,0.90,,,
MDS-00349,NGP-HA-197,Extended Reach,2025-05-05..2025-05-09,2025-05-19,0,,,,,,154329.97,23149.50,0.00,177479.47,154329.97,0,154329.97,23149.50,0,177479.47,0.00,17747947,17747947,0.90,,,
MDS-00350,NGP-HA-213,HPHT,2025-05-05..2025-05-07,2025-05-29,0,,,,,,78303.18,11745.48,0.00,90048.66,78303.18,0,78303.18,11745.48,0,90048.66,0.00,9004866,9004866,0.90,,,
MDS-00351,NGP-QA-004,Standard,2025-05-05..2025-05-08,2025-05-23,0,,,,,,65226.79,9784.02,0.00,75010.81,65226.79,0,65226.79,9784.02,0,75010.81,0.00,7501081,7501081,0.90,,,
MDS-00352,NGP-QA-144,Standard,2025-05-05..2025-05-10,2025-06-02,0,,,,,,171624.93,25743.74,0.00,197368.67,171624.93,0,171624.93,25743.74,0,197368.67,0.00,19736867,19736867,0.90,,,
MDS-00353,NGP-HA-108,Standard,2025-05-06..2025-05-06,2025-05-11,0,,,,,,47917.19,7187.58,0.00,55104.77,47917.19,0,47917.19,7187.58,0,55104.77,0.00,5510477,5510477,0.90,,,
MDS-00354,NGP-HA-180,Extended Reach,2025-05-06..2025-05-10,2025-06-03,0,,,,,,75697.25,11354.59,0.00,87051.84,75697.25,0,75697.25,11354.59,0,87051.84,0.00,8705184,8705184,0.90,,,
MDS-00355,NGP-BD-037,Standard,2025-05-08..2025-05-13,2025-05-28,0,,,,,,85493.88,12824.08,0.00,98317.96,85493.88,0,85493.88,12824.08,0,98317.96,0.00,9831796,9831796,0.90,,,
MDS-00356,NGP-HA-073,Standard,2025-05-08..2025-05-12,2025-06-10,0,,,,,,158351.98,23752.80,0.00,182104.78,158351.98,0,158351.98,23752.80,0,182104.78,0.00,18210478,18210478,0.90,,,
MDS-00357,NGP-HA-213,HPHT,2025-05-08..2025-05-10,2025-06-04,0,,,,,,48608.96,7291.34,0.00,55900.30,48608.96,0,48608.96,7291.34,0,55900.30,0.00,5590030,5590030,0.90,,,
MDS-00358,NGP-WS-055,HPHT,2025-05-08..2025-05-13,2025-05-28,0,,,,,,104024.48,15603.67,0.00,119628.15,104024.48,0,104024.48,15603.67,0,119628.15,0.00,11962815,11962815,0.90,,,
MDS-00359,NGP-WS-126,Standard,2025-05-08..2025-05-08,2025-05-15,0,,,,,,48393.88,7259.08,0.00,55652.96,48393.88,0,48393.88,7259.08,0,55652.96,0.00,5565296,5565296,0.90,,,
MDS-00360,NGP-WS-161,Standard,2025-05-08..2025-05-08,2025-06-01,0,,,,,,49550.55,7432.58,0.00,56983.13,49550.55,0,49550.55,7432.58,0,56983.13,0.00,5698313,5698313,0.90,,,
MDS-00361,NGP-BD-109,Standard,2025-05-09..2025-05-11,2025-06-02,0,,,,,,67403.82,10110.57,0.00,77514.39,67403.82,0,67403.82,10110.57,0,77514.39,0.00,7751439,7751439,0.90,,,
MDS-00362,NGP-HA-091,Standard,2025-05-09..2025-05-13,2025-05-19,0,,,,,,125970.70,18895.60,0.00,144866.30,125970.70,0,125970.70,18895.60,0,144866.30,0.00,14486630,14486630,0.90,,,
MDS-00363,NGP-QA-004,Standard,2025-05-09..2025-05-13,2025-06-03,0,,,,,,123244.18,18486.63,0.00,141730.81,123244.18,0,123244.18,18486.63,0,141730.81,0.00,14173081,14173081,0.90,,,
MDS-00364,NGP-HA-197,Extended Reach,2025-05-10..2025-05-14,2025-06-09,0,,,,,,213128.17,31969.23,0.00,245097.40,213128.17,0,213128.17,31969.23,0,245097.40,0.00,24509740,24509740,0.90,,,
MDS-00365,NGP-WS-127,Standard,2025-05-10..2025-05-15,2025-06-03,1,index_or_fx_month_wrong,index_or_fx_month_wrong,index_or_fx_month_wrong=1088.11,,,123411.51,18511.73,0.00,141923.24,122323.40,0,122323.40,18348.51,0,140671.91,-1251.33,14067191,14192324,0.90,MDS-00365-052,,
MDS-00366,NGP-HA-180,Extended Reach,2025-05-11..2025-05-15,2025-06-06,0,,,,,,105819.29,15872.89,0.00,121692.18,105819.29,0,105819.29,15872.89,0,121692.18,0.00,12169218,12169218,0.90,,,
MDS-00367,NGP-HA-213,HPHT,2025-05-11..2025-05-13,2025-06-11,0,,,,,,47569.13,7135.37,0.00,54704.50,47569.13,0,47569.13,7135.37,0,54704.50,0.00,5470450,5470450,0.90,,,
MDS-00368,NGP-QA-144,Standard,2025-05-11..2025-05-14,2025-06-05,0,,,,,,133677.82,20051.67,0.00,153729.49,133677.82,0,133677.82,20051.67,0,153729.49,0.00,15372949,15372949,0.90,,,
MDS-00369,NGP-BD-109,Standard,2025-05-12..2025-05-14,2025-06-11,0,,,,,,50121.53,7518.23,0.00,57639.76,50121.53,0,50121.53,7518.23,0,57639.76,0.00,5763976,5763976,0.90,,,
MDS-00370,NGP-WS-021,Extended Reach,2025-05-12..2025-05-17,2025-06-12,0,,,,,,123860.48,18579.07,0.00,142439.55,123860.48,0,123860.48,18579.07,0,142439.55,0.00,14243955,14243955,0.90,,,
MDS-00371,NGP-HA-073,Standard,2025-05-13..2025-05-16,2025-05-27,0,,,,,,137884.26,20682.64,0.00,158566.90,137884.26,0,137884.26,20682.64,0,158566.90,0.00,15856690,15856690,0.90,,,
MDS-00372,NGP-BD-037,Standard,2025-05-14..2025-05-17,2025-05-24,0,,,,,,62593.68,9389.05,0.00,71982.73,62593.68,0,62593.68,9389.05,0,71982.73,0.00,7198273,7198273,0.90,,,
MDS-00373,NGP-HA-091,Standard,2025-05-14..2025-05-16,2025-05-22,0,,,,,,72807.53,10921.13,0.00,83728.66,72807.53,0,72807.53,10921.13,0,83728.66,0.00,8372866,8372866,0.90,,,
MDS-00374,NGP-HA-162,Extended Reach,2025-05-14..2025-05-17,2025-06-12,0,,,,,,102427.59,15364.14,0.00,117791.73,102427.59,0,102427.59,15364.14,0,117791.73,0.00,11779173,11779173,0.90,,,
MDS-00375,NGP-HA-213,HPHT,2025-05-14..2025-05-17,2025-05-28,0,,,,,,95197.74,14279.66,0.00,109477.40,95197.74,0,95197.74,14279.66,0,109477.40,0.00,10947740,10947740,0.90,,,
MDS-00376,NGP-QA-004,Standard,2025-05-14..2025-05-19,2025-06-08,0,,,,,,214975.91,32246.39,0.00,247222.30,214975.91,0,214975.91,32246.39,0,247222.30,0.00,24722230,24722230,0.90,,,
MDS-00377,NGP-WS-055,HPHT,2025-05-14..2025-05-16,2025-06-05,0,,,,,,57641.19,8646.18,0.00,66287.37,57641.19,0,57641.19,8646.18,0,66287.37,0.00,6628737,6628737,0.90,,,
MDS-00378,NGP-BD-109,Standard,2025-05-15..2025-05-17,2025-05-31,0,,,,,,47451.08,7117.66,0.00,54568.74,47451.08,0,47451.08,7117.66,0,54568.74,0.00,5456874,5456874,0.90,,,
MDS-00379,NGP-HA-197,Extended Reach,2025-05-15..2025-05-17,2025-05-30,0,,,,,,107283.66,16092.55,0.00,123376.21,107283.66,0,107283.66,16092.55,0,123376.21,0.00,12337621,12337621,0.90,,,
MDS-00380,NGP-QA-144,Standard,2025-05-15..2025-05-20,2025-06-02,0,,,,,,245567.35,36835.10,0.00,282402.45,245567.35,0,245567.35,36835.10,0,282402.45,0.00,28240245,28240245,0.90,,,
MDS-00381,NGP-HA-180,Extended Reach,2025-05-16..2025-05-20,2025-06-09,0,,,,,,119818.68,17972.80,0.00,137791.48,119818.68,0,119818.68,17972.80,0,137791.48,0.00,13779148,13779148,0.90,,,
MDS-00382,NGP-WS-127,Standard,2025-05-16..2025-05-19,2025-06-16,0,,,,,,59285.68,8892.85,0.00,68178.53,59285.68,0,59285.68,8892.85,0,68178.53,0.00,6817853,6817853,0.90,,,
MDS-00383,NGP-HA-073,Standard,2025-05-17..2025-05-21,2025-05-29,0,,,,,,626624.49,93993.67,0.00,720618.16,642317.18,-15692.69,626624.49,93993.67,0,720618.16,0.00,72061816,72061816,0.90,,,
MDS-00384,NGP-HA-091,Standard,2025-05-17..2025-05-22,2025-06-17,0,,,,,,143065.38,21459.81,0.00,164525.19,143065.38,0,143065.38,21459.81,0,164525.19,0.00,16452519,16452519,0.90,,,
MDS-00385,NGP-WS-055,HPHT,2025-05-17..2025-05-21,2025-06-11,0,,,,,,128285.57,19242.84,0.00,147528.41,128285.57,0,128285.57,19242.84,0,147528.41,0.00,14752841,14752841,0.90,,,
MDS-00386,NGP-BD-037,Standard,2025-05-18..2025-05-21,2025-06-05,0,,,,,,87607.43,13141.11,0.00,100748.54,87607.43,0,87607.43,13141.11,0,100748.54,0.00,10074854,10074854,0.90,,,
MDS-00387,NGP-BD-109,Standard,2025-05-18..2025-05-22,2025-05-26,0,,,,,,117501.98,17625.30,0.00,135127.28,117501.98,0,117501.98,17625.30,0,135127.28,0.00,13512728,13512728,0.90,,,
MDS-00388,NGP-HA-162,Extended Reach,2025-05-18..2025-05-23,2025-05-30,1,index_or_fx_month_wrong,index_or_fx_month_wrong,index_or_fx_month_wrong=2.70,,,92796.32,13919.45,0.00,106715.77,92793.62,0,92793.62,13919.04,0,106712.66,-3.11,10671266,10671577,0.90,MDS-00388-005,,
MDS-00389,NGP-HA-197,Extended Reach,2025-05-18..2025-05-23,2025-06-14,0,,,,,,222204.68,33330.70,0.00,255535.38,222204.68,0,222204.68,33330.70,0,255535.38,0.00,25553538,25553538,0.90,,,
MDS-00390,NGP-WS-021,Extended Reach,2025-05-18..2025-05-23,2025-06-20,0,,,,,,89067.40,13360.11,0.00,102427.51,89067.40,0,89067.40,13360.11,0,102427.51,0.00,10242751,10242751,0.90,,,
MDS-00391,NGP-QA-214,Standard,2025-05-19..2025-05-23,2025-05-30,0,,,,,,107582.54,16137.38,0.00,123719.92,107582.54,0,107582.54,16137.38,0,123719.92,0.00,12371992,12371992,0.90,,,
MDS-00392,NGP-QA-004,Standard,2025-05-20..2025-05-22,2025-06-13,0,,,,,,102009.60,15301.44,0.00,117311.04,102009.60,0,102009.60,15301.44,0,117311.04,0.00,11731104,11731104,0.90,,,
MDS-00393,NGP-WS-127,Standard,2025-05-20..2025-05-23,2025-05-26,0,,,,,,94003.23,14100.48,0.00,108103.71,94003.23,0,94003.23,14100.48,0,108103.71,0.00,10810371,10810371,0.90,,,
MDS-00394,NGP-HA-180,Extended Reach,2025-05-21..2025-05-26,2025-06-14,0,,,,,,211136.14,31670.42,0.00,242806.56,211136.14,0,211136.14,31670.42,0,242806.56,0.00,24280656,24280656,0.90,,,
MDS-00395,NGP-QA-144,Standard,2025-05-21..2025-05-26,2025-06-01,0,,,,,,238316.50,35747.48,0.00,274063.98,238316.50,0,238316.50,35747.48,0,274063.98,0.00,27406398,27406398,0.90,,,
MDS-00396,NGP-HA-073,Standard,2025-05-22..2025-05-26,2025-06-25,0,,,,,,74561.03,11184.15,0.00,85745.18,74561.03,0,74561.03,11184.15,0,85745.18,0.00,8574518,8574518,0.90,,,
MDS-00397,NGP-WS-055,HPHT,2025-05-22..2025-05-24,2025-06-12,0,,,,,,72790.03,10918.50,0.00,83708.53,72790.03,0,72790.03,10918.50,0,83708.53,0.00,8370853,8370853,0.90,,,
MDS-00398,NGP-BD-109,Standard,2025-05-23..2025-05-25,2025-06-02,1,index_or_fx_month_wrong,index_or_fx_month_wrong,index_or_fx_month_wrong=2.70,,,97678.10,14651.72,0.00,112329.82,97675.40,0,97675.40,14651.31,0,112326.71,-3.11,11232671,11232982,0.90,MDS-00398-017,,
MDS-00399,NGP-HA-091,Standard,2025-05-23..2025-05-28,2025-06-11,0,,,,,,137841.30,20676.20,0.00,158517.50,137841.30,0,137841.30,20676.20,0,158517.50,0.00,15851750,15851750,0.90,,,
MDS-00400,NGP-QA-004,Standard,2025-05-23..2025-05-26,2025-06-16,0,,,,,,158137.77,23720.67,0.00,181858.44,158137.77,0,158137.77,23720.67,0,181858.44,0.00,18185844,18185844,0.90,,,
MDS-00401,NGP-HA-162,Extended Reach,2025-05-24..2025-05-29,2025-06-03,0,,,,,,166491.13,24973.67,0.00,191464.80,166491.13,0,166491.13,24973.67,0,191464.80,0.00,19146480,19146480,0.90,,,
MDS-00402,NGP-HA-197,Extended Reach,2025-05-24..2025-05-26,2025-06-11,0,,,,,,113240.24,16986.04,0.00,130226.28,113240.24,0,113240.24,16986.04,0,130226.28,0.00,13022628,13022628,0.90,,,
MDS-00403,NGP-QA-214,Standard,2025-05-24..2025-05-29,2025-06-17,0,,,,,,87563.71,13134.56,0.00,100698.27,87563.71,0,87563.71,13134.56,0,100698.27,0.00,10069827,10069827,0.90,,,
MDS-00404,NGP-WS-021,Extended Reach,2025-05-24..2025-05-26,2025-06-23,0,,,,,,85138.85,12770.83,0.00,97909.68,85138.85,0,85138.85,12770.83,0,97909.68,0.00,9790968,9790968,0.90,,,
MDS-00405,NGP-WS-038,Standard,2025-05-24..2025-05-28,2025-06-12,0,,,,,,117403.15,17610.47,0.00,135013.62,117403.15,0,117403.15,17610.47,0,135013.62,0.00,13501362,13501362,0.90,,,
MDS-00406,NGP-WS-127,Standard,2025-05-24..2025-05-28,2025-06-02,1,line_arithmetic,line_arithmetic,line_arithmetic=34.00,,,185638.91,27845.84,0.00,213484.75,185672.91,0,185672.91,27850.94,0,213523.85,39.10,21352385,21348475,0.95,MDS-00406-015,,
MDS-00407,NGP-WS-055,HPHT,2025-05-25..2025-05-27,2025-06-06,0,,,,,,90858.08,13628.71,0.00,104486.79,90858.08,0,90858.08,13628.71,0,104486.79,0.00,10448679,10448679,0.90,,,
MDS-00408,NGP-BD-109,Standard,2025-05-26..2025-05-29,2025-06-03,0,,,,,,137459.90,20618.98,0.00,158078.88,137459.90,0,137459.90,20618.98,0,158078.88,0.00,15807888,15807888,0.90,,,
MDS-00409,NGP-HA-073,Standard,2025-05-27..2025-05-28,2025-06-09,0,,,,,,57707.21,8656.08,0.00,66363.29,57707.21,0,57707.21,8656.08,0,66363.29,0.00,6636329,6636329,0.90,,,
MDS-00410,NGP-HA-180,Extended Reach,2025-05-27..2025-05-31,2025-06-21,0,,,,,,133723.14,20058.47,0.00,153781.61,133723.14,0,133723.14,20058.47,0,153781.61,0.00,15378161,15378161,0.90,,,
MDS-00411,NGP-HA-197,Extended Reach,2025-05-27..2025-05-29,2025-06-13,0,,,,,,112008.89,16801.33,0.00,128810.22,112008.89,0,112008.89,16801.33,0,128810.22,0.00,12881022,12881022,0.90,,,
MDS-00412,NGP-QA-004,Standard,2025-05-27..2025-05-30,2025-06-26,0,,,,,,118136.80,17720.52,0.00,135857.32,118136.80,0,118136.80,17720.52,0,135857.32,0.00,13585732,13585732,0.90,,,
MDS-00413,NGP-QA-144,Standard,2025-05-27..2025-05-27,2025-06-07,0,,,,,,49353.61,7403.04,0.00,56756.65,49353.61,0,49353.61,7403.04,0,56756.65,0.00,5675665,5675665,0.90,,,
MDS-00414,NGP-WS-021,Extended Reach,2025-05-27..2025-05-31,2025-06-16,0,,,,,,145659.04,21848.86,0.00,167507.90,145659.04,0,145659.04,21848.86,0,167507.90,0.00,16750790,16750790,0.90,,,
MDS-00415,NGP-WS-055,HPHT,2025-05-28..2025-06-01,2025-06-07,0,,,,,,172988.68,25948.30,0.00,198936.98,172988.68,0,172988.68,25948.30,0,198936.98,0.00,19893698,19893698,0.90,,,
MDS-00416,NGP-HA-091,Standard,2025-05-29..2025-06-03,2025-06-22,0,,,,,,119334.45,17900.17,0.00,137234.62,119334.45,0,119334.45,17900.17,0,137234.62,0.00,13723462,13723462,0.90,,,
MDS-00417,NGP-WS-038,Standard,2025-05-29..2025-06-02,2025-06-11,0,,,,,,87606.37,13140.96,0.00,100747.33,87606.37,0,87606.37,13140.96,0,100747.33,0.00,10074733,10074733,0.90,,,
MDS-00418,NGP-WS-127,Standard,2025-05-29..2025-05-31,2025-06-25,0,,,,,,76472.62,11470.89,0.00,87943.51,76472.62,0,76472.62,11470.89,0,87943.51,0.00,8794351,8794351,0.90,,,
MDS-00419,NGP-BD-109,Standard,2025-05-30..2025-06-04,2025-07-03,0,,,,,,204971.44,30745.72,0.00,235717.16,204971.44,0,204971.44,30745.72,0,235717.16,0.00,23571716,23571716,0.90,,,
MDS-00420,NGP-HA-162,Extended Reach,2025-05-30..2025-06-03,2025-07-01,0,,,,,,126386.42,18957.96,0.00,145344.38,126386.42,0,126386.42,18957.96,0,145344.38,0.00,14534438,14534438,0.90,,,
MDS-00421,NGP-HA-197,Extended Reach,2025-05-30..2025-06-02,2025-06-09,0,,,,,,141629.98,21244.50,0.00,162874.48,141629.98,0,141629.98,21244.50,0,162874.48,0.00,16287448,16287448,0.90,,,
MDS-00422,NGP-QA-214,Standard,2025-05-30..2025-06-03,2025-06-10,0,,,,,,90002.51,13500.38,0.00,103502.89,90002.51,0,90002.51,13500.38,0,103502.89,0.00,10350289,10350289,0.90,,,
MDS-00423,NGP-HA-145,HPHT,2025-05-31..2025-06-05,2025-06-28,0,,,,,,129407.07,19411.06,0.00,148818.13,129407.07,0,129407.07,19411.06,0,148818.13,0.00,14881813,14881813,0.90,,,
MDS-00424,NGP-QA-004,Standard,2025-05-31..2025-06-03,2025-06-08,0,,,,,,126504.88,18975.73,0.00,145480.61,126504.88,0,126504.88,18975.73,0,145480.61,0.00,14548061,14548061,0.90,,,
MDS-00425,NGP-HA-180,Extended Reach,2025-06-01..2025-06-06,2025-06-18,0,,,,,,471114.13,70667.12,0.00,541781.25,480327.22,-9213.09,471114.13,70667.12,0,541781.25,0.00,54178125,54178125,0.90,,,
MDS-00426,NGP-QA-074,Extended Reach,2025-06-01..2025-06-06,2025-06-11,0,,,,,,134778.52,20216.78,0.00,154995.30,134778.52,0,134778.52,20216.78,0,154995.30,0.00,15499530,15499530,0.90,,,
MDS-00427,NGP-WS-021,Extended Reach,2025-06-01..2025-06-06,2025-07-03,0,,,,,,159830.71,23974.61,0.00,183805.32,159830.71,0,159830.71,23974.61,0,183805.32,0.00,18380532,18380532,0.90,,,
MDS-00428,NGP-WS-127,Standard,2025-06-01..2025-06-03,2025-06-24,0,,,,,,127222.74,19083.41,0.00,146306.15,127222.74,0,127222.74,19083.41,0,146306.15,0.00,14630615,14630615,0.90,,,
MDS-00429,NGP-WS-055,HPHT,2025-06-02..2025-06-05,2025-06-12,0,,,,,,413305.24,61995.79,0.00,475301.03,420109.63,-6804.39,413305.24,61995.79,0,475301.03,0.00,47530103,47530103,0.90,,,
MDS-00430,NGP-HA-197,Extended Reach,2025-06-03..2025-06-03,2025-07-02,0,,,,,,51573.48,7736.02,0.00,59309.50,51573.48,0,51573.48,7736.02,0,59309.50,0.00,5930950,5930950,0.90,,,
MDS-00431,NGP-WS-038,Standard,2025-06-03..2025-06-07,2025-06-10,0,,,,,,160423.80,24063.57,0.00,184487.37,160423.80,0,160423.80,24063.57,0,184487.37,0.00,18448737,18448737,0.90,,,
MDS-00432,NGP-HA-091,Standard,2025-06-04..2025-06-09,2025-06-28,0,,,,,,88300.74,13245.11,0.00,101545.85,88300.74,0,88300.74,13245.11,0,101545.85,0.00,10154585,10154585,0.90,,,
MDS-00433,NGP-HA-162,Extended Reach,2025-06-04..2025-06-06,2025-06-24,0,,,,,,79427.19,11914.08,0.00,91341.27,79427.19,0,79427.19,11914.08,0,91341.27,0.00,9134127,9134127,0.90,,,
MDS-00434,NGP-QA-004,Standard,2025-06-04..2025-06-08,2025-06-20,0,,,,,,88936.22,13340.43,0.00,102276.65,88936.22,0,88936.22,13340.43,0,102276.65,0.00,10227665,10227665,0.90,,,
MDS-00435,NGP-QA-214,Standard,2025-06-04..2025-06-09,2025-07-03,0,,,,,,117019.31,17552.90,0.00,134572.21,117019.31,0,117019.31,17552.90,0,134572.21,0.00,13457221,13457221,0.90,,,
MDS-00436,NGP-WS-127,Standard,2025-06-04..2025-06-09,2025-06-29,0,,,,,,204962.71,30744.41,0.00,235707.12,204962.71,0,204962.71,30744.41,0,235707.12,0.00,23570712,23570712,0.90,,,
MDS-00437,NGP-BD-109,Standard,2025-06-05..2025-06-09,2025-06-18,0,,,,,,184259.53,27638.93,0.00,211898.46,184259.53,0,184259.53,27638.93,0,211898.46,0.00,21189846,21189846,0.90,,,
MDS-00438,NGP-HA-145,HPHT,2025-06-06..2025-06-10,2025-06-13,0,,,,,,77784.35,11667.65,0.00,89452.00,77784.35,0,77784.35,11667.65,0,89452.00,0.00,8945200,8945200,0.90,,,
MDS-00439,NGP-WS-055,HPHT,2025-06-06..2025-06-08,2025-06-27,0,,,,,,48008.56,7201.28,0.00,55209.84,48008.56,0,48008.56,7201.28,0,55209.84,0.00,5520984,5520984,0.90,,,
MDS-00440,NGP-HA-162,Extended Reach,2025-06-07..2025-06-12,2025-07-10,0,,,,,,172127.08,25819.06,0.00,197946.14,172127.08,0,172127.08,25819.06,0,197946.14,0.00,19794614,19794614,0.90,,,
MDS-00441,NGP-HA-180,Extended Reach,2025-06-07..2025-06-09,2025-06-20,0,,,,,,50063.06,7509.46,0.00,57572.52,50063.06,0,50063.06,7509.46,0,57572.52,0.00,5757252,5757252,0.90,,,
MDS-00442,NGP-QA-074,Extended Reach,2025-06-07..2025-06-09,2025-06-21,0,,,,,,44004.09,6600.61,0.00,50604.70,44004.09,0,44004.09,6600.61,0,50604.70,0.00,5060470,5060470,0.90,,,
MDS-00443,NGP-WS-021,Extended Reach,2025-06-07..2025-06-11,2025-07-09,0,,,,,,140806.94,21121.04,0.00,161927.98,140806.94,0,140806.94,21121.04,0,161927.98,0.00,16192798,16192798,0.90,,,
MDS-00444,NGP-QA-198,Extended Reach,2025-06-08..2025-06-10,2025-07-07,0,,,,,,85797.03,12869.55,0.00,98666.58,85797.03,0,85797.03,12869.55,0,98666.58,0.00,9866658,9866658,0.90,,,
MDS-00445,NGP-WS-038,Standard,2025-06-08..2025-06-10,2025-07-07,0,,,,,,99812.84,14971.93,0.00,114784.77,99812.84,0,99812.84,14971.93,0,114784.77,0.00,11478477,11478477,0.90,,,
MDS-00446,NGP-QA-004,Standard,2025-06-09..2025-06-13,2025-07-13,0,,,,,,77144.99,11571.75,0.00,88716.74,77144.99,0,77144.99,11571.75,0,88716.74,0.00,8871674,8871674,0.90,,,
MDS-00447,NGP-WS-055,HPHT,2025-06-09..2025-06-12,2025-06-21,0,,,,,,67339.65,10100.95,0.00,77440.60,67339.65,0,67339.65,10100.95,0,77440.60,0.00,7744060,7744060,0.90,,,
MDS-00448,NGP-HA-091,Standard,2025-06-10..2025-06-10,2025-06-13,0,,,,,,42938.77,6440.82,0.00,49379.59,42938.77,0,42938.77,6440.82,0,49379.59,0.00,4937959,4937959,0.90,,,
MDS-00449,NGP-HA-180,Extended Reach,2025-06-10..2025-06-13,2025-06-20,0,,,,,,92389.55,13858.43,0.00,106247.98,92389.55,0,92389.55,13858.43,0,106247.98,0.00,10624798,10624798,0.90,,,
MDS-00450,NGP-QA-074,Extended Reach,2025-06-10..2025-06-13,2025-06-21,0,,,,,,150682.33,22602.35,0.00,173284.68,150682.33,0,150682.33,22602.35,0,173284.68,0.00,17328468,17328468,0.90,,,
MDS-00451,NGP-QA-214,Standard,2025-06-10..2025-06-12,2025-07-09,0,,,,,,65714.22,9857.13,0.00,75571.35,65714.22,0,65714.22,9857.13,0,75571.35,0.00,7557135,7557135,0.90,,,
MDS-00452,NGP-WS-127,Standard,2025-06-10..2025-06-13,2025-07-03,0,,,,,,83422.37,12513.36,0.00,95935.73,83422.37,0,83422.37,12513.36,0,95935.73,0.00,9593573,9593573,0.90,,,
MDS-00453,NGP-HA-145,HPHT,2025-06-11..2025-06-14,2025-07-11,0,,,,,,67394.46,10109.17,0.00,77503.63,67394.46,0,67394.46,10109.17,0,77503.63,0.00,7750363,7750363,0.90,,,
MDS-00454,NGP-QA-198,Extended Reach,2025-06-11..2025-06-14,2025-07-11,0,,,,,,66010.57,9901.59,0.00,75912.16,66010.57,0,66010.57,9901.59,0,75912.16,0.00,7591216,7591216,0.90,,,
MDS-00455,NGP-WS-038,Standard,2025-06-11..2025-06-13,2025-07-12,0,,,,,,109650.59,16447.59,0.00,126098.18,109650.59,0,109650.59,16447.59,0,126098.18,0.00,12609818,12609818,0.90,,,
MDS-00456,NGP-WS-021,Extended Reach,2025-06-12..2025-06-17,2025-07-17,0,,,,,,145151.88,21772.78,0.00,166924.66,145151.88,0,145151.88,21772.78,0,166924.66,0.00,16692466,16692466,0.90,,,
MDS-00457,NGP-HA-162,Extended Reach,2025-06-13..2025-06-15,2025-07-13,0,,,,,,99786.32,14967.95,0.00,114754.27,99786.32,0,99786.32,14967.95,0,114754.27,0.00,11475427,11475427,0.90,,,
MDS-00458,NGP-QA-092,Standard,2025-06-13..2025-06-15,2025-06-25,0,,,,,,72174.54,10826.18,0.00,83000.72,72174.54,0,72174.54,10826.18,0,83000.72,0.00,8300072,8300072,0.90,,,
MDS-00459,NGP-QA-214,Standard,2025-06-13..2025-06-18,2025-07-16,0,,,,,,170120.72,25518.11,0.00,195638.83,170120.72,0,170120.72,25518.11,0,195638.83,0.00,19563883,19563883,0.90,,,
MDS-00460,NGP-WS-055,HPHT,2025-06-13..2025-06-13,2025-07-09,0,,,,,,43872.54,6580.88,0.00,50453.42,43872.54,0,43872.54,6580.88,0,50453.42,0.00,5045342,5045342,0.90,,,
MDS-00461,NGP-QA-004,Standard,2025-06-14..2025-06-15,2025-06-23,0,,,,,,57834.82,8675.22,0.00,66510.04,57834.82,0,57834.82,8675.22,0,66510.04,0.00,6651004,6651004,0.90,,,
MDS-00462,NGP-QA-074,Extended Reach,2025-06-14..2025-06-18,2025-07-10,0,,,,,,189218.46,28382.77,0.00,217601.23,189218.46,0,189218.46,28382.77,0,217601.23,0.00,21760123,21760123,0.90,,,
MDS-00463,NGP-WS-038,Standard,2025-06-14..2025-06-16,2025-06-26,1,index_or_fx_month_wrong,index_or_fx_month_wrong,index_or_fx_month_wrong=1516.26,,,1198512.04,179776.81,0.00,1378288.85,1236517.11,-39460.68,1197056.43,179558.46,0,1376614.89,-1673.96,137661489,137828885,0.85,MDS-00463-033,,
MDS-00464,NGP-WS-127,Standard,2025-06-14..2025-06-18,2025-07-07,0,,,,,,71125.83,10668.87,0.00,81794.70,71125.83,0,71125.83,10668.87,0,81794.70,0.00,8179470,8179470,0.90,,,
MDS-00465,NGP-BD-056,Extended Reach,2025-06-15..2025-06-17,2025-06-24,0,,,,,,79846.53,11976.98,0.00,91823.51,79846.53,0,79846.53,11976.98,0,91823.51,0.00,9182351,9182351,0.90,,,
MDS-00466,NGP-BD-110,Extended Reach,2025-06-15..2025-06-19,2025-07-02,0,,,,,,114994.22,17249.13,0.00,132243.35,114994.22,0,114994.22,17249.13,0,132243.35,0.00,13224335,13224335,0.90,,,
MDS-00467,NGP-HA-145,HPHT,2025-06-15..2025-06-20,2025-07-08,0,,,,,,228361.80,34254.27,0.00,262616.07,228361.80,0,228361.80,34254.27,0,262616.07,0.00,26261607,26261607,0.90,,,
MDS-00468,NGP-QA-198,Extended Reach,2025-06-15..2025-06-18,2025-07-12,0,,,,,,70015.23,10502.28,0.00,80517.51,70015.23,0,70015.23,10502.28,0,80517.51,0.00,8051751,8051751,0.90,,,
MDS-00469,NGP-QA-092,Standard,2025-06-16..2025-06-21,2025-07-15,0,,,,,,93779.23,14066.88,0.00,107846.11,93779.23,0,93779.23,14066.88,0,107846.11,0.00,10784611,10784611,0.90,,,
MDS-00470,NGP-WS-038,Standard,2025-06-17..2025-06-19,2025-07-02,0,,,,,,106912.61,16036.89,0.00,122949.50,106912.61,0,106912.61,16036.89,0,122949.50,0.00,12294950,12294950,0.90,,,
MDS-00471,NGP-BD-056,Extended Reach,2025-06-18..2025-06-20,2025-07-20,0,,,,,,34185.13,5127.77,0.00,39312.90,34185.13,0,34185.13,5127.77,0,39312.90,0.00,3931290,3931290,0.90,,,
MDS-00472,NGP-WS-021,Extended Reach,2025-06-18..2025-06-21,2025-07-09,0,,,,,,57049.36,8557.40,0.00,65606.76,57049.36,0,57049.36,8557.40,0,65606.76,0.00,6560676,6560676,0.90,,,
MDS-00473,NGP-WS-181,Standard,2025-06-18..2025-06-22,2025-07-07,0,,,,,,110129.12,16519.37,0.00,126648.49,110129.12,0,110129.12,16519.37,0,126648.49,0.00,12664849,12664849,0.90,,,
MDS-00474,NGP-BD-163,Standard,2025-06-19..2025-06-22,2025-07-11,0,,,,,,92442.06,13866.31,0.00,106308.37,92442.06,0,92442.06,13866.31,0,106308.37,0.00,10630837,10630837,0.90,,,
MDS-00475,NGP-QA-005,Standard,2025-06-19..2025-06-21,2025-07-05,0,,,,,,77066.84,11560.03,0.00,88626.87,77066.84,0,77066.84,11560.03,0,88626.87,0.00,8862687,8862687,0.90,,,
MDS-00476,NGP-QA-074,Extended Reach,2025-06-19..2025-06-22,2025-07-22,1,duplicate_measurement,duplicate_measurement,duplicate_measurement=3293.10,,,131866.35,19779.95,0.00,151646.30,128573.25,0,128573.25,19285.99,0,147859.24,-3787.06,14785924,15164630,0.90,MDS-00476-051,,
MDS-00477,NGP-QA-198,Extended Reach,2025-06-19..2025-06-22,2025-07-05,0,,,,,,74842.74,11226.41,0.00,86069.15,74842.74,0,74842.74,11226.41,0,86069.15,0.00,8606915,8606915,0.90,,,
MDS-00478,NGP-QA-214,Standard,2025-06-19..2025-06-23,2025-07-11,0,,,,,,151195.24,22679.29,0.00,173874.53,151195.24,0,151195.24,22679.29,0,173874.53,0.00,17387453,17387453,0.90,,,
MDS-00479,NGP-WS-127,Standard,2025-06-19..2025-06-23,2025-07-07,0,,,,,,70079.79,10511.97,0.00,80591.76,70079.79,0,70079.79,10511.97,0,80591.76,0.00,8059176,8059176,0.90,,,
MDS-00480,NGP-BD-110,Extended Reach,2025-06-20..2025-06-23,2025-07-10,0,,,,,,62261.57,9339.24,0.00,71600.81,62261.57,0,62261.57,9339.24,0,71600.81,0.00,7160081,7160081,0.90,,,
MDS-00481,NGP-WS-038,Standard,2025-06-20..2025-06-25,2025-06-30,0,,,,,,218205.92,32730.89,0.00,250936.81,218205.92,0,218205.92,32730.89,0,250936.81,0.00,25093681,25093681,0.90,,,
MDS-00482,NGP-BD-056,Extended Reach,2025-06-21..2025-06-25,2025-07-24,0,,,,,,75769.12,11365.37,0.00,87134.49,75769.12,0,75769.12,11365.37,0,87134.49,0.00,8713449,8713449,0.90,,,
MDS-00483,NGP-HA-145,HPHT,2025-06-21..2025-06-24,2025-07-10,0,,,,,,122638.93,18395.84,0.00,141034.77,122638.93,0,122638.93,18395.84,0,141034.77,0.00,14103477,14103477,0.90,,,
MDS-00484,NGP-QA-005,Standard,2025-06-22..2025-06-25,2025-07-05,0,,,,,,67292.64,10093.90,0.00,77386.54,67292.64,0,67292.64,10093.90,0,77386.54,0.00,7738654,7738654,0.90,,,
MDS-00485,NGP-QA-092,Standard,2025-06-22..2025-06-26,2025-07-14,0,,,,,,88552.77,13282.92,0.00,101835.69,88552.77,0,88552.77,13282.92,0,101835.69,0.00,10183569,10183569,0.90,,,
MDS-00486,NGP-WS-021,Extended Reach,2025-06-22..2025-06-25,2025-07-25,0,,,,,,58291.84,8743.78,0.00,67035.62,58291.84,0,58291.84,8743.78,0,67035.62,0.00,6703562,6703562,0.90,,,
MDS-00487,NGP-BD-163,Standard,2025-06-23..2025-06-28,2025-07-07,0,,,,,,84153.51,12623.03,0.00,96776.54,84153.51,0,84153.51,12623.03,0,96776.54,0.00,9677654,9677654,0.90,,,
MDS-00488,NGP-QA-074,Extended Reach,2025-06-23..2025-06-26,2025-06-30,0,,,,,,144476.11,21671.42,0.00,166147.53,144476.11,0,144476.11,21671.42,0,166147.53,0.00,16614753,16614753,0.90,,,
MDS-00489,NGP-QA-198,Extended Reach,2025-06-23..2025-06-27,2025-06-30,0,,,,,,107400.66,16110.10,0.00,123510.76,107400.66,0,107400.66,16110.10,0,123510.76,0.00,12351076,12351076,0.90,,,
MDS-00490,NGP-WS-181,Standard,2025-06-23..2025-06-26,2025-06-29,0,,,,,,61699.58,9254.94,0.00,70954.52,61699.58,0,61699.58,9254.94,0,70954.52,0.00,7095452,7095452,0.90,,,
MDS-00491,NGP-BD-110,Extended Reach,2025-06-24..2025-06-27,2025-07-06,0,,,,,,85347.47,12802.12,0.00,98149.59,85347.47,0,85347.47,12802.12,0,98149.59,0.00,9814959,9814959,0.90,,,
MDS-00492,NGP-WS-127,Standard,2025-06-24..2025-06-24,2025-06-27,0,,,,,,42938.77,6440.82,0.00,49379.59,42938.77,0,42938.77,6440.82,0,49379.59,0.00,4937959,4937959,0.90,,,
MDS-00493,NGP-HA-145,HPHT,2025-06-25..2025-06-30,2025-07-12,0,,,,,,243802.38,36570.36,0.00,280372.74,243802.38,0,243802.38,36570.36,0,280372.74,0.00,28037274,28037274,0.90,,,
MDS-00494,NGP-BD-056,Extended Reach,2025-06-26..2025-06-29,2025-07-25,0,,,,,,91334.60,13700.19,0.00,105034.79,91334.60,0,91334.60,13700.19,0,105034.79,0.00,10503479,10503479,0.90,,,
MDS-00495,NGP-QA-005,Standard,2025-06-26..2025-06-29,2025-07-03,0,,,,,,68294.38,10244.16,0.00,78538.54,68294.38,0,68294.38,10244.16,0,78538.54,0.00,7853854,7853854,0.90,,,
MDS-00496,NGP-QA-128,Standard,2025-06-26..2025-06-30,2025-07-14,0,,,,,,113982.33,17097.35,0.00,131079.68,113982.33,0,113982.33,17097.35,0,131079.68,0.00,13107968,13107968,0.90,,,
MDS-00497,NGP-WS-021,Extended Reach,2025-06-26..2025-06-29,2025-07-04,0,,,,,,90005.26,13500.79,0.00,103506.05,90005.26,0,90005.26,13500.79,0,103506.05,0.00,10350605,10350605,0.90,,,
MDS-00498,NGP-WS-038,Standard,2025-06-26..2025-06-29,2025-07-27,0,,,,,,60618.08,9092.71,0.00,69710.79,60618.08,0,60618.08,9092.71,0,69710.79,0.00,6971079,6971079,0.90,,,
MDS-00499,NGP-QA-074,Extended Reach,2025-06-27..2025-06-30,2025-07-25,0,,,,,,168969.21,25345.38,0.00,194314.59,168969.21,0,168969.21,25345.38,0,194314.59,0.00,19431459,19431459,0.90,,,
MDS-00500,NGP-QA-092,Standard,2025-06-27..2025-06-30,2025-07-28,0,,,,,,74725.97,11208.90,0.00,85934.87,74725.97,0,74725.97,11208.90,0,85934.87,0.00,8593487,8593487,0.90,,,
MDS-00501,NGP-WS-181,Standard,2025-06-27..2025-07-02,2025-07-28,0,,,,,,102863.21,15429.48,0.00,118292.69,102863.21,0,102863.21,15429.48,0,118292.69,0.00,11829269,11829269,0.90,,,
MDS-00502,NGP-BD-110,Extended Reach,2025-06-28..2025-07-01,2025-07-29,0,,,,,,133040.02,19956.00,0.00,152996.02,133040.02,0,133040.02,19956.00,0,152996.02,0.00,15299602,15299602,0.90,,,
MDS-00503,NGP-HA-215,Standard,2025-06-28..2025-07-03,2025-07-20,0,,,,,,127777.58,19166.64,0.00,146944.22,127777.58,0,127777.58,19166.64,0,146944.22,0.00,14694422,14694422,0.90,,,
MDS-00504,NGP-QA-198,Extended Reach,2025-06-28..2025-07-01,2025-07-08,0,,,,,,74716.12,11207.42,0.00,85923.54,74716.12,0,74716.12,11207.42,0,85923.54,0.00,8592354,8592354,0.90,,,
MDS-00505,NGP-BD-163,Standard,2025-06-29..2025-07-01,2025-07-04,0,,,,,,44338.33,6650.75,0.00,50989.08,44338.33,0,44338.33,6650.75,0,50989.08,0.00,5098908,5098908,0.90,,,
MDS-00506,NGP-BD-056,Extended Reach,2025-06-30..2025-07-03,2025-07-22,0,,,,,,114697.61,17204.64,0.00,131902.25,114697.61,0,114697.61,17204.64,0,131902.25,0.00,13190225,13190225,0.90,,,
MDS-00507,NGP-QA-005,Standard,2025-06-30..2025-07-02,2025-07-17,0,,,,,,81397.63,12209.64,0.00,93607.27,81397.63,0,81397.63,12209.64,0,93607.27,0.00,9360727,9360727,0.90,,,
MDS-00508,NGP-WS-038,Standard,2025-06-30..2025-07-05,2025-07-24,0,,,,,,117234.02,17585.10,0.00,134819.12,117234.02,0,117234.02,17585.10,0,134819.12,0.00,13481912,13481912,0.90,,,
MDS-00509,NGP-HA-145,HPHT,2025-07-01..2025-07-06,2025-07-16,0,,,,,,257502.46,38625.37,0.00,296127.83,257815.06,-312.60,257502.46,38625.37,0,296127.83,0.00,29612783,29612783,0.90,,,
MDS-00510,NGP-QA-074,Extended Reach,2025-07-01..2025-07-05,2025-07-21,0,,,,,,91013.89,13652.08,0.00,104665.97,91013.89,0,91013.89,13652.08,0,104665.97,0.00,10466597,10466597,0.90,,,
MDS-00511,NGP-QA-092,Standard,2025-07-01..2025-07-06,2025-08-05,0,,,,,,140033.38,21005.01,0.00,161038.39,140033.38,0,140033.38,21005.01,0,161038.39,0.00,16103839,16103839,0.90,,,
MDS-00512,NGP-QA-128,Standard,2025-07-01..2025-07-06,2025-07-30,0,,,,,,85726.54,12858.98,0.00,98585.52,85726.54,0,85726.54,12858.98,0,98585.52,0.00,9858552,9858552,0.90,,,
MDS-00513,NGP-BD-110,Extended Reach,2025-07-02..2025-07-05,2025-07-10,0,,,,,,149928.85,22489.33,0.00,172418.18,149928.85,0,149928.85,22489.33,0,172418.18,0.00,17241818,17241818,0.90,,,
MDS-00514,NGP-BD-163,Standard,2025-07-02..2025-07-06,2025-07-20,0,,,,,,145483.55,21822.53,0.00,167306.08,145483.55,0,145483.55,21822.53,0,167306.08,0.00,16730608,16730608,0.90,,,
MDS-00515,NGP-QA-198,Extended Reach,2025-07-02..2025-07-06,2025-07-11,0,,,,,,1252988.48,187948.27,0.00,1440936.75,1294779.67,-41791.19,1252988.48,187948.27,0,1440936.75,0.00,144093675,144093675,0.90,,,
MDS-00516,NGP-WS-022,Standard,2025-07-02..2025-07-06,2025-08-03,0,,,,,,112025.42,16803.81,0.00,128829.23,112025.42,0,112025.42,16803.81,0,128829.23,0.00,12882923,12882923,0.90,,,
MDS-00517,NGP-QA-005,Standard,2025-07-03..2025-07-07,2025-08-01,0,,,,,,123045.24,18456.79,0.00,141502.03,123045.24,0,123045.24,18456.79,0,141502.03,0.00,14150203,14150203,0.90,,,
MDS-00518,NGP-WS-181,Standard,2025-07-03..2025-07-07,2025-07-27,0,,,,,,99984.75,14997.71,0.00,114982.46,99984.75,0,99984.75,14997.71,0,114982.46,0.00,11498246,11498246,0.90,,,
MDS-00519,NGP-BD-056,Extended Reach,2025-07-04..2025-07-06,2025-07-12,0,,,,,,86189.23,12928.38,0.00,99117.61,86189.23,0,86189.23,12928.38,0,99117.61,0.00,9911761,9911761,0.90,,,
MDS-00520,NGP-HA-215,Standard,2025-07-04..2025-07-09,2025-07-22,0,,,,,,110343.30,16551.50,0.00,126894.80,110343.30,0,110343.30,16551.50,0,126894.80,0.00,12689480,12689480,0.90,,,
MDS-00521,NGP-BD-110,Extended Reach,2025-07-06..2025-07-09,2025-08-04,0,,,,,,130323.12,19548.47,0.00,149871.59,130323.12,0,130323.12,19548.47,0,149871.59,0.00,14987159,14987159,0.90,,,
MDS-00522,NGP-QA-074,Extended Reach,2025-07-06..2025-07-09,2025-08-03,0,,,,,,90848.65,13627.30,0.00,104475.95,90848.65,0,90848.65,13627.30,0,104475.95,0.00,10447595,10447595,0.90,,,
MDS-00523,NGP-BD-056,Extended Reach,2025-07-07..2025-07-09,2025-07-21,0,,,,,,106445.93,15966.89,0.00,122412.82,106445.93,0,106445.93,15966.89,0,122412.82,0.00,12241282,12241282,0.90,,,
MDS-00524,NGP-BD-163,Standard,2025-07-07..2025-07-11,2025-07-16,0,,,,,,161395.30,24209.30,0.00,185604.60,161395.30,0,161395.30,24209.30,0,185604.60,0.00,18560460,18560460,0.90,,,
MDS-00525,NGP-HA-145,HPHT,2025-07-07..2025-07-07,2025-07-31,0,,,,,,53163.91,7974.59,0.00,61138.50,53163.91,0,53163.91,7974.59,0,61138.50,0.00,6113850,6113850,0.90,,,
MDS-00526,NGP-QA-092,Standard,2025-07-07..2025-07-10,2025-08-01,0,,,,,,108144.11,16221.62,0.00,124365.73,108144.11,0,108144.11,16221.62,0,124365.73,0.00,12436573,12436573,0.90,,,
MDS-00527,NGP-QA-128,Standard,2025-07-07..2025-07-12,2025-07-23,0,,,,,,143835.54,21575.33,0.00,165410.87,143835.54,0,143835.54,21575.33,0,165410.87,0.00,16541087,16541087,0.90,,,
MDS-00528,NGP-QA-198,Extended Reach,2025-07-07..2025-07-09,2025-07-13,0,,,,,,85992.64,12898.90,0.00,98891.54,85992.64,0,85992.64,12898.90,0,98891.54,0.00,9889154,9889154,0.90,,,
MDS-00529,NGP-WS-022,Standard,2025-07-07..2025-07-11,2025-07-18,0,,,,,,80826.55,12123.98,0.00,92950.53,80826.55,0,80826.55,12123.98,0,92950.53,0.00,9295053,9295053,0.90,,,
MDS-00530,NGP-BD-039,Extended Reach,2025-07-08..2025-07-10,2025-07-14,0,,,,,,80255.41,12038.31,0.00,92293.72,80255.41,0,80255.41,12038.31,0,92293.72,0.00,9229372,9229372,0.90,,,
MDS-00531,NGP-QA-005,Standard,2025-07-08..2025-07-11,2025-07-22,0,,,,,,110049.41,16507.41,0.00,126556.82,110049.41,0,110049.41,16507.41,0,126556.82,0.00,12655682,12655682,0.90,,,
MDS-00532,NGP-WS-181,Standard,2025-07-08..2025-07-12,2025-08-10,0,,,,,,128066.19,19209.93,0.00,147276.12,128066.19,0,128066.19,19209.93,0,147276.12,0.00,14727612,14727612,0.90,,,
MDS-00533,NGP-BD-056,Extended Reach,2025-07-10..2025-07-13,2025-08-02,0,,,,,,125004.00,18750.60,0.00,143754.60,125004.00,0,125004.00,18750.60,0,143754.60,0.00,14375460,14375460,0.90,,,
MDS-00534,NGP-BD-110,Extended Reach,2025-07-10..2025-07-14,2025-07-25,0,,,,,,206074.71,30911.21,0.00,236985.92,206074.71,0,206074.71,30911.21,0,236985.92,0.00,23698592,23698592,0.90,,,
MDS-00535,NGP-HA-215,Standard,2025-07-10..2025-07-15,2025-08-11,0,,,,,,206487.40,30973.11,0.00,237460.51,206487.40,0,206487.40,30973.11,0,237460.51,0.00,23746051,23746051,0.90,,,
MDS-00536,NGP-QA-198,Extended Reach,2025-07-10..2025-07-14,2025-07-30,0,,,,,,153696.56,23054.48,0.00,176751.04,153696.56,0,153696.56,23054.48,0,176751.04,0.00,17675104,17675104,0.90,,,
MDS-00537,NGP-BD-039,Extended Reach,2025-07-11..2025-07-14,2025-08-29,1,submitted_late,submitted_late,submitted_late=0.00,submitted_over_30_days,Cl 33 p.8 (30 days),61337.79,9200.67,0.00,70538.46,61337.79,0,61337.79,9200.67,0,70538.46,0.00,7053846,7053846,0.80,,submitted 46 days after the period ended,
MDS-00538,NGP-QA-092,Standard,2025-07-11..2025-07-14,2025-08-12,0,,,,,,120982.94,18147.44,0.00,139130.38,120982.94,0,120982.94,18147.44,0,139130.38,0.00,13913038,13913038,0.90,,,
MDS-00539,NGP-BD-163,Standard,2025-07-12..2025-07-16,2025-08-08,0,,,,,,178167.39,26725.11,0.00,204892.50,178167.39,0,178167.39,26725.11,0,204892.50,0.00,20489250,20489250,0.90,,,
MDS-00540,NGP-HA-146,Extended Reach,2025-07-12..2025-07-14,2025-07-17,0,,,,,,71281.61,10692.24,0.00,81973.85,71281.61,0,71281.61,10692.24,0,81973.85,0.00,8197385,8197385,0.90,,,
MDS-00541,NGP-QA-005,Standard,2025-07-12..2025-07-14,2025-07-22,1,line_outside_period,line_outside_period,line_outside_period=3293.10,,,64353.87,9653.08,0.00,74006.95,61060.77,0,61060.77,9159.12,0,70219.89,-3787.06,7021989,7400695,0.85,MDS-00541-018,,report_ref DDR-005-20250713 is not the number of the 2025-08-09 report (Cl 19A)
MDS-00542,NGP-WS-022,Standard,2025-07-12..2025-07-14,2025-07-27,0,,,,,,128246.05,19236.91,0.00,147482.96,128246.05,0,128246.05,19236.91,0,147482.96,0.00,14748296,14748296,0.90,,,
MDS-00543,NGP-HA-075,Extended Reach,2025-07-13..2025-07-16,2025-08-10,0,,,,,,95507.42,14326.11,0.00,109833.53,95507.42,0,95507.42,14326.11,0,109833.53,0.00,10983353,10983353,0.90,,,
MDS-00544,NGP-QA-128,Standard,2025-07-13..2025-07-17,2025-07-24,0,,,,,,120014.59,18002.19,0.00,138016.78,120014.59,0,120014.59,18002.19,0,138016.78,0.00,13801678,13801678,0.90,,,
MDS-00545,NGP-WS-181,Standard,2025-07-13..2025-07-15,2025-07-22,0,,,,,,72966.44,10944.97,0.00,83911.41,72966.44,0,72966.44,10944.97,0,83911.41,0.00,8391141,8391141,0.90,,,
MDS-00546,NGP-BD-056,Extended Reach,2025-07-14..2025-07-16,2025-08-06,0,,,,,,103596.41,15539.46,0.00,119135.87,103596.41,0,103596.41,15539.46,0,119135.87,0.00,11913587,11913587,0.90,,,
MDS-00547,NGP-BD-039,Extended Reach,2025-07-15..2025-07-18,2025-08-04,0,,,,,,58844.72,8826.71,0.00,67671.43,58844.72,0,58844.72,8826.71,0,67671.43,0.00,6767143,6767143,0.90,,,
MDS-00548,NGP-HA-146,Extended Reach,2025-07-15..2025-07-19,2025-08-10,0,,,,,,89583.76,13437.56,0.00,103021.32,89583.76,0,89583.76,13437.56,0,103021.32,0.00,10302132,10302132,0.90,,,
MDS-00549,NGP-QA-005,Standard,2025-07-15..2025-07-20,2025-08-14,0,,,,,,148882.72,22332.41,0.00,171215.13,148882.72,0,148882.72,22332.41,0,171215.13,0.00,17121513,17121513,0.90,,,
MDS-00550,NGP-QA-198,Extended Reach,2025-07-15..2025-07-19,2025-08-18,0,,,,,,121057.03,18158.55,0.00,139215.58,121057.03,0,121057.03,18158.55,0,139215.58,0.00,13921558,13921558,0.90,,,
MDS-00551,NGP-WS-022,Standard,2025-07-15..2025-07-20,2025-08-19,1,total_arithmetic,total_arithmetic,total_arithmetic=2386.91,total_ne_net_plus_vat,Cl 40 p.8,200447.86,30067.18,0.00,232901.95,200447.86,0,200447.86,30067.18,0,230515.04,-2386.91,23051504,23290195,0.95,,total 232901.95 != net 200447.86 + VAT 30067.18 + adjustment 0.00,
MDS-00552,NGP-HA-215,Standard,2025-07-16..2025-07-18,2025-08-16,0,,,,,,94632.25,14194.84,0.00,108827.09,94632.25,0,94632.25,14194.84,0,108827.09,0.00,10882709,10882709,0.90,,,
MDS-00553,NGP-WS-181,Standard,2025-07-16..2025-07-18,2025-07-25,0,,,,,,80945.52,12141.83,0.00,93087.35,80945.52,0,80945.52,12141.83,0,93087.35,0.00,9308735,9308735,0.90,,,
MDS-00554,NGP-BD-163,Standard,2025-07-17..2025-07-22,2025-08-09,0,,,,,,215495.91,32324.39,0.00,247820.30,215495.91,0,215495.91,32324.39,0,247820.30,0.00,24782030,24782030,0.90,,,
MDS-00555,NGP-HA-075,Extended Reach,2025-07-17..2025-07-21,2025-07-30,0,,,,,,73614.55,11042.18,0.00,84656.73,73614.55,0,73614.55,11042.18,0,84656.73,0.00,8465673,8465673,0.90,,,
MDS-00556,NGP-QA-111,Standard,2025-07-18..2025-07-23,2025-08-15,0,,,,,,118331.79,17749.77,0.00,136081.56,118331.79,0,118331.79,17749.77,0,136081.56,0.00,13608156,13608156,0.90,,,
MDS-00557,NGP-QA-128,Standard,2025-07-18..2025-07-20,2025-08-07,0,,,,,,67905.99,10185.90,0.00,78091.89,67905.99,0,67905.99,10185.90,0,78091.89,0.00,7809189,7809189,0.90,,,
MDS-00558,NGP-WS-093,Extended Reach,2025-07-18..2025-07-23,2025-08-06,0,,,,,,127867.95,19180.19,0.00,147048.14,127867.95,0,127867.95,19180.19,0,147048.14,0.00,14704814,14704814,0.90,,,
MDS-00559,NGP-BD-039,Extended Reach,2025-07-19..2025-07-22,2025-08-08,0,,,,,,108899.99,16335.00,0.00,125234.99,108899.99,0,108899.99,16335.00,0,125234.99,0.00,12523499,12523499,0.90,,,
MDS-00560,NGP-HA-215,Standard,2025-07-19..2025-07-23,2025-07-28,0,,,,,,207118.75,31067.81,0.00,238186.56,207118.75,0,207118.75,31067.81,0,238186.56,0.00,23818656,23818656,0.90,,,
MDS-00561,NGP-WS-181,Standard,2025-07-19..2025-07-22,2025-08-09,0,,,,,,104810.29,15721.54,0.00,120531.83,104810.29,0,104810.29,15721.54,0,120531.83,0.00,12053183,12053183,0.90,,,
MDS-00562,NGP-BD-057,Standard,2025-07-20..2025-07-24,2025-08-01,0,,,,,,110987.12,16648.07,0.00,127635.19,110987.12,0,110987.12,16648.07,0,127635.19,0.00,12763519,12763519,0.90,,,
MDS-00563,NGP-HA-146,Extended Reach,2025-07-20..2025-07-24,2025-08-02,0,,,,,,123405.69,18510.85,0.00,141916.54,123405.69,0,123405.69,18510.85,0,141916.54,0.00,14191654,14191654,0.90,,,
MDS-00564,NGP-QA-198,Extended Reach,2025-07-20..2025-07-22,2025-08-01,0,,,,,,46657.24,6998.59,0.00,53655.83,46657.24,0,46657.24,6998.59,0,53655.83,0.00,5365583,5365583,0.90,,,
MDS-00565,NGP-QA-005,Standard,2025-07-21..2025-07-26,2025-08-11,0,,,,,,128702.90,19305.44,0.00,148008.34,128702.90,0,128702.90,19305.44,0,148008.34,0.00,14800834,14800834,0.90,,,
MDS-00566,NGP-QA-128,Standard,2025-07-21..2025-07-25,2025-08-23,0,,,,,,124377.80,18656.67,0.00,143034.47,124377.80,0,124377.80,18656.67,0,143034.47,0.00,14303447,14303447,0.90,,,
MDS-00567,NGP-WS-022,Standard,2025-07-21..2025-07-23,2025-08-07,0,,,,,,122014.95,18302.24,0.00,140317.19,122014.95,0,122014.95,18302.24,0,140317.19,0.00,14031719,14031719,0.90,,,
MDS-00568,NGP-HA-075,Extended Reach,2025-07-22..2025-07-27,2025-07-31,0,,,,,,173619.70,26042.96,0.00,199662.66,173619.70,0,173619.70,26042.96,0,199662.66,0.00,19966266,19966266,0.90,,,
MDS-00569,NGP-BD-039,Extended Reach,2025-07-23..2025-07-25,2025-08-10,0,,,,,,85038.32,12755.75,0.00,97794.07,85038.32,0,85038.32,12755.75,0,97794.07,0.00,9779407,9779407,0.90,,,
MDS-00570,NGP-BD-163,Standard,2025-07-23..2025-07-26,2025-08-02,0,,,,,,146346.62,21951.99,0.00,168298.61,146346.62,0,146346.62,21951.99,0,168298.61,0.00,16829861,16829861,0.90,,,
MDS-00571,NGP-QA-198,Extended Reach,2025-07-23..2025-07-26,2025-07-29,0,,,,,,88857.90,13328.68,0.00,102186.58,88857.90,0,88857.90,13328.68,0,102186.58,0.00,10218658,10218658,0.90,,,
MDS-00572,NGP-WS-181,Standard,2025-07-23..2025-07-27,2025-08-23,0,,,,,,86872.21,13030.83,0.00,99903.04,86872.21,0,86872.21,13030.83,0,99903.04,0.00,9990304,9990304,0.90,,,
MDS-00573,NGP-HA-215,Standard,2025-07-24..2025-07-27,2025-08-12,0,,,,,,156004.13,23400.62,0.00,179404.75,156004.13,0,156004.13,23400.62,0,179404.75,0.00,17940475,17940475,0.90,,,
MDS-00574,NGP-QA-111,Standard,2025-07-24..2025-07-27,2025-08-17,0,,,,,,431729.57,64759.44,0.00,496489.01,439301.64,-7572.07,431729.57,64759.44,0,496489.01,0.00,49648901,49648901,0.90,,,
MDS-00575,NGP-WS-022,Standard,2025-07-24..2025-07-27,2025-08-11,0,,,,,,149271.25,22390.69,0.00,171661.94,149271.25,0,149271.25,22390.69,0,171661.94,0.00,17166194,17166194,0.90,,,
MDS-00576,NGP-WS-093,Extended Reach,2025-07-24..2025-07-29,2025-08-10,0,,,,,,106163.09,15924.46,0.00,122087.55,106163.09,0,106163.09,15924.46,0,122087.55,0.00,12208755,12208755,0.90,,,
MDS-00577,NGP-BD-057,Standard,2025-07-25..2025-07-28,2025-07-31,0,,,,,,59451.35,8917.70,0.00,68369.05,59451.35,0,59451.35,8917.70,0,68369.05,0.00,6836905,6836905,0.90,,,
MDS-00578,NGP-HA-146,Extended Reach,2025-07-25..2025-07-29,2025-08-01,0,,,,,,167940.41,25191.06,0.00,193131.47,167940.41,0,167940.41,25191.06,0,193131.47,0.00,19313147,19313147,0.90,,,
MDS-00579,NGP-BD-039,Extended Reach,2025-07-26..2025-07-28,2025-08-15,0,,,,,,70748.67,10612.30,0.00,81360.97,70748.67,0,70748.67,10612.30,0,81360.97,0.00,8136097,8136097,0.90,,,
MDS-00580,NGP-QA-128,Standard,2025-07-26..2025-07-29,2025-08-16,1,duplicate_measurement,duplicate_measurement,duplicate_measurement=1898.45,,,104018.19,15602.73,0.00,119620.92,102119.74,0,102119.74,15317.96,0,117437.70,-2183.22,11743770,11962092,0.90,MDS-00580-046,,
MDS-00581,NGP-BD-163,Standard,2025-07-27..2025-07-29,2025-08-13,0,,,,,,117552.76,17632.91,0.00,135185.67,117552.76,0,117552.76,17632.91,0,135185.67,0.00,13518567,13518567,0.90,,,
MDS-00582,NGP-QA-005,Standard,2025-07-27..2025-08-01,2025-08-30,0,,,,,,94383.93,14157.59,0.00,108541.52,94383.93,0,94383.93,14157.59,0,108541.52,0.00,10854152,10854152,0.90,,,
MDS-00583,NGP-HA-075,Extended Reach,2025-07-28..2025-08-02,2025-08-25,0,,,,,,227093.16,34063.97,0.00,261157.13,227093.16,0,227093.16,34063.97,0,261157.13,0.00,26115713,26115713,0.90,,,
MDS-00584,NGP-HA-215,Standard,2025-07-28..2025-07-29,2025-08-05,0,,,,,,75569.49,11335.42,0.00,86904.91,75569.49,0,75569.49,11335.42,0,86904.91,0.00,8690491,8690491,0.90,,,
MDS-00585,NGP-QA-111,Standard,2025-07-28..2025-08-02,2025-08-30,0,,,,,,115870.74,17380.61,0.00,133251.35,115870.74,0,115870.74,17380.61,0,133251.35,0.00,13325135,13325135,0.90,,,
MDS-00586,NGP-WS-022,Standard,2025-07-28..2025-08-01,2025-08-16,1,depth_band_wrong,depth_band_wrong,depth_band_wrong=2047.00,,,191889.26,28783.39,0.00,220672.65,189842.26,0,189842.26,28476.34,0,218318.60,-2354.05,21831860,22067265,0.90,MDS-00586-039,,
MDS-00587,NGP-WS-181,Standard,2025-07-28..2025-07-30,2025-08-13,0,,,,,,45486.30,6822.94,0.00,52309.24,45486.30,0,45486.30,6822.94,0,52309.24,0.00,5230924,5230924,0.90,,,
MDS-00588,NGP-BD-039,Extended Reach,2025-07-29..2025-07-31,2025-08-10,0,,,,,,77004.41,11550.66,0.00,88555.07,77004.41,0,77004.41,11550.66,0,88555.07,0.00,8855507,8855507,0.90,,,
MDS-00589,NGP-BD-057,Standard,2025-07-29..2025-07-31,2025-08-21,0,,,,,,108935.40,16340.31,0.00,125275.71,108935.40,0,108935.40,16340.31,0,125275.71,0.00,12527571,12527571,0.90,,,
MDS-00590,NGP-HA-146,Extended Reach,2025-07-30..2025-08-04,2025-08-21,0,,,,,,221012.84,33151.93,0.00,254164.77,221012.84,0,221012.84,33151.93,0,254164.77,0.00,25416477,25416477,0.90,,,
MDS-00591,NGP-QA-128,Standard,2025-07-30..2025-08-04,2025-08-27,0,,,,,,100990.73,15148.61,0.00,116139.34,100990.73,0,100990.73,15148.61,0,116139.34,0.00,11613934,11613934,0.90,,,
MDS-00592,NGP-WS-093,Extended Reach,2025-07-30..2025-08-02,2025-08-26,0,,,,,,85198.24,12779.74,0.00,97977.98,85198.24,0,85198.24,12779.74,0,97977.98,0.00,9797798,9797798,0.90,,,
MDS-00593,NGP-WS-181,Standard,2025-07-31..2025-08-03,2025-08-20,0,,,,,,509073.48,76361.02,0.00,585434.50,519868.21,-10794.73,509073.48,76361.02,0,585434.50,0.00,58543450,58543450,0.90,,,
MDS-00594,NGP-WS-199,Standard,2025-07-31..2025-08-05,2025-08-27,0,,,,,,129651.97,19447.80,0.00,149099.77,129651.97,0,129651.97,19447.80,0,149099.77,0.00,14909977,14909977,0.90,,,
MDS-00595,NGP-BD-039,Extended Reach,2025-08-01..2025-08-03,2025-08-19,0,,,,,,75104.76,11265.71,0.00,86370.47,75104.76,0,75104.76,11265.71,0,86370.47,0.00,8637047,8637047,0.90,,,
MDS-00596,NGP-BD-057,Standard,2025-08-01..2025-08-04,2025-08-19,0,,,,,,167982.38,25197.36,0.00,193179.74,167982.38,0,167982.38,25197.36,0,193179.74,0.00,19317974,19317974,0.90,,,
MDS-00597,NGP-BD-164,Extended Reach,2025-08-01..2025-08-05,2025-08-08,0,,,,,,109576.66,16436.50,0.00,126013.16,109576.66,0,109576.66,16436.50,0,126013.16,0.00,12601316,12601316,0.90,,,
MDS-00598,NGP-QA-005,Standard,2025-08-02..2025-08-03,2025-08-14,0,,,,,,58122.13,8718.32,0.00,66840.45,58122.13,0,58122.13,8718.32,0,66840.45,0.00,6684045,6684045,0.90,,,
MDS-00599,NGP-WS-022,Standard,2025-08-02..2025-08-04,2025-08-30,0,,,,,,130231.03,19534.65,0.00,149765.68,130231.03,0,130231.03,19534.65,0,149765.68,0.00,14976568,14976568,0.90,,,
MDS-00600,NGP-HA-075,Extended Reach,2025-08-03..2025-08-08,2025-08-19,0,,,,,,218026.40,32703.96,0.00,250730.36,218026.40,0,218026.40,32703.96,0,250730.36,0.00,25073036,25073036,0.90,,,
MDS-00601,NGP-QA-111,Standard,2025-08-03..2025-08-07,2025-09-01,0,,,,,,108382.32,16257.35,0.00,124639.67,108382.32,0,108382.32,16257.35,0,124639.67,0.00,12463967,12463967,0.90,,,
MDS-00602,NGP-WS-093,Extended Reach,2025-08-03..2025-08-05,2025-09-03,0,,,,,,53881.56,8082.23,0.00,61963.79,53881.56,0,53881.56,8082.23,0,61963.79,0.00,6196379,6196379,0.90,,,
MDS-00603,NGP-BD-039,Extended Reach,2025-08-04..2025-08-06,2025-08-27,0,,,,,,69867.51,10480.13,0.00,80347.64,69867.51,0,69867.51,10480.13,0,80347.64,0.00,8034764,8034764,0.90,,,
MDS-00604,NGP-HA-216,Extended Reach,2025-08-04..2025-08-08,2025-08-27,0,,,,,,112551.91,16882.79,0.00,129434.70,112551.91,0,112551.91,16882.79,0,129434.70,0.00,12943470,12943470,0.90,,,
MDS-00605,NGP-BD-057,Standard,2025-08-05..2025-08-10,2025-09-07,0,,,,,,228939.94,34340.99,0.00,263280.93,228939.94,0,228939.94,34340.99,0,263280.93,0.00,26328093,26328093,0.90,,,
MDS-00606,NGP-HA-146,Extended Reach,2025-08-05..2025-08-07,2025-08-15,0,,,,,,114392.17,17158.83,0.00,131551.00,114392.17,0,114392.17,17158.83,0,131551.00,0.00,13155100,13155100,0.90,,,
MDS-00607,NGP-QA-128,Standard,2025-08-05..2025-08-08,2025-09-03,0,,,,,,88632.81,13294.92,0.00,101927.73,88632.81,0,88632.81,13294.92,0,101927.73,0.00,10192773,10192773,0.90,,,
MDS-00608,NGP-BD-164,Extended Reach,2025-08-06..2025-08-09,2025-08-16,0,,,,,,67508.87,10126.33,0.00,77635.20,67508.87,0,67508.87,10126.33,0,77635.20,0.00,7763520,7763520,0.90,,,
MDS-00609,NGP-WS-093,Extended Reach,2025-08-06..2025-08-08,2025-08-22,0,,,,,,78911.98,11836.80,0.00,90748.78,78911.98,0,78911.98,11836.80,0,90748.78,0.00,9074878,9074878,0.90,,,
MDS-00610,NGP-WS-199,Standard,2025-08-06..2025-08-11,2025-09-05,0,,,,,,445735.33,66860.30,0.00,512595.63,453890.97,-8155.64,445735.33,66860.30,0,512595.63,0.00,51259563,51259563,0.90,,,
MDS-00611,NGP-BD-039,Extended Reach,2025-08-07..2025-08-11,2025-08-25,0,,,,,,107643.99,16146.60,0.00,123790.59,107643.99,0,107643.99,16146.60,0,123790.59,0.00,12379059,12379059,0.90,,,
MDS-00612,NGP-HA-146,Extended Reach,2025-08-08..2025-08-11,2025-08-27,0,,,,,,470837.94,70625.69,0.00,541463.63,480039.52,-9201.58,470837.94,70625.69,0,541463.63,0.00,54146363,54146363,0.90,,,
MDS-00613,NGP-QA-111,Standard,2025-08-08..2025-08-13,2025-08-18,0,,,,,,146051.74,21907.76,0.00,167959.50,146051.74,0,146051.74,21907.76,0,167959.50,0.00,16795950,16795950,0.90,,,
MDS-00614,NGP-WS-182,Standard,2025-08-08..2025-08-13,2025-08-23,0,,,,,,121540.84,18231.13,0.00,139771.97,121540.84,0,121540.84,18231.13,0,139771.97,0.00,13977197,13977197,0.90,,,
MDS-00615,NGP-HA-006,Standard,2025-08-09..2025-08-12,2025-08-21,0,,,,,,101108.00,15166.20,0.00,116274.20,101108.00,0,101108.00,15166.20,0,116274.20,0.00,11627420,11627420,0.90,,,
MDS-00616,NGP-HA-075,Extended Reach,2025-08-09..2025-08-11,2025-08-20,0,,,,,,105649.35,15847.40,0.00,121496.75,105649.35,0,105649.35,15847.40,0,121496.75,0.00,12149675,12149675,0.90,,,
MDS-00617,NGP-HA-216,Extended Reach,2025-08-09..2025-08-12,2025-09-09,0,,,,,,68652.17,10297.83,0.00,78950.00,68652.17,0,68652.17,10297.83,0,78950.00,0.00,7895000,7895000,0.90,,,
MDS-00618,NGP-QA-023,HPHT,2025-08-09..2025-08-12,2025-08-20,0,,,,,,96891.72,14533.76,0.00,111425.48,96891.72,0,96891.72,14533.76,0,111425.48,0.00,11142548,11142548,0.90,,,
MDS-00619,NGP-WS-093,Extended Reach,2025-08-09..2025-08-12,2025-08-16,0,,,,,,109332.88,16399.93,0.00,125732.81,109332.88,0,109332.88,16399.93,0,125732.81,0.00,12573281,12573281,0.90,,,
MDS-00620,NGP-BD-164,Extended Reach,2025-08-10..2025-08-15,2025-08-23,0,,,,,,119736.35,17960.45,0.00,137696.80,119736.35,0,119736.35,17960.45,0,137696.80,0.00,13769680,13769680,0.90,,,
MDS-00621,NGP-BD-057,Standard,2025-08-11..2025-08-14,2025-08-27,0,,,,,,131875.89,19781.38,0.00,151657.27,131875.89,0,131875.89,19781.38,0,151657.27,0.00,15165727,15165727,0.90,,,
MDS-00622,NGP-BD-039,Extended Reach,2025-08-12..2025-08-15,2025-08-29,1,standby_rate_wrong,standby_rate_wrong,standby_rate_wrong=379.69,,,57799.95,8669.99,0.00,66469.94,57420.26,0,57420.26,8613.04,0,66033.30,-436.64,6603330,6646994,0.90,MDS-00622-014,,
MDS-00623,NGP-HA-075,Extended Reach,2025-08-12..2025-08-13,2025-08-22,0,,,,,,98839.48,14825.92,0.00,113665.40,98839.48,0,98839.48,14825.92,0,113665.40,0.00,11366540,11366540,0.90,,,
MDS-00624,NGP-HA-146,Extended Reach,2025-08-12..2025-08-14,2025-09-06,0,,,,,,116683.03,17502.45,0.00,134185.48,116683.03,0,116683.03,17502.45,0,134185.48,0.00,13418548,13418548,0.90,,,
MDS-00625,NGP-QA-129,Standard,2025-08-12..2025-08-17,2025-08-28,0,,,,,,121805.39,18270.81,0.00,140076.20,121805.39,0,121805.39,18270.81,0,140076.20,0.00,14007620,14007620,0.90,,,
MDS-00626,NGP-WS-199,Standard,2025-08-12..2025-08-16,2025-09-10,1,charge_not_in_record,charge_not_in_record,charge_not_in_record=719.55,,,136240.04,20436.01,0.00,156676.05,135520.49,0,135520.49,20328.07,0,155848.56,-827.49,15584856,15667605,0.90,MDS-00626-067,,
MDS-00627,NGP-HA-006,Standard,2025-08-13..2025-08-18,2025-08-23,0,,,,,,101300.47,15195.07,0.00,116495.54,101300.47,0,101300.47,15195.07,0,116495.54,0.00,11649554,11649554,0.90,,,
MDS-00628,NGP-HA-216,Extended Reach,2025-08-13..2025-08-15,2025-08-29,0,,,,,,91768.18,13765.23,0.00,105533.41,91768.18,0,91768.18,13765.23,0,105533.41,0.00,10553341,10553341,0.90,,,
MDS-00629,NGP-QA-023,HPHT,2025-08-13..2025-08-17,2025-09-05,0,,,,,,70630.37,10594.56,0.00,81224.93,70630.37,0,70630.37,10594.56,0,81224.93,0.00,8122493,8122493,0.90,,,
MDS-00630,NGP-WS-093,Extended Reach,2025-08-13..2025-08-17,2025-09-01,0,,,,,,167301.61,25095.24,0.00,192396.85,167301.61,0,167301.61,25095.24,0,192396.85,0.00,19239685,19239685,0.90,,,
MDS-00631,NGP-QA-111,Standard,2025-08-14..2025-08-17,2025-09-09,0,,,,,,106830.75,16024.61,0.00,122855.36,106830.75,0,106830.75,16024.61,0,122855.36,0.00,12285536,12285536,0.90,,,
MDS-00632,NGP-WS-182,Standard,2025-08-14..2025-08-18,2025-09-10,0,,,,,,104582.75,15687.41,0.00,120270.16,104582.75,0,104582.75,15687.41,0,120270.16,0.00,12027016,12027016,0.90,,,
MDS-00633,NGP-BD-057,Standard,2025-08-15..2025-08-19,2025-09-17,0,,,,,,195020.53,29253.08,0.00,224273.61,195020.53,0,195020.53,29253.08,0,224273.61,0.00,22427361,22427361,0.90,,,
MDS-00634,NGP-HA-146,Extended Reach,2025-08-15..2025-08-19,2025-08-29,0,,,,,,174060.19,26109.03,0.00,200169.22,174060.19,0,174060.19,26109.03,0,200169.22,0.00,20016922,20016922,0.90,,,
MDS-00635,NGP-BD-039,Extended Reach,2025-08-16..2025-08-19,2025-09-02,1,discount_early,discount_early,discount_early=230.52,,,89583.59,13437.54,0.00,103021.13,89814.11,0,89814.11,13472.12,0,103286.23,265.10,10328623,10302113,0.90,MDS-00635-037,,
MDS-00636,NGP-BD-164,Extended Reach,2025-08-16..2025-08-20,2025-09-15,0,,,,,,110451.96,16567.79,0.00,127019.75,110451.96,0,110451.96,16567.79,0,127019.75,0.00,12701975,12701975,0.90,,,
MDS-00637,NGP-HA-216,Extended Reach,2025-08-16..2025-08-21,2025-09-04,0,,,,,,217382.25,32607.34,0.00,249989.59,217382.25,0,217382.25,32607.34,0,249989.59,0.00,24998959,24998959,0.90,,,
MDS-00638,NGP-WS-199,Standard,2025-08-17..2025-08-20,2025-09-04,0,,,,,,181837.88,27275.68,0.00,209113.56,181837.88,0,181837.88,27275.68,0,209113.56,0.00,20911356,20911356,0.90,,,
MDS-00639,NGP-QA-023,HPHT,2025-08-18..2025-08-23,2025-09-01,1,lost_in_hole_value_wrong,lost_in_hole_value_wrong,lost_in_hole_value_wrong=26950.00,,,586841.60,88026.24,0.00,674867.84,573926.67,-12957.07,560969.60,84145.44,0,645115.04,-29752.80,64511504,67486784,0.90,MDS-00639-027,,
MDS-00640,NGP-QA-129,Standard,2025-08-18..2025-08-20,2025-09-03,0,,,,,,50185.86,7527.88,0.00,57713.74,50185.86,0,50185.86,7527.88,0,57713.74,0.00,5771374,5771374,0.90,,,
MDS-00641,NGP-HA-006,Standard,2025-08-19..2025-08-22,2025-09-15,0,,,,,,99674.51,14951.18,0.00,114625.69,99674.51,0,99674.51,14951.18,0,114625.69,0.00,11462569,11462569,0.90,,,
MDS-00642,NGP-HA-076,Standard,2025-08-19..2025-08-24,2025-09-20,0,,,,,,126168.59,18925.29,0.00,145093.88,126168.59,0,126168.59,18925.29,0,145093.88,0.00,14509388,14509388,0.90,,,
MDS-00643,NGP-WS-094,Extended Reach,2025-08-19..2025-08-24,2025-09-10,1,index_or_fx_month_wrong,index_or_fx_month_wrong,index_or_fx_month_wrong=255.59,,,128028.38,19204.26,0.00,147232.64,127772.79,0,127772.79,19165.92,0,146938.71,-293.93,14693871,14723264,0.90,MDS-00643-015,,
MDS-00644,NGP-WS-182,Standard,2025-08-19..2025-08-24,2025-09-09,0,,,,,,196356.57,29453.49,0.00,225810.06,196356.57,0,196356.57,29453.49,0,225810.06,0.00,22581006,22581006,0.90,,,
MDS-00645,NGP-BD-057,Standard,2025-08-20..2025-08-23,2025-08-21,1,submitted_before_period_end,submitted_before_period_end,submitted_before_period_end=0.00,submitted_before_period_end,Cl 33 p.8,95642.73,14346.41,0.00,109989.14,95642.73,0,95642.73,14346.41,0,109989.14,0.00,10998914,10998914,0.80,,"submitted 2025-08-21, before period end 2025-08-23",
MDS-00646,NGP-BD-164,Extended Reach,2025-08-21..2025-08-23,2025-09-15,0,,,,,,53349.55,8002.43,0.00,61351.98,53349.55,0,53349.55,8002.43,0,61351.98,0.00,6135198,6135198,0.90,,,
MDS-00647,NGP-HA-112,HPHT,2025-08-21..2025-08-25,2025-09-17,0,,,,,,111790.51,16768.58,0.00,128559.09,111790.51,0,111790.51,16768.58,0,128559.09,0.00,12855909,12855909,0.90,,,
MDS-00648,NGP-QA-129,Standard,2025-08-21..2025-08-26,2025-09-03,0,,,,,,114553.17,17182.98,0.00,131736.15,114553.17,0,114553.17,17182.98,0,131736.15,0.00,13173615,13173615,0.90,,,
MDS-00649,NGP-WS-199,Standard,2025-08-21..2025-08-26,2025-09-16,0,,,,,,223037.29,33455.59,0.00,256492.88,223037.29,0,223037.29,33455.59,0,256492.88,0.00,25649288,25649288,0.90,,,
MDS-00650,NGP-HA-216,Extended Reach,2025-08-22..2025-08-25,2025-09-11,0,,,,,,145833.14,21874.97,0.00,167708.11,145833.14,0,145833.14,21874.97,0,167708.11,0.00,16770811,16770811,0.90,,,
MDS-00651,NGP-HA-006,Standard,2025-08-23..2025-08-26,2025-09-04,0,,,,,,115921.03,17388.15,0.00,133309.18,115921.03,0,115921.03,17388.15,0,133309.18,0.00,13330918,13330918,0.90,,,
MDS-00652,NGP-BD-057,Standard,2025-08-24..2025-08-28,2025-09-15,0,,,,,,75261.00,11289.15,0.00,86550.15,75261.00,0,75261.00,11289.15,0,86550.15,0.00,8655015,8655015,0.90,,,
MDS-00653,NGP-BD-164,Extended Reach,2025-08-24..2025-08-29,2025-09-16,1,section_factor_wrong,section_factor_wrong,section_factor_wrong=76.49,,,169069.66,25360.45,0.00,194430.11,169146.15,0,169146.15,25371.92,0,194518.07,87.96,19451807,19443011,0.90,MDS-00653-019,,
MDS-00654,NGP-QA-023,HPHT,2025-08-24..2025-08-28,2025-09-05,0,,,,,,201777.91,30266.69,0.00,232044.60,201777.91,0,201777.91,30266.69,0,232044.60,0.00,23204460,23204460,0.90,,,
MDS-00655,NGP-BD-040,Standard,2025-08-25..2025-08-30,2025-09-20,0,,,,,,125394.84,18809.23,0.00,144204.07,125394.84,0,125394.84,18809.23,0,144204.07,0.00,14420407,14420407,0.90,,,
MDS-00656,NGP-HA-076,Standard,2025-08-25..2025-08-30,2025-09-26,0,,,,,,106457.32,15968.60,0.00,122425.92,106457.32,0,106457.32,15968.60,0,122425.92,0.00,12242592,12242592,0.90,,,
MDS-00657,NGP-WS-094,Extended Reach,2025-08-25..2025-08-29,2025-09-27,0,,,,,,85800.10,12870.02,0.00,98670.12,85800.10,0,85800.10,12870.02,0,98670.12,0.00,9867012,9867012,0.90,,,
MDS-00658,NGP-WS-147,HPHT,2025-08-25..2025-08-28,2025-09-22,0,,,,,,101519.47,15227.92,0.00,116747.39,101519.47,0,101519.47,15227.92,0,116747.39,0.00,11674739,11674739,0.90,,,
MDS-00659,NGP-WS-182,Standard,2025-08-25..2025-08-28,2025-09-02,0,,,,,,136171.66,20425.75,0.00,156597.41,136171.66,0,136171.66,20425.75,0,156597.41,0.00,15659741,15659741,0.90,,,
MDS-00660,NGP-HA-112,HPHT,2025-08-26..2025-08-29,2025-09-21,0,,,,,,67991.81,10198.77,0.00,78190.58,67991.81,0,67991.81,10198.77,0,78190.58,0.00,7819058,7819058,0.90,,,
MDS-00661,NGP-HA-216,Extended Reach,2025-08-26..2025-08-31,2025-09-15,0,,,,,,224345.25,33651.79,0.00,257997.04,224345.25,0,224345.25,33651.79,0,257997.04,0.00,25799704,25799704,0.90,,,
MDS-00662,NGP-HA-006,Standard,2025-08-27..2025-08-31,2025-09-24,0,,,,,,113304.26,16995.64,0.00,130299.90,113304.26,0,113304.26,16995.64,0,130299.90,0.00,13029990,13029990,0.90,,,
MDS-00663,NGP-QA-129,Standard,2025-08-27..2025-09-01,2025-09-04,0,,,,,,121901.19,18285.18,0.00,140186.37,121901.19,0,121901.19,18285.18,0,140186.37,0.00,14018637,14018637,0.90,,,
MDS-00664,NGP-WS-199,Standard,2025-08-27..2025-08-30,2025-09-25,0,,,,,,169116.21,25367.43,0.00,194483.64,169116.21,0,169116.21,25367.43,0,194483.64,0.00,19448364,19448364,0.90,,,
MDS-00665,NGP-BD-057,Standard,2025-08-29..2025-08-30,2025-09-17,0,,,,,,58227.50,8734.12,0.00,66961.62,58227.50,0,58227.50,8734.12,0,66961.62,0.00,6696162,6696162,0.90,,,
MDS-00666,NGP-QA-023,HPHT,2025-08-29..2025-09-03,2025-10-01,0,,,,,,234462.89,35169.43,0.00,269632.32,234462.89,0,234462.89,35169.43,0,269632.32,0.00,26963232,26963232,0.90,,,
MDS-00667,NGP-WS-147,HPHT,2025-08-29..2025-09-01,2025-09-29,0,,,,,,69123.98,10368.60,0.00,79492.58,69123.98,0,69123.98,10368.60,0,79492.58,0.00,7949258,7949258,0.90,,,
MDS-00668,NGP-WS-182,Standard,2025-08-29..2025-09-02,2025-09-21,0,,,,,,183228.69,27484.30,0.00,210712.99,183228.69,0,183228.69,27484.30,0,210712.99,0.00,21071299,21071299,0.90,,,
MDS-00669,NGP-BD-164,Extended Reach,2025-08-30..2025-09-02,2025-10-02,0,,,,,,97688.46,14653.27,0.00,112341.73,97688.46,0,97688.46,14653.27,0,112341.73,0.00,11234173,11234173,0.90,,,
MDS-00670,NGP-HA-112,HPHT,2025-08-30..2025-09-02,2025-09-22,0,,,,,,92038.51,13805.78,0.00,105844.29,92038.51,0,92038.51,13805.78,0,105844.29,0.00,10584429,10584429,0.90,,,
MDS-00671,NGP-WS-094,Extended Reach,2025-08-30..2025-09-04,2025-09-07,0,,,,,,202840.12,30426.02,0.00,233266.14,202840.12,0,202840.12,30426.02,0,233266.14,0.00,23326614,23326614,0.90,,,
MDS-00672,NGP-BD-040,Standard,2025-08-31..2025-09-02,2025-09-15,1,wrong_contract_ref,wrong_contract_ref,wrong_contract_ref=0.00,contract_ref_wrong,p.1; guideline check 1,41732.84,6259.93,0.00,47992.77,41732.84,0,41732.84,6259.93,0,47992.77,0.00,4799277,4799277,0.80,,contract_ref 'DSS-2025-118'; amount valued under DDS-2025-118,
MDS-00673,NGP-HA-076,Standard,2025-08-31..2025-09-02,2025-09-07,0,,,,,,97941.25,14691.19,0.00,112632.44,97941.25,0,97941.25,14691.19,0,112632.44,0.00,11263244,11263244,0.90,,,
MDS-00674,NGP-WS-199,Standard,2025-08-31..2025-08-31,2025-09-10,0,,,,,,49258.77,7388.82,0.00,56647.59,49258.77,0,49258.77,7388.82,0,56647.59,0.00,5664759,5664759,0.90,,,
MDS-00675,NGP-HA-006,Standard,2025-09-01..2025-09-03,2025-09-10,0,,,,,,72097.94,10814.69,0.00,82912.63,72097.94,0,72097.94,10814.69,0,82912.63,0.00,8291263,8291263,0.90,,,
MDS-00676,NGP-HA-216,Extended Reach,2025-09-01..2025-09-03,2025-09-21,0,,,,,,133785.99,20067.90,0.00,153853.89,133785.99,0,133785.99,20067.90,0,153853.89,0.00,15385389,15385389,0.90,,,
MDS-00677,NGP-QA-129,Standard,2025-09-02..2025-09-05,2025-10-05,0,,,,,,103999.75,15599.96,0.00,119599.71,103999.75,0,103999.75,15599.96,0,119599.71,0.00,11959971,11959971,0.90,,,
MDS-00678,NGP-WS-147,HPHT,2025-09-02..2025-09-07,2025-09-19,0,,,,,,138657.32,20798.60,0.00,159455.92,138657.32,0,138657.32,20798.60,0,159455.92,0.00,15945592,15945592,0.90,,,
MDS-00679,NGP-BD-040,Standard,2025-09-03..2025-09-07,2025-10-01,0,,,,,,118330.94,17749.64,0.00,136080.58,118330.94,0,118330.94,17749.64,0,136080.58,0.00,13608058,13608058,0.90,,,
MDS-00680,NGP-BD-164,Extended Reach,2025-09-03..2025-09-04,2025-09-21,0,,,,,,74298.42,11144.76,0.00,85443.18,74298.42,0,74298.42,11144.76,0,85443.18,0.00,8544318,8544318,0.90,,,
MDS-00681,NGP-HA-076,Standard,2025-09-03..2025-09-08,2025-09-12,0,,,,,,186180.19,27927.03,0.00,214107.22,186180.19,0,186180.19,27927.03,0,214107.22,0.00,21410722,21410722,0.90,,,
MDS-00682,NGP-HA-112,HPHT,2025-09-03..2025-09-07,2025-09-30,0,,,,,,179916.42,26987.46,0.00,206903.88,179916.42,0,179916.42,26987.46,0,206903.88,0.00,20690388,20690388,0.90,,,
MDS-00683,NGP-QA-058,Standard,2025-09-03..2025-09-06,2025-09-29,0,,,,,,96420.89,14463.13,0.00,110884.02,96420.89,0,96420.89,14463.13,0,110884.02,0.00,11088402,11088402,0.90,,,
MDS-00684,NGP-WS-182,Standard,2025-09-03..2025-09-08,2025-09-14,0,,,,,,229976.22,34496.43,0.00,264472.65,229976.22,0,229976.22,34496.43,0,264472.65,0.00,26447265,26447265,0.90,,,
MDS-00685,NGP-HA-006,Standard,2025-09-04..2025-09-08,2025-09-18,0,,,,,,101917.94,15287.69,0.00,117205.63,101917.94,0,101917.94,15287.69,0,117205.63,0.00,11720563,11720563,0.90,,,
MDS-00686,NGP-HA-216,Extended Reach,2025-09-04..2025-09-06,2025-09-23,0,,,,,,119928.06,17989.21,0.00,137917.27,119928.06,0,119928.06,17989.21,0,137917.27,0.00,13791727,13791727,0.90,,,
MDS-00687,NGP-QA-023,HPHT,2025-09-04..2025-09-08,2025-10-02,0,,,,,,202589.94,30388.49,0.00,232978.43,202589.94,0,202589.94,30388.49,0,232978.43,0.00,23297843,23297843,0.90,,,
MDS-00688,NGP-QA-200,Standard,2025-09-05..2025-09-08,2025-09-17,0,,,,,,88453.13,13267.97,0.00,101721.10,88453.13,0,88453.13,13267.97,0,101721.10,0.00,10172110,10172110,0.90,,,
MDS-00689,NGP-WS-094,Extended Reach,2025-09-05..2025-09-08,2025-09-11,0,,,,,,149303.60,22395.54,0.00,171699.14,149303.60,0,149303.60,22395.54,0,171699.14,0.00,17169914,17169914,0.90,,,
MDS-00690,NGP-QA-129,Standard,2025-09-06..2025-09-11,2025-09-20,0,,,,,,172264.40,25839.66,0.00,198104.06,172264.40,0,172264.40,25839.66,0,198104.06,0.00,19810406,19810406,0.90,,,
MDS-00691,NGP-QA-058,Standard,2025-09-07..2025-09-09,2025-09-21,0,,,,,,50165.01,7524.75,0.00,57689.76,50165.01,0,50165.01,7524.75,0,57689.76,0.00,5768976,5768976,0.90,,,
MDS-00692,NGP-BD-040,Standard,2025-09-08..2025-09-10,2025-10-02,0,,,,,,102433.92,15365.09,0.00,117799.01,102433.92,0,102433.92,15365.09,0,117799.01,0.00,11779901,11779901,0.90,,,
MDS-00693,NGP-BD-165,Standard,2025-09-08..2025-09-11,2025-09-20,0,,,,,,95362.69,14304.40,0.00,109667.09,95362.69,0,95362.69,14304.40,0,109667.09,0.00,10966709,10966709,0.90,,,
MDS-00694,NGP-HA-112,HPHT,2025-09-08..2025-09-11,2025-09-19,0,,,,,,166585.09,24987.76,0.00,191572.85,166585.09,0,166585.09,24987.76,0,191572.85,0.00,19157285,19157285,0.90,,,
MDS-00695,NGP-WS-147,HPHT,2025-09-08..2025-09-12,2025-10-11,0,,,,,,159647.46,23947.12,0.00,183594.58,159647.46,0,159647.46,23947.12,0,183594.58,0.00,18359458,18359458,0.90,,,
MDS-00696,NGP-HA-006,Standard,2025-09-09..2025-09-14,2025-10-06,0,,,,,,117704.70,17655.70,0.00,135360.40,117704.70,0,117704.70,17655.70,0,135360.40,0.00,13536040,13536040,0.90,,,
MDS-00697,NGP-HA-076,Standard,2025-09-09..2025-09-11,2025-09-24,0,,,,,,108554.66,16283.20,0.00,124837.86,108554.66,0,108554.66,16283.20,0,124837.86,0.00,12483786,12483786,0.90,,,
MDS-00698,NGP-QA-023,HPHT,2025-09-09..2025-09-11,2025-10-09,0,,,,,,96773.39,14516.01,0.00,111289.40,96773.39,0,96773.39,14516.01,0,111289.40,0.00,11128940,11128940,0.90,,,
MDS-00699,NGP-QA-200,Standard,2025-09-09..2025-09-11,2025-09-17,0,,,,,,45479.17,6821.88,0.00,52301.05,45479.17,0,45479.17,6821.88,0,52301.05,0.00,5230105,5230105,0.90,,,
MDS-00700,NGP-WS-094,Extended Reach,2025-09-09..2025-09-14,2025-09-28,1,qty_above_record,qty_above_record,qty_above_record=435.16,,,244637.33,36695.60,0.00,281332.93,244202.17,0,244202.17,36630.33,0,280832.50,-500.43,28083250,28133293,0.90,MDS-00700-022,,
MDS-00701,NGP-WS-182,Standard,2025-09-09..2025-09-13,2025-09-21,0,,,,,,182536.32,27380.45,0.00,209916.77,182536.32,0,182536.32,27380.45,0,209916.77,0.00,20991677,20991677,0.90,,,
MDS-00702,NGP-QA-058,Standard,2025-09-10..2025-09-13,2025-10-09,0,,,,,,88950.20,13342.53,0.00,102292.73,88950.20,0,88950.20,13342.53,0,102292.73,0.00,10229273,10229273,0.90,,,
MDS-00703,NGP-BD-040,Standard,2025-09-11..2025-09-14,2025-09-24,0,,,,,,470721.64,70608.25,0.00,541329.89,479918.38,-9196.74,470721.64,70608.25,0,541329.89,0.00,54132989,54132989,0.90,,,
MDS-00704,NGP-BD-217,Standard,2025-09-11..2025-09-14,2025-10-02,0,,,,,,93209.26,13981.39,0.00,107190.65,93209.26,0,93209.26,13981.39,0,107190.65,0.00,10719065,10719065,0.90,,,
MDS-00705,NGP-BD-165,Standard,2025-09-12..2025-09-14,2025-09-17,0,,,,,,47718.86,7157.83,0.00,54876.69,47718.86,0,47718.86,7157.83,0,54876.69,0.00,5487669,5487669,0.90,,,
MDS-00706,NGP-HA-076,Standard,2025-09-12..2025-09-15,2025-10-05,0,,,,,,178053.67,26708.05,0.00,204761.72,178053.67,0,178053.67,26708.05,0,204761.72,0.00,20476172,20476172,0.90,,,
MDS-00707,NGP-HA-112,HPHT,2025-09-12..2025-09-15,2025-09-27,0,,,,,,167864.38,25179.66,0.00,193044.04,167864.38,0,167864.38,25179.66,0,193044.04,0.00,19304404,19304404,0.90,,,
MDS-00708,NGP-QA-023,HPHT,2025-09-12..2025-09-17,2025-09-26,0,,,,,,283845.04,42576.76,0.00,326421.80,285255.25,-1410.21,283845.04,42576.76,0,326421.80,0.00,32642180,32642180,0.90,,,
MDS-00709,NGP-QA-129,Standard,2025-09-12..2025-09-17,2025-09-24,0,,,,,,109287.02,16393.05,0.00,125680.07,109287.02,0,109287.02,16393.05,0,125680.07,0.00,12568007,12568007,0.90,,,
MDS-00710,NGP-QA-200,Standard,2025-09-12..2025-09-14,2025-09-27,0,,,,,,46416.01,6962.40,0.00,53378.41,46416.01,0,46416.01,6962.40,0,53378.41,0.00,5337841,5337841,0.90,,,
MDS-00711,NGP-WS-147,HPHT,2025-09-13..2025-09-15,2025-09-26,0,,,,,,91439.51,13715.93,0.00,105155.44,91439.51,0,91439.51,13715.93,0,105155.44,0.00,10515544,10515544,0.90,,,
MDS-00712,NGP-QA-058,Standard,2025-09-14..2025-09-19,2025-10-08,0,,,,,,205800.89,30870.13,0.00,236671.02,205800.89,0,205800.89,30870.13,0,236671.02,0.00,23667102,23667102,0.90,,,
MDS-00713,NGP-WS-182,Standard,2025-09-14..2025-09-14,2025-09-27,0,,,,,,48940.42,7341.06,0.00,56281.48,48940.42,0,48940.42,7341.06,0,56281.48,0.00,5628148,5628148,0.90,,,
MDS-00714,NGP-BD-040,Standard,2025-09-15..2025-09-18,2025-09-29,0,,,,,,99753.06,14962.96,0.00,114716.02,99753.06,0,99753.06,14962.96,0,114716.02,0.00,11471602,11471602,0.90,,,
MDS-00715,NGP-BD-165,Standard,2025-09-15..2025-09-17,2025-10-05,0,,,,,,42826.56,6423.98,0.00,49250.54,42826.56,0,42826.56,6423.98,0,49250.54,0.00,4925054,4925054,0.90,,,
MDS-00716,NGP-BD-217,Standard,2025-09-15..2025-09-20,2025-09-28,0,,,,,,99057.27,14858.59,0.00,113915.86,99057.27,0,99057.27,14858.59,0,113915.86,0.00,11391586,11391586,0.90,,,
MDS-00717,NGP-HA-006,Standard,2025-09-15..2025-09-16,2025-09-26,0,,,,,,58079.40,8711.91,0.00,66791.31,58079.40,0,58079.40,8711.91,0,66791.31,0.00,6679131,6679131,0.90,,,
MDS-00718,NGP-QA-200,Standard,2025-09-15..2025-09-19,2025-09-25,0,,,,,,96055.77,14408.37,0.00,110464.14,96055.77,0,96055.77,14408.37,0,110464.14,0.00,11046414,11046414,0.90,,,
MDS-00719,NGP-WS-094,Extended Reach,2025-09-15..2025-09-19,2025-10-16,0,,,,,,215216.59,32282.49,0.00,247499.08,215216.59,0,215216.59,32282.49,0,247499.08,0.00,24749908,24749908,0.90,,,
MDS-00720,NGP-HA-076,Standard,2025-09-16..2025-09-18,2025-09-26,0,,,,,,58048.28,8707.24,0.00,66755.52,58048.28,0,58048.28,8707.24,0,66755.52,0.00,6675552,6675552,0.90,,,
MDS-00721,NGP-HA-112,HPHT,2025-09-16..2025-09-21,2025-09-25,0,,,,,,249474.86,37421.23,0.00,286896.09,249474.86,0,249474.86,37421.23,0,286896.09,0.00,28689609,28689609,0.90,,,
MDS-00722,NGP-WS-147,HPHT,2025-09-16..2025-09-18,2025-09-24,0,,,,,,116739.15,17510.87,0.00,134250.02,116739.15,0,116739.15,17510.87,0,134250.02,0.00,13425002,13425002,0.90,,,
MDS-00723,NGP-BD-165,Standard,2025-09-18..2025-09-21,2025-09-24,0,,,,,,109867.97,16480.20,0.00,126348.17,109867.97,0,109867.97,16480.20,0,126348.17,0.00,12634817,12634817,0.90,,,
MDS-00724,NGP-QA-023,HPHT,2025-09-18..2025-09-21,2025-10-19,0,,,,,,88918.07,13337.71,0.00,102255.78,88918.07,0,88918.07,13337.71,0,102255.78,0.00,10225578,10225578,0.90,,,
MDS-00725,NGP-QA-129,Standard,2025-09-18..2025-09-22,2025-10-15,0,,,,,,103295.12,15494.27,0.00,118789.39,103295.12,0,103295.12,15494.27,0,118789.39,0.00,11878939,11878939,0.90,,,
MDS-00726,NGP-WS-007,Standard,2025-09-18..2025-09-20,2025-10-19,0,,,,,,78376.47,11756.47,0.00,90132.94,78376.47,0,78376.47,11756.47,0,90132.94,0.00,9013294,9013294,0.90,,,
MDS-00727,NGP-WS-183,Extended Reach,2025-09-18..2025-09-21,2025-10-11,0,,,,,,95808.70,14371.30,0.00,110180.00,95808.70,0,95808.70,14371.30,0,110180.00,0.00,11018000,11018000,0.90,,,
MDS-00728,NGP-BD-040,Standard,2025-09-19..2025-09-22,2025-09-30,0,,,,,,142964.64,21444.70,0.00,164409.34,142964.64,0,142964.64,21444.70,0,164409.34,0.00,16440934,16440934,0.90,,,
MDS-00729,NGP-HA-076,Standard,2025-09-19..2025-09-23,2025-10-13,0,,,,,,71275.33,10691.30,0.00,81966.63,71275.33,0,71275.33,10691.30,0,81966.63,0.00,8196663,8196663,0.90,,,
MDS-00730,NGP-WS-147,HPHT,2025-09-19..2025-09-22,2025-10-14,0,,,,,,123915.45,18587.32,0.00,142502.77,123915.45,0,123915.45,18587.32,0,142502.77,0.00,14250277,14250277,0.90,,,
MDS-00731,NGP-QA-058,Standard,2025-09-20..2025-09-25,2025-09-28,0,,,,,,209869.75,31480.46,0.00,241350.21,209869.75,0,209869.75,31480.46,0,241350.21,0.00,24135021,24135021,0.90,,,
MDS-00732,NGP-QA-200,Standard,2025-09-20..2025-09-23,2025-10-12,1,index_or_fx_month_wrong,index_or_fx_month_wrong,index_or_fx_month_wrong=29.19,,,76202.55,11430.38,0.00,87632.93,76173.36,0,76173.36,11426.00,0,87599.36,-33.57,8759936,8763293,0.90,MDS-00732-034,,
MDS-00733,NGP-WS-094,Extended Reach,2025-09-20..2025-09-22,2025-10-10,0,,,,,,74727.50,11209.12,0.00,85936.62,74727.50,0,74727.50,11209.12,0,85936.62,0.00,8593662,8593662,0.90,,,
MDS-00734,NGP-BD-217,Standard,2025-09-21..2025-09-24,2025-10-08,0,,,,,,157099.26,23564.89,0.00,180664.15,157099.26,0,157099.26,23564.89,0,180664.15,0.00,18066415,18066415,0.90,,,
MDS-00735,NGP-WS-007,Standard,2025-09-21..2025-09-23,2025-10-03,0,,,,,,52611.16,7891.67,0.00,60502.83,52611.16,0,52611.16,7891.67,0,60502.83,0.00,6050283,6050283,0.90,,,
MDS-00736,NGP-BD-165,Standard,2025-09-22..2025-09-27,2025-10-20,0,,,,,,193875.60,29081.34,0.00,222956.94,193875.60,0,193875.60,29081.34,0,222956.94,0.00,22295694,22295694,0.90,,,
MDS-00737,NGP-HA-112,HPHT,2025-09-22..2025-09-27,2025-10-17,0,,,,,,140623.18,21093.48,0.00,161716.66,140623.18,0,140623.18,21093.48,0,161716.66,0.00,16171666,16171666,0.90,,,
MDS-00738,NGP-QA-023,HPHT,2025-09-22..2025-09-26,2025-10-23,0,,,,,,79411.76,11911.76,0.00,91323.52,79411.76,0,79411.76,11911.76,0,91323.52,0.00,9132352,9132352,0.90,,,
MDS-00739,NGP-WS-183,Extended Reach,2025-09-22..2025-09-24,2025-09-28,0,,,,,,46688.89,7003.33,0.00,53692.22,46688.89,0,46688.89,7003.33,0,53692.22,0.00,5369222,5369222,0.90,,,
MDS-00740,NGP-BD-040,Standard,2025-09-23..2025-09-25,2025-10-20,0,,,,,,130191.81,19528.77,0.00,149720.58,130191.81,0,130191.81,19528.77,0,149720.58,0.00,14972058,14972058,0.90,,,
MDS-00741,NGP-WS-094,Extended Reach,2025-09-23..2025-09-26,2025-10-22,0,,,,,,62296.88,9344.53,0.00,71641.41,62296.88,0,62296.88,9344.53,0,71641.41,0.00,7164141,7164141,0.90,,,
MDS-00742,NGP-WS-147,HPHT,2025-09-23..2025-09-24,2025-10-03,0,,,,,,80650.15,12097.52,0.00,92747.67,80650.15,0,80650.15,12097.52,0,92747.67,0.00,9274767,9274767,0.90,,,
MDS-00743,NGP-HA-076,Standard,2025-09-24..2025-09-26,2025-10-19,0,,,,,,44447.85,6667.18,0.00,51115.03,44447.85,0,44447.85,6667.18,0,51115.03,0.00,5111503,5111503,0.90,,,
MDS-00744,NGP-QA-200,Standard,2025-09-24..2025-09-29,2025-10-24,0,,,,,,128869.26,19330.39,0.00,148199.65,128869.26,0,128869.26,19330.39,0,148199.65,0.00,14819965,14819965,0.90,,,
MDS-00745,NGP-WS-007,Standard,2025-09-24..2025-09-26,2025-10-14,0,,,,,,42826.56,6423.98,0.00,49250.54,42826.56,0,42826.56,6423.98,0,49250.54,0.00,4925054,4925054,0.90,,,
MDS-00746,NGP-BD-217,Standard,2025-09-25..2025-09-29,2025-10-26,0,,,,,,184522.18,27678.33,0.00,212200.51,184522.18,0,184522.18,27678.33,0,212200.51,0.00,21220051,21220051,0.90,,,
MDS-00747,NGP-WS-130,Extended Reach,2025-09-25..2025-09-30,2025-10-18,0,,,,,,124873.02,18730.95,0.00,143603.97,124873.02,0,124873.02,18730.95,0,143603.97,0.00,14360397,14360397,0.90,,,
MDS-00748,NGP-WS-183,Extended Reach,2025-09-25..2025-09-27,2025-10-01,0,,,,,,44242.74,6636.41,0.00,50879.15,44242.74,0,44242.74,6636.41,0,50879.15,0.00,5087915,5087915,0.90,,,
MDS-00749,NGP-QA-058,Standard,2025-09-26..2025-09-30,2025-10-10,0,,,,,,167990.54,25198.58,0.00,193189.12,167990.54,0,167990.54,25198.58,0,193189.12,0.00,19318912,19318912,0.90,,,
MDS-00750,NGP-HA-041,HPHT,2025-09-27..2025-09-29,2025-10-19,0,,,,,,73540.62,11031.09,0.00,84571.71,73540.62,0,73540.62,11031.09,0,84571.71,0.00,8457171,8457171,0.90,,,
MDS-00751,NGP-HA-076,Standard,2025-09-27..2025-09-27,2025-10-21,0,,,,,,43765.27,6564.79,0.00,50330.06,43765.27,0,43765.27,6564.79,0,50330.06,0.00,5033006,5033006,0.90,,,
MDS-00752,NGP-HA-148,Standard,2025-09-27..2025-09-30,2025-10-19,0,,,,,,93473.81,14021.07,0.00,107494.88,93473.81,0,93473.81,14021.07,0,107494.88,0.00,10749488,10749488,0.90,,,
MDS-00753,NGP-QA-023,HPHT,2025-09-27..2025-09-27,2025-10-12,0,,,,,,43384.69,6507.70,0.00,49892.39,43384.69,0,43384.69,6507.70,0,49892.39,0.00,4989239,4989239,0.90,,,
MDS-00754,NGP-WS-007,Standard,2025-09-27..2025-09-29,2025-10-05,0,,,,,,50215.01,7532.25,0.00,57747.26,50215.01,0,50215.01,7532.25,0,57747.26,0.00,5774726,5774726,0.90,,,
MDS-00755,NGP-WS-094,Extended Reach,2025-09-27..2025-09-29,2025-10-27,0,,,,,,74676.00,11201.40,0.00,85877.40,74676.00,0,74676.00,11201.40,0,85877.40,0.00,8587740,8587740,0.90,,,
MDS-00756,NGP-BD-165,Standard,2025-09-28..2025-10-03,2025-10-22,0,,,,,,214837.86,32225.68,0.00,247063.54,214837.86,0,214837.86,32225.68,0,247063.54,0.00,24706354,24706354,0.90,,,
MDS-00757,NGP-HA-112,HPHT,2025-09-28..2025-10-01,2025-10-18,0,,,,,,64408.54,9661.28,0.00,74069.82,64408.54,0,64408.54,9661.28,0,74069.82,0.00,7406982,7406982,0.90,,,
MDS-00758,NGP-WS-183,Extended Reach,2025-09-28..2025-10-01,2025-10-26,0,,,,,,131961.19,19794.18,0.00,151755.37,131961.19,0,131961.19,19794.18,0,151755.37,0.00,15175537,15175537,0.90,,,
MDS-00759,NGP-BD-024,Standard,2025-09-29..2025-10-02,2025-10-31,0,,,,,,96239.38,14435.91,0.00,110675.29,96239.38,0,96239.38,14435.91,0,110675.29,0.00,11067529,11067529,0.90,,,
MDS-00760,NGP-BD-217,Standard,2025-09-30..2025-10-03,2025-10-15,0,,,,,,146042.15,21906.32,0.00,167948.47,146042.15,0,146042.15,21906.32,0,167948.47,0.00,16794847,16794847,0.90,,,
MDS-00761,NGP-HA-041,HPHT,2025-09-30..2025-10-03,2025-10-09,0,,,,,,69159.97,10374.00,0.00,79533.97,69159.97,0,69159.97,10374.00,0,79533.97,0.00,7953397,7953397,0.90,,,
MDS-00762,NGP-HA-077,Extended Reach,2025-09-30..2025-10-03,2025-11-02,0,,,,,,95798.77,14369.82,0.00,110168.59,95798.77,0,95798.77,14369.82,0,110168.59,0.00,11016859,11016859,0.90,,,
MDS-00763,NGP-QA-200,Standard,2025-09-30..2025-10-04,2025-10-20,0,,,,,,118496.48,17774.47,0.00,136270.95,118496.48,0,118496.48,17774.47,0,136270.95,0.00,13627095,13627095,0.90,,,
MDS-00764,NGP-WS-007,Standard,2025-09-30..2025-10-02,2025-10-21,0,,,,,,58796.44,8819.47,0.00,67615.91,58796.44,0,58796.44,8819.47,0,67615.91,0.00,6761591,6761591,0.90,,,
MDS-00765,NGP-BD-095,Standard,2025-10-01..2025-10-05,2025-10-13,0,,,,,,113089.49,16963.42,0.00,130052.91,113089.49,0,113089.49,16963.42,0,130052.91,0.00,13005291,13005291,0.90,,,
MDS-00766,NGP-HA-148,Standard,2025-10-01..2025-10-03,2025-10-09,0,,,,,,45385.63,6807.84,0.00,52193.47,45385.63,0,45385.63,6807.84,0,52193.47,0.00,5219347,5219347,0.90,,,
MDS-00767,NGP-QA-058,Standard,2025-10-01..2025-10-03,2025-10-21,1,qty_above_record,qty_above_record,qty_above_record=309.75,,,136082.58,20412.39,0.00,156494.97,135772.83,0,135772.83,20365.92,0,156138.75,-356.22,15613875,15649497,0.90,MDS-00767-012,,
MDS-00768,NGP-WS-130,Extended Reach,2025-10-01..2025-10-04,2025-10-11,0,,,,,,64056.58,9608.49,0.00,73665.07,64056.58,0,64056.58,9608.49,0,73665.07,0.00,7366507,7366507,0.90,,,
MDS-00769,NGP-HA-112,HPHT,2025-10-02..2025-10-03,2025-10-11,0,,,,,,59584.90,8937.74,0.00,68522.64,59584.90,0,59584.90,8937.74,0,68522.64,0.00,6852264,6852264,0.90,,,
MDS-00770,NGP-WS-183,Extended Reach,2025-10-02..2025-10-05,2025-10-30,0,,,,,,138297.08,20744.56,0.00,159041.64,138297.08,0,138297.08,20744.56,0,159041.64,0.00,15904164,15904164,0.90,,,
MDS-00771,NGP-BD-024,Standard,2025-10-03..2025-10-07,2025-11-01,0,,,,,,70448.48,10567.27,0.00,81015.75,70448.48,0,70448.48,10567.27,0,81015.75,0.00,8101575,8101575,0.90,,,
MDS-00772,NGP-WS-007,Standard,2025-10-03..2025-10-08,2025-10-29,0,,,,,,127198.63,19079.79,0.00,146278.42,127198.63,0,127198.63,19079.79,0,146278.42,0.00,14627842,14627842,0.90,,,
MDS-00773,NGP-BD-165,Standard,2025-10-04..2025-10-06,2025-11-04,0,,,,,,401080.73,60162.11,0.00,461242.84,407375.76,-6295.03,401080.73,60162.11,0,461242.84,0.00,46124284,46124284,0.90,,,
MDS-00774,NGP-BD-217,Standard,2025-10-04..2025-10-07,2025-10-31,0,,,,,,141040.12,21156.02,0.00,162196.14,141040.12,0,141040.12,21156.02,0,162196.14,0.00,16219614,16219614,0.90,,,
MDS-00775,NGP-HA-041,HPHT,2025-10-04..2025-10-06,2025-10-24,0,,,,,,40395.39,6059.31,0.00,46454.70,40395.39,0,40395.39,6059.31,0,46454.70,0.00,4645470,4645470,0.90,,,
MDS-00776,NGP-HA-077,Extended Reach,2025-10-04..2025-10-07,2025-10-20,0,,,,,,59164.28,8874.64,0.00,68038.92,59164.28,0,59164.28,8874.64,0,68038.92,0.00,6803892,6803892,0.90,,,
MDS-00777,NGP-HA-148,Standard,2025-10-04..2025-10-09,2025-11-06,0,,,,,,84977.27,12746.59,0.00,97723.86,84977.27,0,84977.27,12746.59,0,97723.86,0.00,9772386,9772386,0.90,,,
MDS-00778,NGP-QA-058,Standard,2025-10-04..2025-10-07,2025-10-13,0,,,,,,168048.35,25207.25,0.00,193255.60,168048.35,0,168048.35,25207.25,0,193255.60,0.00,19325560,19325560,0.90,,,
MDS-00779,NGP-QA-200,Standard,2025-10-05..2025-10-10,2025-10-20,0,,,,,,144860.63,21729.09,0.00,166589.72,144860.63,0,144860.63,21729.09,0,166589.72,0.00,16658972,16658972,0.90,,,
MDS-00780,NGP-WS-130,Extended Reach,2025-10-05..2025-10-09,2025-11-08,0,,,,,,198583.97,29787.60,0.00,228371.57,198583.97,0,198583.97,29787.60,0,228371.57,0.00,22837157,22837157,0.90,,,
MDS-00781,NGP-BD-095,Standard,2025-10-06..2025-10-10,2025-10-30,0,,,,,,74011.95,11101.79,0.00,85113.74,74011.95,0,74011.95,11101.79,0,85113.74,0.00,8511374,8511374,0.90,,,
MDS-00782,NGP-WS-183,Extended Reach,2025-10-06..2025-10-09,2025-10-15,0,,,,,,146632.41,21994.86,0.00,168627.27,146632.41,0,146632.41,21994.86,0,168627.27,0.00,16862727,16862727,0.90,,,
MDS-00783,NGP-BD-165,Standard,2025-10-07..2025-10-12,2025-11-11,0,,,,,,109200.91,16380.14,0.00,125581.05,109200.91,0,109200.91,16380.14,0,125581.05,0.00,12558105,12558105,0.90,,,
MDS-00784,NGP-HA-041,HPHT,2025-10-07..2025-10-11,2025-10-24,0,,,,,,109948.06,16492.21,0.00,126440.27,109948.06,0,109948.06,16492.21,0,126440.27,0.00,12644027,12644027,0.90,,,
MDS-00785,NGP-BD-024,Standard,2025-10-08..2025-10-13,2025-10-30,0,,,,,,87766.99,13165.05,0.00,100932.04,87766.99,0,87766.99,13165.05,0,100932.04,0.00,10093204,10093204,0.90,,,
MDS-00786,NGP-BD-217,Standard,2025-10-08..2025-10-11,2025-10-31,0,,,,,,151454.60,22718.19,0.00,174172.79,151454.60,0,151454.60,22718.19,0,174172.79,0.00,17417279,17417279,0.90,,,
MDS-00787,NGP-HA-077,Extended Reach,2025-10-08..2025-10-13,2025-10-22,0,,,,,,178938.62,26840.79,0.00,205779.41,178938.62,0,178938.62,26840.79,0,205779.41,0.00,20577941,20577941,0.90,,,
MDS-00788,NGP-QA-058,Standard,2025-10-08..2025-10-11,2025-10-14,0,,,,,,83554.83,12533.22,0.00,96088.05,83554.83,0,83554.83,12533.22,0,96088.05,0.00,9608805,9608805,0.90,,,
MDS-00789,NGP-QA-113,Standard,2025-10-09..2025-10-14,2025-11-07,0,,,,,,126609.00,18991.35,0.00,145600.35,126609.00,0,126609.00,18991.35,0,145600.35,0.00,14560035,14560035,0.90,,,
MDS-00790,NGP-WS-007,Standard,2025-10-09..2025-10-14,2025-11-05,0,,,,,,140910.84,21136.63,0.00,162047.47,140910.84,0,140910.84,21136.63,0,162047.47,0.00,16204747,16204747,0.90,,,
MDS-00791,NGP-HA-148,Standard,2025-10-10..2025-10-15,2025-10-18,1,index_or_fx_month_wrong,index_or_fx_month_wrong,index_or_fx_month_wrong=1053.31,,,102368.53,15355.28,0.00,117723.81,101315.22,0,101315.22,15197.28,0,116512.50,-1211.31,11651250,11772381,0.90,MDS-00791-024,,
MDS-00792,NGP-WS-130,Extended Reach,2025-10-10..2025-10-13,2025-11-11,0,,,,,,153143.15,22971.47,0.00,176114.62,153143.15,0,153143.15,22971.47,0,176114.62,0.00,17611462,17611462,0.90,,,
MDS-00793,NGP-WS-183,Extended Reach,2025-10-10..2025-10-15,2025-11-14,0,,,,,,235899.37,35384.91,0.00,271284.28,235899.37,0,235899.37,35384.91,0,271284.28,0.00,27128428,27128428,0.90,,,
MDS-00794,NGP-BD-095,Standard,2025-10-11..2025-10-14,2025-10-17,0,,,,,,78280.56,11742.08,0.00,90022.64,78280.56,0,78280.56,11742.08,0,90022.64,0.00,9002264,9002264,0.90,,,
MDS-00795,NGP-QA-200,Standard,2025-10-11..2025-10-13,2025-10-28,0,,,,,,93274.41,13991.16,0.00,107265.57,93274.41,0,93274.41,13991.16,0,107265.57,0.00,10726557,10726557,0.90,,,
MDS-00796,NGP-BD-217,Standard,2025-10-12..2025-10-14,2025-10-28,0,,,,,,69829.87,10474.48,0.00,80304.35,69829.87,0,69829.87,10474.48,0,80304.35,0.00,8030435,8030435,0.90,,,
MDS-00797,NGP-HA-041,HPHT,2025-10-12..2025-10-15,2025-11-08,0,,,,,,114298.21,17144.73,0.00,131442.94,114298.21,0,114298.21,17144.73,0,131442.94,0.00,13144294,13144294,0.90,,,
MDS-00798,NGP-QA-058,Standard,2025-10-12..2025-10-17,2025-10-29,0,,,,,,90616.38,13592.46,0.00,104208.84,90616.38,0,90616.38,13592.46,0,104208.84,0.00,10420884,10420884,0.90,,,
MDS-00799,NGP-BD-165,Standard,2025-10-13..2025-10-16,2025-11-06,1,qty_above_record,qty_above_record,qty_above_record=309.75,,,88469.31,13270.40,0.00,101739.71,88159.56,0,88159.56,13223.93,0,101383.49,-356.22,10138349,10173971,0.90,MDS-00799-009,,
MDS-00800,NGP-BD-024,Standard,2025-10-14..2025-10-18,2025-10-22,0,,,,,,174539.10,26180.86,0.00,200719.96,174539.10,0,174539.10,26180.86,0,200719.96,0.00,20071996,20071996,0.90,,,
MDS-00801,NGP-HA-077,Extended Reach,2025-10-14..2025-10-17,2025-10-26,0,,,,,,145490.17,21823.53,0.00,167313.70,145490.17,0,145490.17,21823.53,0,167313.70,0.00,16731370,16731370,0.90,,,
MDS-00802,NGP-WS-130,Extended Reach,2025-10-14..2025-10-19,2025-10-25,0,,,,,,224624.09,33693.61,0.00,258317.70,224624.09,0,224624.09,33693.61,0,258317.70,0.00,25831770,25831770,0.90,,,
MDS-00803,NGP-BD-095,Standard,2025-10-15..2025-10-19,2025-11-02,0,,,,,,96991.75,14548.76,0.00,111540.51,96991.75,0,96991.75,14548.76,0,111540.51,0.00,11154051,11154051,0.90,,,
MDS-00804,NGP-BD-217,Standard,2025-10-15..2025-10-19,2025-11-01,1,discount_early,discount_early,discount_early=230.52,,,176875.03,26531.25,0.00,203406.28,177105.55,0,177105.55,26565.83,0,203671.38,265.10,20367138,20340628,0.90,MDS-00804-009,,
MDS-00805,NGP-QA-113,Standard,2025-10-15..2025-10-18,2025-10-27,0,,,,,,57252.64,8587.90,0.00,65840.54,57252.64,0,57252.64,8587.90,0,65840.54,0.00,6584054,6584054,0.90,,,
MDS-00806,NGP-WS-007,Standard,2025-10-15..2025-10-18,2025-11-12,0,,,,,,91963.37,13794.51,0.00,105757.88,91963.37,0,91963.37,13794.51,0,105757.88,0.00,10575788,10575788,0.90,,,
MDS-00807,NGP-HA-041,HPHT,2025-10-16..2025-10-21,2025-10-26,0,,,,,,164250.03,24637.50,0.00,188887.53,164250.03,0,164250.03,24637.50,0,188887.53,0.00,18888753,18888753,0.90,,,
MDS-00808,NGP-HA-148,Standard,2025-10-16..2025-10-19,2025-10-24,0,,,,,,81496.30,12224.44,0.00,93720.74,81496.30,0,81496.30,12224.44,0,93720.74,0.00,9372074,9372074,0.90,,,
MDS-00809,NGP-WS-183,Extended Reach,2025-10-16..2025-10-20,2025-11-11,0,,,,,,194016.67,29102.50,0.00,223119.17,194016.67,0,194016.67,29102.50,0,223119.17,0.00,22311917,22311917,0.90,,,
MDS-00810,NGP-WS-201,Standard,2025-10-16..2025-10-20,2025-11-05,0,,,,,,113089.49,16963.42,0.00,130052.91,113089.49,0,113089.49,16963.42,0,130052.91,0.00,13005291,13005291,0.90,,,
MDS-00811,NGP-HA-077,Extended Reach,2025-10-18..2025-10-22,2025-11-03,0,,,,,,173526.06,26028.91,0.00,199554.97,173526.06,0,173526.06,26028.91,0,199554.97,0.00,19955497,19955497,0.90,,,
MDS-00812,NGP-QA-058,Standard,2025-10-18..2025-10-19,2025-11-11,0,,,,,,57926.03,8688.90,0.00,66614.93,57926.03,0,57926.03,8688.90,0,66614.93,0.00,6661493,6661493,0.90,,,
MDS-00813,NGP-BD-024,Standard,2025-10-19..2025-10-23,2025-11-06,0,,,,,,152839.37,22925.91,0.00,175765.28,152839.37,0,152839.37,22925.91,0,175765.28,0.00,17576528,17576528,0.90,,,
MDS-00814,NGP-QA-113,Standard,2025-10-19..2025-10-24,2025-11-22,0,,,,,,154240.03,23136.00,0.00,177376.03,154240.03,0,154240.03,23136.00,0,177376.03,0.00,17737603,17737603,0.90,,,
MDS-00815,NGP-WS-007,Standard,2025-10-19..2025-10-24,2025-11-12,0,,,,,,90241.17,13536.18,0.00,103777.35,90241.17,0,90241.17,13536.18,0,103777.35,0.00,10377735,10377735,0.90,,,
MDS-00816,NGP-WS-166,Standard,2025-10-19..2025-10-24,2025-10-31,0,,,,,,121223.53,18183.53,0.00,139407.06,121223.53,0,121223.53,18183.53,0,139407.06,0.00,13940706,13940706,0.90,,,
MDS-00817,NGP-BD-095,Standard,2025-10-20..2025-10-25,2025-11-18,0,,,,,,172580.29,25887.04,0.00,198467.33,172580.29,0,172580.29,25887.04,0,198467.33,0.00,19846733,19846733,0.90,,,
MDS-00818,NGP-HA-148,Standard,2025-10-20..2025-10-24,2025-11-04,0,,,,,,142928.10,21439.22,0.00,164367.32,142928.10,0,142928.10,21439.22,0,164367.32,0.00,16436732,16436732,0.90,,,
MDS-00819,NGP-WS-130,Extended Reach,2025-10-20..2025-10-22,2025-10-26,0,,,,,,116312.94,17446.94,0.00,133759.88,116312.94,0,116312.94,17446.94,0,133759.88,0.00,13375988,13375988,0.90,,,
MDS-00820,NGP-WS-183,Extended Reach,2025-10-21..2025-10-21,2025-11-07,0,,,,,,52372.60,7855.89,0.00,60228.49,52372.60,0,52372.60,7855.89,0,60228.49,0.00,6022849,6022849,0.90,,,
MDS-00821,NGP-WS-201,Standard,2025-10-21..2025-10-24,2025-11-11,0,,,,,,69323.84,10398.58,0.00,79722.42,69323.84,0,69323.84,10398.58,0,79722.42,0.00,7972242,7972242,0.90,,,
MDS-00822,NGP-HA-041,HPHT,2025-10-22..2025-10-24,2025-11-20,0,,,,,,123904.55,18585.68,0.00,142490.23,123904.55,0,123904.55,18585.68,0,142490.23,0.00,14249023,14249023,0.90,,,
MDS-00823,NGP-HA-077,Extended Reach,2025-10-23..2025-10-25,2025-11-18,0,,,,,,109704.19,16455.63,0.00,126159.82,109704.19,0,109704.19,16455.63,0,126159.82,0.00,12615982,12615982,0.90,,,
MDS-00824,NGP-WS-130,Extended Reach,2025-10-23..2025-10-25,2025-11-12,0,,,,,,138012.86,20701.93,0.00,158714.79,138012.86,0,138012.86,20701.93,0,158714.79,0.00,15871479,15871479,0.90,,,
MDS-00825,NGP-BD-024,Standard,2025-10-24..2025-10-27,2025-11-19,0,,,,,,135793.66,20369.05,0.00,156162.71,135793.66,0,135793.66,20369.05,0,156162.71,0.00,15616271,15616271,0.90,,,
MDS-00826,NGP-BD-218,Standard,2025-10-25..2025-10-28,2025-11-07,0,,,,,,99040.88,14856.13,0.00,113897.01,99040.88,0,99040.88,14856.13,0,113897.01,0.00,11389701,11389701,0.90,,,
MDS-00827,NGP-HA-041,HPHT,2025-10-25..2025-10-27,2025-11-06,0,,,,,,127735.58,19160.34,0.00,146895.92,127735.58,0,127735.58,19160.34,0,146895.92,0.00,14689592,14689592,0.90,,,
MDS-00828,NGP-HA-148,Standard,2025-10-25..2025-10-27,2025-10-26,1,submitted_before_period_end,submitted_before_period_end,submitted_before_period_end=0.00,submitted_before_period_end,Cl 33 p.8,72643.53,10896.53,0.00,83540.06,72643.53,0,72643.53,10896.53,0,83540.06,0.00,8354006,8354006,0.80,,"submitted 2025-10-26, before period end 2025-10-27",
MDS-00829,NGP-QA-113,Standard,2025-10-25..2025-10-29,2025-11-22,0,,,,,,180705.35,27105.80,0.00,207811.15,180705.35,0,180705.35,27105.80,0,207811.15,0.00,20781115,20781115,0.90,,,
MDS-00830,NGP-WS-007,Standard,2025-10-25..2025-10-28,2025-11-15,0,,,,,,87729.75,13159.46,0.00,100889.21,87729.75,0,87729.75,13159.46,0,100889.21,0.00,10088921,10088921,0.90,,,
MDS-00831,NGP-WS-059,Standard,2025-10-25..2025-10-27,2025-11-05,0,,,,,,81223.37,12183.51,0.00,93406.88,81223.37,0,81223.37,12183.51,0,93406.88,0.00,9340688,9340688,0.90,,,
MDS-00832,NGP-WS-166,Standard,2025-10-25..2025-10-29,2025-11-08,0,,,,,,70448.48,10567.27,0.00,81015.75,70448.48,0,70448.48,10567.27,0,81015.75,0.00,8101575,8101575,0.90,,,
MDS-00833,NGP-WS-201,Standard,2025-10-25..2025-10-28,2025-11-21,0,,,,,,91020.35,13653.05,0.00,104673.40,91020.35,0,91020.35,13653.05,0,104673.40,0.00,10467340,10467340,0.90,,,
MDS-00834,NGP-BD-095,Standard,2025-10-26..2025-10-30,2025-11-02,0,,,,,,126384.98,18957.75,0.00,145342.73,126384.98,0,126384.98,18957.75,0,145342.73,0.00,14534273,14534273,0.90,,,
MDS-00835,NGP-BD-184,Extended Reach,2025-10-26..2025-10-31,2025-11-15,0,,,,,,135110.74,20266.61,0.00,155377.35,135110.74,0,135110.74,20266.61,0,155377.35,0.00,15537735,15537735,0.90,,,
MDS-00836,NGP-HA-077,Extended Reach,2025-10-26..2025-10-31,2025-11-22,0,,,,,,254411.92,38161.79,0.00,292573.71,254595.75,-183.83,254411.92,38161.79,0,292573.71,0.00,29257371,29257371,0.90,,,
MDS-00837,NGP-WS-130,Extended Reach,2025-10-26..2025-10-28,2025-11-26,0,,,,,,118438.05,17765.71,0.00,136203.76,118438.05,0,118438.05,17765.71,0,136203.76,0.00,13620376,13620376,0.90,,,
MDS-00838,NGP-BD-024,Standard,2025-10-28..2025-10-31,2025-11-22,0,,,,,,1231794.74,184769.21,0.00,1416563.95,1272702.85,-40908.11,1231794.74,184769.21,0,1416563.95,0.00,141656395,141656395,0.90,,,
MDS-00839,NGP-HA-041,HPHT,2025-10-28..2025-10-30,2025-11-14,0,,,,,,113959.27,17093.89,0.00,131053.16,113959.27,0,113959.27,17093.89,0,131053.16,0.00,13105316,13105316,0.90,,,
MDS-00840,NGP-HA-148,Standard,2025-10-28..2025-10-31,2025-11-18,1,rate_superseded,rate_superseded,rate_superseded=90.35,,,75126.43,11268.96,0.00,86395.39,75216.78,0,75216.78,11282.52,0,86499.30,103.91,8649930,8639539,0.90,MDS-00840-023,,
MDS-00841,NGP-WS-059,Standard,2025-10-28..2025-11-02,2025-11-28,0,,,,,,85957.38,12893.61,0.00,98850.99,85957.38,0,85957.38,12893.61,0,98850.99,0.00,9885099,9885099,0.90,,,
MDS-00842,NGP-BD-218,Standard,2025-10-29..2025-11-01,2025-11-08,1,record_not_signed,record_not_signed,record_not_signed=9606.39,,,52585.08,7887.76,0.00,60472.84,42978.69,0,42978.69,6446.80,0,49425.49,-11047.35,4942549,6047284,0.70,MDS-00842-001;MDS-00842-002;MDS-00842-003;MDS-00842-004;MDS-00842-005;MDS-00842-006;MDS-00842-007;MDS-00842-008;MDS-00842-009,,
MDS-00843,NGP-WS-201,Standard,2025-10-29..2025-11-02,2025-11-06,0,,,,,,176855.25,26528.29,0.00,203383.54,176855.25,0,176855.25,26528.29,0,203383.54,0.00,20338354,20338354,0.90,,,
MDS-00844,NGP-QA-113,Standard,2025-10-30..2025-11-02,2025-11-20,0,,,,,,138989.41,20848.41,0.00,159837.82,138989.41,0,138989.41,20848.41,0,159837.82,0.00,15983782,15983782,0.90,,,
MDS-00845,NGP-WS-166,Standard,2025-10-30..2025-11-01,2025-11-11,0,,,,,,77219.50,11582.92,0.00,88802.42,77219.50,0,77219.50,11582.92,0,88802.42,0.00,8880242,8880242,0.90,,,
MDS-00846,NGP-BD-095,Standard,2025-10-31..2025-11-04,2025-11-23,0,,,,,,101605.97,15240.90,0.00,116846.87,101605.97,0,101605.97,15240.90,0,116846.87,0.00,11684687,11684687,0.90,,,
MDS-00847,NGP-QA-131,Standard,2025-10-31..2025-11-02,2025-11-29,0,,,,,,79104.67,11865.70,0.00,90970.37,79104.67,0,79104.67,11865.70,0,90970.37,0.00,9097037,9097037,0.90,,,
MDS-00848,NGP-BD-184,Extended Reach,2025-11-01..2025-11-03,2025-11-07,0,,,,,,39503.65,5925.55,0.00,45429.20,39503.65,0,39503.65,5925.55,0,45429.20,0.00,4542920,4542920,0.90,,,
MDS-00849,NGP-HA-077,Extended Reach,2025-11-01..2025-11-02,2025-11-21,0,,,,,,81173.00,12175.95,0.00,93348.95,81173.00,0,81173.00,12175.95,0,93348.95,0.00,9334895,9334895,0.90,,,
MDS-00850,NGP-HA-148,Standard,2025-11-01..2025-11-05,2025-11-22,0,,,,,,142096.45,21314.47,0.00,163410.92,142096.45,0,142096.45,21314.47,0,163410.92,0.00,16341092,16341092,0.90,,,
MDS-00851,NGP-BD-218,Standard,2025-11-02..2025-11-06,2025-11-18,0,,,,,,113943.31,17091.50,0.00,131034.81,113943.31,0,113943.31,17091.50,0,131034.81,0.00,13103481,13103481,0.90,,,
MDS-00852,NGP-WS-166,Standard,2025-11-02..2025-11-06,2025-11-12,0,,,,,,170458.70,25568.80,0.00,196027.50,170458.70,0,170458.70,25568.80,0,196027.50,0.00,19602750,19602750,0.90,,,
MDS-00853,NGP-QA-113,Standard,2025-11-03..2025-11-07,2025-11-15,0,,,,,,681947.04,102292.06,0.00,784239.10,699944.83,-17997.79,681947.04,102292.06,0,784239.10,0.00,78423910,78423910,0.90,,,
MDS-00854,NGP-QA-131,Standard,2025-11-03..2025-11-08,2025-11-30,0,,,,,,91006.52,13650.98,0.00,104657.50,91006.52,0,91006.52,13650.98,0,104657.50,0.00,10465750,10465750,0.90,,,
MDS-00855,NGP-WS-008,Standard,2025-11-03..2025-11-06,2025-11-24,0,,,,,,95670.09,14350.51,0.00,110020.60,95670.09,0,95670.09,14350.51,0,110020.60,0.00,11002060,11002060,0.90,,,
MDS-00856,NGP-WS-059,Standard,2025-11-03..2025-11-07,2025-11-15,1,chargeable_hour_not_deducted,chargeable_hour_not_deducted,chargeable_hour_not_deducted=264.55,,,84699.56,12704.93,0.00,97404.49,84435.01,0,84435.01,12665.25,0,97100.26,-304.23,9710026,9740449,0.90,MDS-00856-039,,
MDS-00857,NGP-WS-201,Standard,2025-11-03..2025-11-05,2025-11-27,0,,,,,,128647.69,19297.15,0.00,147944.84,128647.69,0,128647.69,19297.15,0,147944.84,0.00,14794484,14794484,0.90,,,
MDS-00858,NGP-BD-184,Extended Reach,2025-11-04..2025-11-08,2025-11-23,0,,,,,,109915.30,16487.30,0.00,126402.60,109915.30,0,109915.30,16487.30,0,126402.60,0.00,12640260,12640260,0.90,,,
MDS-00859,NGP-QA-025,Standard,2025-11-04..2025-11-09,2025-12-06,0,,,,,,116964.46,17544.67,0.00,134509.13,116964.46,0,116964.46,17544.67,0,134509.13,0.00,13450913,13450913,0.90,,,
MDS-00860,NGP-QA-042,Standard,2025-11-04..2025-11-08,2025-11-20,0,,,,,,115443.86,17316.58,0.00,132760.44,115443.86,0,115443.86,17316.58,0,132760.44,0.00,13276044,13276044,0.90,,,
MDS-00861,NGP-BD-095,Standard,2025-11-05..2025-11-07,2025-11-18,0,,,,,,41019.72,6152.96,0.00,47172.68,41019.72,0,41019.72,6152.96,0,47172.68,0.00,4717268,4717268,0.90,,,
MDS-00862,NGP-QA-078,Extended Reach,2025-11-05..2025-11-10,2025-12-02,0,,,,,,128010.37,19201.56,0.00,147211.93,128010.37,0,128010.37,19201.56,0,147211.93,0.00,14721193,14721193,0.90,,,
MDS-00863,NGP-WS-201,Standard,2025-11-06..2025-11-10,2025-11-24,0,,,,,,193215.25,28982.29,0.00,222197.54,193215.25,0,193215.25,28982.29,0,222197.54,0.00,22219754,22219754,0.90,,,
MDS-00864,NGP-BD-218,Standard,2025-11-07..2025-11-12,2025-11-25,1,qty_above_record,qty_above_record,qty_above_record=1999.40,,,222795.82,33419.37,0.00,256215.19,220796.42,0,220796.42,33119.46,0,253915.88,-2299.31,25391588,25621519,0.90,MDS-00864-075,,
MDS-00865,NGP-WS-008,Standard,2025-11-07..2025-11-12,2025-11-19,0,,,,,,91006.52,13650.98,0.00,104657.50,91006.52,0,91006.52,13650.98,0,104657.50,0.00,10465750,10465750,0.90,,,
MDS-00866,NGP-WS-166,Standard,2025-11-07..2025-11-11,2025-11-14,0,,,,,,174028.01,26104.20,0.00,200132.21,174028.01,0,174028.01,26104.20,0,200132.21,0.00,20013221,20013221,0.90,,,
MDS-00867,NGP-BD-095,Standard,2025-11-08..2025-11-11,2025-12-04,0,,,,,,63356.15,9503.42,0.00,72859.57,63356.15,0,63356.15,9503.42,0,72859.57,0.00,7285957,7285957,0.90,,,
MDS-00868,NGP-QA-113,Standard,2025-11-08..2025-11-13,2025-12-02,0,,,,,,186457.44,27968.62,0.00,214426.06,186457.44,0,186457.44,27968.62,0,214426.06,0.00,21442606,21442606,0.90,,,
MDS-00869,NGP-WS-059,Standard,2025-11-08..2025-11-12,2025-11-23,0,,,,,,89726.57,13458.99,0.00,103185.56,89726.57,0,89726.57,13458.99,0,103185.56,0.00,10318556,10318556,0.90,,,
MDS-00870,NGP-BD-184,Extended Reach,2025-11-09..2025-11-11,2025-11-29,0,,,,,,86349.62,12952.44,0.00,99302.06,86349.62,0,86349.62,12952.44,0,99302.06,0.00,9930206,9930206,0.90,,,
MDS-00871,NGP-QA-042,Standard,2025-11-09..2025-11-14,2025-11-20,0,,,,,,95739.27,14360.89,0.00,110100.16,95739.27,0,95739.27,14360.89,0,110100.16,0.00,11010016,11010016,0.90,,,
MDS-00872,NGP-QA-131,Standard,2025-11-09..2025-11-11,2025-11-18,0,,,,,,87273.08,13090.96,0.00,100364.04,87273.08,0,87273.08,13090.96,0,100364.04,0.00,10036404,10036404,0.90,,,
MDS-00873,NGP-BD-149,HPHT,2025-11-10..2025-11-14,2025-12-08,0,,,,,,113244.03,16986.60,0.00,130230.63,113244.03,0,113244.03,16986.60,0,130230.63,0.00,13023063,13023063,0.90,,,
MDS-00874,NGP-QA-025,Standard,2025-11-10..2025-11-12,2025-12-04,0,,,,,,45503.26,6825.49,0.00,52328.75,45503.26,0,45503.26,6825.49,0,52328.75,0.00,5232875,5232875,0.90,,,
MDS-00875,NGP-QA-078,Extended Reach,2025-11-11..2025-11-16,2025-11-29,0,,,,,,91130.54,13669.58,0.00,104800.12,91130.54,0,91130.54,13669.58,0,104800.12,0.00,10480012,10480012,0.90,,,
MDS-00876,NGP-WS-201,Standard,2025-11-11..2025-11-15,2025-11-27,1,record_missing,record_missing,record_missing=2746.55,,,192439.06,28865.86,0.00,221304.92,189692.51,0,189692.51,28453.88,0,218146.39,-3158.53,21814639,22130492,0.90,MDS-00876-062,,
MDS-00877,NGP-BD-095,Standard,2025-11-12..2025-11-12,2025-11-17,0,,,,,,43027.23,6454.08,0.00,49481.31,43027.23,0,43027.23,6454.08,0,49481.31,0.00,4948131,4948131,0.90,,,
MDS-00878,NGP-BD-184,Extended Reach,2025-11-12..2025-11-14,2025-11-26,0,,,,,,71718.39,10757.76,0.00,82476.15,71718.39,0,71718.39,10757.76,0,82476.15,0.00,8247615,8247615,0.90,,,
MDS-00879,NGP-QA-131,Standard,2025-11-12..2025-11-16,2025-12-13,0,,,,,,163081.20,24462.18,0.00,187543.38,163081.20,0,163081.20,24462.18,0,187543.38,0.00,18754338,18754338,0.90,,,
MDS-00880,NGP-WS-166,Standard,2025-11-12..2025-11-14,2025-12-09,0,,,,,,82350.33,12352.55,0.00,94702.88,82350.33,0,82350.33,12352.55,0,94702.88,0.00,9470288,9470288,0.90,,,
MDS-00881,NGP-BD-218,Standard,2025-11-13..2025-11-18,2025-12-09,0,,,,,,221111.55,33166.73,0.00,254278.28,221111.55,0,221111.55,33166.73,0,254278.28,0.00,25427828,25427828,0.90,,,
MDS-00882,NGP-QA-025,Standard,2025-11-13..2025-11-17,2025-11-25,0,,,,,,77827.55,11674.13,0.00,89501.68,77827.55,0,77827.55,11674.13,0,89501.68,0.00,8950168,8950168,0.90,,,
MDS-00883,NGP-WS-008,Standard,2025-11-13..2025-11-18,2025-11-27,0,,,,,,116068.47,17410.27,0.00,133478.74,116068.47,0,116068.47,17410.27,0,133478.74,0.00,13347874,13347874,0.90,,,
MDS-00884,NGP-WS-059,Standard,2025-11-13..2025-11-15,2025-12-03,0,,,,,,60900.39,9135.06,0.00,70035.45,60900.39,0,60900.39,9135.06,0,70035.45,0.00,7003545,7003545,0.90,,,
MDS-00885,NGP-QA-113,Standard,2025-11-14..2025-11-14,2025-12-06,0,,,,,,48245.83,7236.87,0.00,55482.70,48245.83,0,48245.83,7236.87,0,55482.70,0.00,5548270,5548270,0.90,,,
MDS-00886,NGP-BD-149,HPHT,2025-11-15..2025-11-20,2025-12-18,0,,,,,,124987.57,18748.14,0.00,143735.71,124987.57,0,124987.57,18748.14,0,143735.71,0.00,14373571,14373571,0.90,,,
MDS-00887,NGP-BD-184,Extended Reach,2025-11-15..2025-11-19,2025-12-06,0,,,,,,142697.15,21404.57,0.00,164101.72,142697.15,0,142697.15,21404.57,0,164101.72,0.00,16410172,16410172,0.90,,,
MDS-00888,NGP-QA-042,Standard,2025-11-15..2025-11-20,2025-12-05,0,,,,,,112535.64,16880.35,0.00,129415.99,112535.64,0,112535.64,16880.35,0,129415.99,0.00,12941599,12941599,0.90,,,
MDS-00889,NGP-WS-166,Standard,2025-11-15..2025-11-20,2025-12-15,0,,,,,,204101.49,30615.22,0.00,234716.71,204101.49,0,204101.49,30615.22,0,234716.71,0.00,23471671,23471671,0.90,,,
MDS-00890,NGP-WS-059,Standard,2025-11-16..2025-11-19,2025-11-27,0,,,,,,102399.06,15359.86,0.00,117758.92,102399.06,0,102399.06,15359.86,0,117758.92,0.00,11775892,11775892,0.90,,,
MDS-00891,NGP-WS-201,Standard,2025-11-16..2025-11-21,2025-12-10,0,,,,,,234477.26,35171.59,0.00,269648.85,234477.26,0,234477.26,35171.59,0,269648.85,0.00,26964885,26964885,0.90,,,
MDS-00892,NGP-QA-078,Extended Reach,2025-11-17..2025-11-21,2025-11-25,0,,,,,,109976.32,16496.45,0.00,126472.77,109976.32,0,109976.32,16496.45,0,126472.77,0.00,12647277,12647277,0.90,,,
MDS-00893,NGP-QA-096,Extended Reach,2025-11-17..2025-11-21,2025-12-17,0,,,,,,115886.74,17383.01,0.00,133269.75,115886.74,0,115886.74,17383.01,0,133269.75,0.00,13326975,13326975,0.90,,,
MDS-00894,NGP-QA-131,Standard,2025-11-17..2025-11-22,2025-12-19,0,,,,,,207722.41,31158.36,0.00,238880.77,207722.41,0,207722.41,31158.36,0,238880.77,0.00,23888077,23888077,0.90,,,
MDS-00895,NGP-QA-025,Standard,2025-11-18..2025-11-23,2025-12-17,1,line_outside_period,line_outside_period,line_outside_period=3293.10,,,241265.98,36189.90,0.00,277455.88,237972.88,0,237972.88,35695.93,0,273668.81,-3787.07,27366881,27745588,0.85,MDS-00895-051,,report_ref DDR-025-20251121 is not the number of the 2025-12-24 report (Cl 19A)
MDS-00896,NGP-BD-218,Standard,2025-11-19..2025-11-21,2025-12-13,0,,,,,,113656.07,17048.41,0.00,130704.48,113656.07,0,113656.07,17048.41,0,130704.48,0.00,13070448,13070448,0.90,,,
MDS-00897,NGP-WS-008,Standard,2025-11-19..2025-11-22,2025-12-10,0,,,,,,74824.52,11223.68,0.00,86048.20,74824.52,0,74824.52,11223.68,0,86048.20,0.00,8604820,8604820,0.90,,,
MDS-00898,NGP-BD-184,Extended Reach,2025-11-20..2025-11-23,2025-11-30,0,,,,,,130686.53,19602.98,0.00,150289.51,130686.53,0,130686.53,19602.98,0,150289.51,0.00,15028951,15028951,0.90,,,
MDS-00899,NGP-WS-059,Standard,2025-11-20..2025-11-23,2025-12-09,0,,,,,,98365.99,14754.90,0.00,113120.89,98365.99,0,98365.99,14754.90,0,113120.89,0.00,11312089,11312089,0.90,,,
MDS-00900,NGP-WS-114,HPHT,2025-11-20..2025-11-25,2025-12-09,0,,,,,,131551.83,19732.77,0.00,151284.60,131551.83,0,131551.83,19732.77,0,151284.60,0.00,15128460,15128460,0.90,,,
MDS-00901,NGP-BD-149,HPHT,2025-11-21..2025-11-23,2025-12-04,1,record_not_signed,record_not_signed,record_not_signed=41035.84,,,131704.92,19755.74,0.00,151460.66,90669.08,0,90669.08,13600.36,0,104269.44,-47191.22,10426944,15146066,0.70,MDS-00901-016;MDS-00901-017;MDS-00901-018;MDS-00901-019;MDS-00901-020;MDS-00901-021;MDS-00901-022;MDS-00901-023;MDS-00901-024;MDS-00901-025;MDS-00901-026;MDS-00901-027;MDS-00901-028;MDS-00901-029;MDS-00901-030,,
MDS-00902,NGP-QA-042,Standard,2025-11-21..2025-11-23,2025-12-22,0,,,,,,60103.39,9015.51,0.00,69118.90,60103.39,0,60103.39,9015.51,0,69118.90,0.00,6911890,6911890,0.90,,,
MDS-00903,NGP-WS-166,Standard,2025-11-21..2025-11-22,2025-11-30,0,,,,,,74234.98,11135.25,0.00,85370.23,74234.98,0,74234.98,11135.25,0,85370.23,0.00,8537023,8537023,0.90,,,
MDS-00904,NGP-BD-218,Standard,2025-11-22..2025-11-24,2025-12-16,0,,,,,,116233.76,17435.06,0.00,133668.82,116233.76,0,116233.76,17435.06,0,133668.82,0.00,13366882,13366882,0.90,,,
MDS-00905,NGP-QA-078,Extended Reach,2025-11-22..2025-11-27,2025-12-09,0,,,,,,144501.14,21675.17,0.00,166176.31,144501.14,0,144501.14,21675.17,0,166176.31,0.00,16617631,16617631,0.90,,,
MDS-00906,NGP-QA-096,Extended Reach,2025-11-22..2025-11-26,2025-12-18,0,,,,,,83956.25,12593.44,0.00,96549.69,83956.25,0,83956.25,12593.44,0,96549.69,0.00,9654969,9654969,0.90,,,
MDS-00907,NGP-HA-202,HPHT,2025-11-23..2025-11-26,2025-12-14,0,,,,,,102624.33,15393.65,0.00,118017.98,102624.33,0,102624.33,15393.65,0,118017.98,0.00,11801798,11801798,0.90,,,
MDS-00908,NGP-QA-131,Standard,2025-11-23..2025-11-28,2025-12-22,0,,,,,,244426.11,36663.92,0.00,281090.03,244426.11,0,244426.11,36663.92,0,281090.03,0.00,28109003,28109003,0.90,,,
MDS-00909,NGP-WS-008,Standard,2025-11-23..2025-11-26,2025-12-07,0,,,,,,104047.83,15607.17,0.00,119655.00,104047.83,0,104047.83,15607.17,0,119655.00,0.00,11965500,11965500,0.90,,,
MDS-00910,NGP-BD-149,HPHT,2025-11-24..2025-11-27,2025-12-11,0,,,,,,177235.95,26585.39,0.00,203821.34,177235.95,0,177235.95,26585.39,0,203821.34,0.00,20382134,20382134,0.90,,,
MDS-00911,NGP-BD-184,Extended Reach,2025-11-24..2025-11-27,2025-12-08,0,,,,,,608035.19,91205.28,0.00,699240.47,622953.32,-14918.13,608035.19,91205.28,0,699240.47,0.00,69924047,69924047,0.90,,,
MDS-00912,NGP-QA-025,Standard,2025-11-24..2025-11-28,2025-12-11,0,,,,,,180853.48,27128.02,0.00,207981.50,180853.48,0,180853.48,27128.02,0,207981.50,0.00,20798150,20798150,0.90,,,
MDS-00913,NGP-QA-042,Standard,2025-11-24..2025-11-26,2025-12-17,0,,,,,,59306.39,8895.96,0.00,68202.35,59306.39,0,59306.39,8895.96,0,68202.35,0.00,6820235,6820235,0.90,,,
MDS-00914,NGP-QA-167,Extended Reach,2025-11-24..2025-11-29,2025-12-28,0,,,,,,133409.83,20011.47,0.00,153421.30,133409.83,0,133409.83,20011.47,0,153421.30,0.00,15342130,15342130,0.90,,,
MDS-00915,NGP-WS-059,Standard,2025-11-24..2025-11-26,2025-12-08,0,,,,,,72467.74,10870.16,0.00,83337.90,72467.74,0,72467.74,10870.16,0,83337.90,0.00,8333790,8333790,0.90,,,
MDS-00916,NGP-BD-218,Standard,2025-11-25..2025-11-26,2025-12-13,1,total_arithmetic,total_arithmetic,total_arithmetic=64.15,total_ne_net_plus_vat,Cl 40 p.8,84102.83,12615.42,0.00,96782.40,84102.83,0,84102.83,12615.42,0,96718.25,-64.15,9671825,9678240,0.95,,total 96782.40 != net 84102.83 + VAT 12615.42 + adjustment 0.00,
MDS-00917,NGP-WS-114,HPHT,2025-11-26..2025-11-30,2025-12-22,0,,,,,,77864.54,11679.68,0.00,89544.22,77864.54,0,77864.54,11679.68,0,89544.22,0.00,8954422,8954422,0.90,,,
MDS-00918,NGP-HA-202,HPHT,2025-11-27..2025-11-29,2025-12-20,0,,,,,,50634.65,7595.20,0.00,58229.85,50634.65,0,50634.65,7595.20,0,58229.85,0.00,5822985,5822985,0.90,,,
MDS-00919,NGP-QA-042,Standard,2025-11-27..2025-11-29,2025-12-09,0,,,,,,72704.07,10905.61,0.00,83609.68,72704.07,0,72704.07,10905.61,0,83609.68,0.00,8360968,8360968,0.90,,,
MDS-00920,NGP-QA-096,Extended Reach,2025-11-27..2025-12-01,2025-12-15,0,,,,,,99297.51,14894.63,0.00,114192.14,99297.51,0,99297.51,14894.63,0,114192.14,0.00,11419214,11419214,0.90,,,
MDS-00921,NGP-WS-008,Standard,2025-11-27..2025-12-02,2025-12-26,0,,,,,,146445.82,21966.87,0.00,168412.69,146445.82,0,146445.82,21966.87,0,168412.69,0.00,16841269,16841269,0.90,,,
MDS-00922,NGP-WS-059,Standard,2025-11-27..2025-11-29,2025-12-08,0,,,,,,101226.94,15184.04,0.00,116410.98,101226.94,0,101226.94,15184.04,0,116410.98,0.00,11641098,11641098,0.90,,,
MDS-00923,NGP-BD-149,HPHT,2025-11-28..2025-12-02,2025-12-05,0,,,,,,201830.61,30274.59,0.00,232105.20,201830.61,0,201830.61,30274.59,0,232105.20,0.00,23210520,23210520,0.90,,,
MDS-00924,NGP-BD-184,Extended Reach,2025-11-28..2025-12-01,2025-12-18,0,,,,,,104056.91,15608.54,0.00,119665.45,104056.91,0,104056.91,15608.54,0,119665.45,0.00,11966545,11966545,0.90,,,
MDS-00925,NGP-QA-078,Extended Reach,2025-11-28..2025-12-01,2025-12-04,0,,,,,,92213.54,13832.03,0.00,106045.57,92213.54,0,92213.54,13832.03,0,106045.57,0.00,10604557,10604557,0.90,,,
MDS-00926,NGP-BD-219,Standard,2025-11-29..2025-12-03,2025-12-11,0,,,,,,110385.22,16557.78,0.00,126943.00,110385.22,0,110385.22,16557.78,0,126943.00,0.00,12694300,12694300,0.90,,,
MDS-00927,NGP-QA-025,Standard,2025-11-29..2025-12-04,2025-12-16,0,,,,,,192535.34,28880.30,0.00,221415.64,192535.34,0,192535.34,28880.30,0,221415.64,0.00,22141564,22141564,0.90,,,
MDS-00928,NGP-HA-202,HPHT,2025-11-30..2025-12-02,2025-12-26,0,,,,,,43038.26,6455.74,0.00,49494.00,43038.26,0,43038.26,6455.74,0,49494.00,0.00,4949400,4949400,0.90,,,
MDS-00929,NGP-QA-042,Standard,2025-11-30..2025-12-05,2025-12-17,0,,,,,,176989.63,26548.44,0.00,203538.07,176989.63,0,176989.63,26548.44,0,203538.07,0.00,20353807,20353807,0.90,,,
MDS-00930,NGP-QA-167,Extended Reach,2025-11-30..2025-12-02,2025-12-24,0,,,,,,53059.62,7958.94,0.00,61018.56,53059.62,0,53059.62,7958.94,0,61018.56,0.00,6101856,6101856,0.90,,,
MDS-00931,NGP-WS-114,HPHT,2025-12-01..2025-12-05,2025-12-09,0,,,,,,112801.68,16920.25,0.00,129721.93,112801.68,0,112801.68,16920.25,0,129721.93,0.00,12972193,12972193,0.90,,,
MDS-00932,NGP-BD-184,Extended Reach,2025-12-02..2025-12-06,2025-12-24,0,,,,,,78266.65,11740.00,0.00,90006.65,78266.65,0,78266.65,11740.00,0,90006.65,0.00,9000665,9000665,0.90,,,
MDS-00933,NGP-QA-078,Extended Reach,2025-12-02..2025-12-04,2025-12-12,0,,,,,,77271.47,11590.72,0.00,88862.19,77271.47,0,77271.47,11590.72,0,88862.19,0.00,8886219,8886219,0.90,,,
MDS-00934,NGP-QA-096,Extended Reach,2025-12-02..2025-12-05,2025-12-27,0,,,,,,85098.72,12764.81,0.00,97863.53,85098.72,0,85098.72,12764.81,0,97863.53,0.00,9786353,9786353,0.90,,,
MDS-00935,NGP-WS-132,HPHT,2025-12-02..2025-12-04,2025-12-11,0,,,,,,84786.39,12717.96,0.00,97504.35,84786.39,0,84786.39,12717.96,0,97504.35,0.00,9750435,9750435,0.90,,,
MDS-00936,NGP-BD-149,HPHT,2025-12-03..2025-12-05,2026-01-04,0,,,,,,122908.27,18436.24,0.00,141344.51,122908.27,0,122908.27,18436.24,0,141344.51,0.00,14134451,14134451,0.90,,,
MDS-00937,NGP-HA-202,HPHT,2025-12-03..2025-12-08,2025-12-19,0,,,,,,506170.69,75925.60,0.00,582096.29,516844.47,-10673.78,506170.69,75925.60,0,582096.29,0.00,58209629,58209629,0.90,,,
MDS-00938,NGP-QA-167,Extended Reach,2025-12-03..2025-12-06,2026-01-03,0,,,,,,66081.88,9912.28,0.00,75994.16,66081.88,0,66081.88,9912.28,0,75994.16,0.00,7599416,7599416,0.90,,,
MDS-00939,NGP-WS-008,Standard,2025-12-03..2025-12-06,2025-12-26,0,,,,,,117551.45,17632.72,0.00,135184.17,117551.45,0,117551.45,17632.72,0,135184.17,0.00,13518417,13518417,0.90,,,
MDS-00940,NGP-BD-219,Standard,2025-12-04..2025-12-06,2026-01-02,0,,,,,,48049.58,7207.44,0.00,55257.02,48049.58,0,48049.58,7207.44,0,55257.02,0.00,5525702,5525702,0.90,,,
MDS-00941,NGP-QA-060,Extended Reach,2025-12-04..2025-12-09,2025-12-13,0,,,,,,138544.63,20781.69,0.00,159326.32,138544.63,0,138544.63,20781.69,0,159326.32,0.00,15932632,15932632,0.90,,,
MDS-00942,NGP-QA-025,Standard,2025-12-05..2025-12-09,2025-12-22,0,,,,,,183969.81,27595.47,0.00,211565.28,183969.81,0,183969.81,27595.47,0,211565.28,0.00,21156528,21156528,0.90,,,
MDS-00943,NGP-QA-078,Extended Reach,2025-12-05..2025-12-07,2025-12-24,0,,,,,,70489.43,10573.41,0.00,81062.84,70489.43,0,70489.43,10573.41,0,81062.84,0.00,8106284,8106284,0.90,,,
MDS-00944,NGP-WS-132,HPHT,2025-12-05..2025-12-09,2025-12-17,0,,,,,,76441.80,11466.27,0.00,87908.07,76441.80,0,76441.80,11466.27,0,87908.07,0.00,8790807,8790807,0.90,,,
MDS-00945,NGP-BD-149,HPHT,2025-12-06..2025-12-11,2025-12-28,0,,,,,,246586.24,36987.94,0.00,283574.18,246586.24,0,246586.24,36987.94,0,283574.18,0.00,28357418,28357418,0.90,,,
MDS-00946,NGP-QA-042,Standard,2025-12-06..2025-12-09,2025-12-12,0,,,,,,87011.28,13051.69,0.00,100062.97,87011.28,0,87011.28,13051.69,0,100062.97,0.00,10006297,10006297,0.90,,,
MDS-00947,NGP-QA-096,Extended Reach,2025-12-06..2025-12-11,2026-01-01,0,,,,,,150414.11,22562.12,0.00,172976.23,150414.11,0,150414.11,22562.12,0,172976.23,0.00,17297623,17297623,0.90,,,
MDS-00948,NGP-WS-114,HPHT,2025-12-06..2025-12-10,2025-12-15,0,,,,,,130752.41,19612.86,0.00,150365.27,130752.41,0,130752.41,19612.86,0,150365.27,0.00,15036527,15036527,0.90,,,
MDS-00949,NGP-BD-184,Extended Reach,2025-12-07..2025-12-11,2025-12-28,0,,,,,,72136.76,10820.51,0.00,82957.27,72136.76,0,72136.76,10820.51,0,82957.27,0.00,8295727,8295727,0.90,,,
MDS-00950,NGP-BD-219,Standard,2025-12-07..2025-12-11,2025-12-19,0,,,,,,224882.97,33732.45,0.00,258615.42,224882.97,0,224882.97,33732.45,0,258615.42,0.00,25861542,25861542,0.90,,,
MDS-00951,NGP-QA-167,Extended Reach,2025-12-07..2025-12-12,2025-12-21,0,,,,,,214525.36,32178.80,0.00,246704.16,214525.36,0,214525.36,32178.80,0,246704.16,0.00,24670416,24670416,0.90,,,
MDS-00952,NGP-QA-078,Extended Reach,2025-12-08..2025-12-13,2025-12-20,0,,,,,,100876.92,15131.54,0.00,116008.46,100876.92,0,100876.92,15131.54,0,116008.46,0.00,11600846,11600846,0.90,,,
MDS-00953,NGP-HA-202,HPHT,2025-12-09..2025-12-12,2025-12-25,0,,,,,,101781.77,15267.27,0.00,117049.04,101781.77,0,101781.77,15267.27,0,117049.04,0.00,11704904,11704904,0.90,,,
MDS-00954,NGP-WS-009,Standard,2025-12-09..2025-12-14,2026-01-03,1,record_missing,record_missing,record_missing=2446.15,,,133851.00,20077.65,0.00,153928.65,131404.85,0,131404.85,19710.73,0,151115.58,-2813.07,15111558,15392865,0.90,MDS-00954-021,,
MDS-00955,NGP-QA-025,Standard,2025-12-10..2025-12-13,2025-12-16,0,,,,,,126860.80,19029.12,0.00,145889.92,126860.80,0,126860.80,19029.12,0,145889.92,0.00,14588992,14588992,0.90,,,
MDS-00956,NGP-QA-042,Standard,2025-12-10..2025-12-15,2025-12-24,0,,,,,,90445.95,13566.89,0.00,104012.84,90445.95,0,90445.95,13566.89,0,104012.84,0.00,10401284,10401284,0.90,,,
MDS-00957,NGP-QA-060,Extended Reach,2025-12-10..2025-12-15,2025-12-23,0,,,,,,122576.29,18386.44,0.00,140962.73,122576.29,0,122576.29,18386.44,0,140962.73,0.00,14096273,14096273,0.90,,,
MDS-00958,NGP-WS-132,HPHT,2025-12-10..2025-12-12,2025-12-27,0,,,,,,45865.08,6879.76,0.00,52744.84,45865.08,0,45865.08,6879.76,0,52744.84,0.00,5274484,5274484,0.90,,,
MDS-00959,NGP-WS-114,HPHT,2025-12-11..2025-12-14,2026-01-11,0,,,,,,131211.42,19681.71,0.00,150893.13,131211.42,0,131211.42,19681.71,0,150893.13,0.00,15089313,15089313,0.90,,,
MDS-00960,NGP-BD-149,HPHT,2025-12-12..2025-12-14,2026-01-12,0,,,,,,122614.97,18392.25,0.00,141007.22,122614.97,0,122614.97,18392.25,0,141007.22,0.00,14100722,14100722,0.90,,,
MDS-00961,NGP-BD-184,Extended Reach,2025-12-12..2025-12-12,2025-12-20,0,,,,,,44483.82,6672.57,0.00,51156.39,44483.82,0,44483.82,6672.57,0,51156.39,0.00,5115639,5115639,0.90,,,
MDS-00962,NGP-BD-219,Standard,2025-12-12..2025-12-16,2025-12-19,0,,,,,,134223.45,20133.52,0.00,154356.97,134223.45,0,134223.45,20133.52,0,154356.97,0.00,15435697,15435697,0.90,,,
MDS-00963,NGP-QA-096,Extended Reach,2025-12-12..2025-12-15,2026-01-02,0,,,,,,79797.00,11969.55,0.00,91766.55,79797.00,0,79797.00,11969.55,0,91766.55,0.00,9176655,9176655,0.90,,,
MDS-00964,NGP-HA-202,HPHT,2025-12-13..2025-12-15,2026-01-12,0,,,,,,92397.33,13859.60,0.00,106256.93,92397.33,0,92397.33,13859.60,0,106256.93,0.00,10625693,10625693,0.90,,,
MDS-00965,NGP-QA-167,Extended Reach,2025-12-13..2025-12-17,2025-12-25,0,,,,,,192968.51,28945.28,0.00,221913.79,192968.51,0,192968.51,28945.28,0,221913.79,0.00,22191379,22191379,0.90,,,
MDS-00966,NGP-WS-132,HPHT,2025-12-13..2025-12-17,2025-12-21,0,,,,,,135980.40,20397.06,0.00,156377.46,135980.40,0,135980.40,20397.06,0,156377.46,0.00,15637746,15637746,0.90,,,
MDS-00967,NGP-QA-078,Extended Reach,2025-12-14..2025-12-16,2026-01-09,0,,,,,,74678.84,11201.83,0.00,85880.67,74678.84,0,74678.84,11201.83,0,85880.67,0.00,8588067,8588067,0.90,,,
MDS-00968,NGP-BD-149,HPHT,2025-12-15..2025-12-18,2025-12-23,0,,,,,,196821.41,29523.21,0.00,226344.62,196821.41,0,196821.41,29523.21,0,226344.62,0.00,22634462,22634462,0.90,,,
MDS-00969,NGP-WS-009,Standard,2025-12-15..2025-12-17,2026-01-08,0,,,,,,48049.58,7207.44,0.00,55257.02,48049.58,0,48049.58,7207.44,0,55257.02,0.00,5525702,5525702,0.90,,,
MDS-00970,NGP-WS-114,HPHT,2025-12-15..2025-12-20,2026-01-15,0,,,,,,190227.66,28534.15,0.00,218761.81,190227.66,0,190227.66,28534.15,0,218761.81,0.00,21876181,21876181,0.90,,,
MDS-00971,NGP-HA-202,HPHT,2025-12-16..2025-12-19,2026-01-06,0,,,,,,110343.75,16551.56,0.00,126895.31,110343.75,0,110343.75,16551.56,0,126895.31,0.00,12689531,12689531,0.90,,,
MDS-00972,NGP-QA-026,Standard,2025-12-16..2025-12-21,2026-01-01,0,,,,,,126750.89,19012.63,0.00,145763.52,126750.89,0,126750.89,19012.63,0,145763.52,0.00,14576352,14576352,0.90,,,
MDS-00973,NGP-QA-042,Standard,2025-12-16..2025-12-16,2025-12-24,0,,,,,,42785.42,6417.81,0.00,49203.23,42785.42,0,42785.42,6417.81,0,49203.23,0.00,4920323,4920323,0.90,,,
MDS-00974,NGP-QA-060,Extended Reach,2025-12-16..2025-12-20,2026-01-12,0,,,,,,105436.92,15815.54,0.00,121252.46,105436.92,0,105436.92,15815.54,0,121252.46,0.00,12125246,12125246,0.90,,,
MDS-00975,NGP-QA-096,Extended Reach,2025-12-16..2025-12-17,2025-12-22,1,index_or_fx_month_wrong,index_or_fx_month_wrong,index_or_fx_month_wrong=588.83,,,379636.93,56945.54,0.00,436582.47,384449.64,-5377.99,379071.65,56860.75,0,435932.40,-650.07,43593240,43658247,0.85,MDS-00975-005,,
MDS-00976,NGP-BD-219,Standard,2025-12-17..2025-12-19,2026-01-11,0,,,,,,83457.22,12518.58,0.00,95975.80,83457.22,0,83457.22,12518.58,0,95975.80,0.00,9597580,9597580,0.90,,,
MDS-00977,NGP-QA-167,Extended Reach,2025-12-18..2025-12-23,2026-01-01,1,class_factor_wrong,class_factor_wrong,class_factor_wrong=1177.44,,,193467.85,29020.18,0.00,222488.03,192290.41,0,192290.41,28843.56,0,221133.97,-1354.06,22113397,22248803,0.90,MDS-00977-053,,
MDS-00978,NGP-WS-009,Standard,2025-12-18..2025-12-20,2026-01-05,1,lost_in_hole_value_wrong,lost_in_hole_value_wrong,lost_in_hole_value_wrong=11777.63,,,194222.98,29133.45,0.00,223356.43,182445.35,0,182445.35,27366.80,0,209812.15,-13544.28,20981215,22335643,0.90,MDS-00978-026,,
MDS-00979,NGP-WS-079,Standard,2025-12-18..2025-12-21,2026-01-06,1,index_or_fx_month_wrong,index_or_fx_month_wrong,index_or_fx_month_wrong=176.07,,,98419.99,14763.00,0.00,113182.99,98243.92,0,98243.92,14736.59,0,112980.51,-202.48,11298051,11318299,0.90,MDS-00979-034,,
MDS-00980,NGP-WS-132,HPHT,2025-12-18..2025-12-21,2026-01-08,0,,,,,,85020.99,12753.15,0.00,97774.14,85020.99,0,85020.99,12753.15,0,97774.14,0.00,9777414,9777414,0.90,,,
MDS-00981,NGP-WS-185,Extended Reach,2025-12-18..2025-12-20,2026-01-07,0,,,,,,80640.37,12096.06,0.00,92736.43,80640.37,0,80640.37,12096.06,0,92736.43,0.00,9273643,9273643,0.90,,,
MDS-00982,NGP-BD-149,HPHT,2025-12-19..2025-12-23,2026-01-08,0,,,,,,81109.21,12166.38,0.00,93275.59,81109.21,0,81109.21,12166.38,0,93275.59,0.00,9327559,9327559,0.90,,,
MDS-00983,NGP-BD-219,Standard,2025-12-20..2025-12-23,2026-01-07,0,,,,,,105606.62,15840.99,0.00,121447.61,105606.62,0,105606.62,15840.99,0,121447.61,0.00,12144761,12144761,0.90,,,
MDS-00984,NGP-HA-202,HPHT,2025-12-20..2025-12-25,2026-01-03,0,,,,,,174834.84,26225.23,0.00,201060.07,174834.84,0,174834.84,26225.23,0,201060.07,0.00,20106007,20106007,0.90,,,
MDS-00985,NGP-WS-043,Standard,2025-12-20..2025-12-22,2026-01-06,0,,,,,,82290.76,12343.61,0.00,94634.37,82290.76,0,82290.76,12343.61,0,94634.37,0.00,9463437,9463437,0.90,,,
MDS-00986,NGP-QA-060,Extended Reach,2025-12-21..2025-12-25,2026-01-01,0,,,,,,110600.61,16590.09,0.00,127190.70,110600.61,0,110600.61,16590.09,0,127190.70,0.00,12719070,12719070,0.90,,,
MDS-00987,NGP-WS-009,Standard,2025-12-21..2025-12-23,2026-01-03,0,,,,,,61374.07,9206.11,0.00,70580.18,61374.07,0,61374.07,9206.11,0,70580.18,0.00,7058018,7058018,0.90,,,
MDS-00988,NGP-WS-185,Extended Reach,2025-12-21..2025-12-26,2026-01-23,1,wrong_contract_ref,wrong_contract_ref,wrong_contract_ref=0.00,contract_ref_wrong,p.1; guideline check 1,94122.92,14118.44,0.00,108241.36,94122.92,0,94122.92,14118.44,0,108241.36,0.00,10824136,10824136,0.80,,contract_ref 'DSS-2025-118'; amount valued under DDS-2025-118,
MDS-00989,NGP-QA-026,Standard,2025-12-22..2025-12-26,2025-12-30,0,,,,,,79317.25,11897.59,0.00,91214.84,79317.25,0,79317.25,11897.59,0,91214.84,0.00,9121484,9121484,0.90,,,
MDS-00990,NGP-WS-079,Standard,2025-12-22..2025-12-24,2026-01-09,0,,,,,,43157.28,6473.59,0.00,49630.87,43157.28,0,43157.28,6473.59,0,49630.87,0.00,4963087,4963087,0.90,,,
MDS-00991,NGP-WS-132,HPHT,2025-12-22..2025-12-27,2026-01-17,1,qty_above_record,qty_above_record,qty_above_record=730.55,,,201969.01,30295.35,0.00,232264.36,201238.46,0,201238.46,30185.77,0,231424.23,-840.13,23142423,23226436,0.90,MDS-00991-021,,
MDS-00992,NGP-HA-097,Extended Reach,2025-12-23..2025-12-28,2026-01-11,0,,,,,,135667.75,20350.16,0.00,156017.91,135667.75,0,135667.75,20350.16,0,156017.91,0.00,15601791,15601791,0.90,,,
MDS-00993,NGP-WS-043,Standard,2025-12-23..2025-12-27,2026-01-16,0,,,,,,70772.25,10615.84,0.00,81388.09,70772.25,0,70772.25,10615.84,0,81388.09,0.00,8138809,8138809,0.90,,,
MDS-00994,NGP-BD-115,Standard,2025-12-24..2025-12-26,2026-01-04,0,,,,,,80024.06,12003.61,0.00,92027.67,80024.06,0,80024.06,12003.61,0,92027.67,0.00,9202767,9202767,0.90,,,
MDS-00995,NGP-BD-149,HPHT,2025-12-24..2025-12-25,2026-01-10,0,,,,,,59811.36,8971.70,0.00,68783.06,59811.36,0,59811.36,8971.70,0,68783.06,0.00,6878306,6878306,0.90,,,
MDS-00996,NGP-BD-219,Standard,2025-12-24..2025-12-28,2026-01-27,0,,,,,,122246.04,18336.91,0.00,140582.95,122246.04,0,122246.04,18336.91,0,140582.95,0.00,14058295,14058295,0.90,,,
MDS-00997,NGP-QA-167,Extended Reach,2025-12-24..2025-12-27,2026-01-20,0,,,,,,62533.16,9379.97,0.00,71913.13,62533.16,0,62533.16,9379.97,0,71913.13,0.00,7191313,7191313,0.90,,,
MDS-00998,NGP-WS-009,Standard,2025-12-24..2025-12-29,2026-01-03,0,,,,,,111360.03,16704.00,0.00,128064.03,111360.03,0,111360.03,16704.00,0,128064.03,0.00,12806403,12806403,0.90,,,
MDS-00999,NGP-WS-079,Standard,2025-12-25..2025-12-29,2026-01-09,0,,,,,,81763.40,12264.51,0.00,94027.91,81763.40,0,81763.40,12264.51,0,94027.91,0.00,9402791,9402791,0.90,,,
MDS-01000,NGP-HA-202,HPHT,2025-12-26..2025-12-31,2026-01-30,0,,,,,,140061.78,21009.27,0.00,161071.05,140061.78,0,140061.78,21009.27,0,161071.05,0.00,16107105,16107105,0.90,,,
MDS-01001,NGP-QA-060,Extended Reach,2025-12-26..2025-12-31,2026-01-18,0,,,,,,484437.04,72665.56,0.00,557102.60,494205.25,-9768.21,484437.04,72665.56,0,557102.60,0.00,55710260,55710260,0.90,,,
MDS-01002,NGP-BD-115,Standard,2025-12-27..2025-12-30,2026-01-04,0,,,,,,62435.34,9365.30,0.00,71800.64,62435.34,0,62435.34,9365.30,0,71800.64,0.00,7180064,7180064,0.90,,,
MDS-01003,NGP-QA-026,Standard,2025-12-27..2026-01-01,2026-01-09,0,,,,,,202153.35,30323.00,0.00,232476.35,202153.35,0,202153.35,30323.00,0,232476.35,0.00,23247635,23247635,0.90,,,
MDS-01004,NGP-WS-185,Extended Reach,2025-12-27..2026-01-01,2026-01-25,0,,,,,,107850.39,16177.56,0.00,124027.95,107850.39,0,107850.39,16177.56,0,124027.95,0.00,12402795,12402795,0.90,,,
MDS-01005,NGP-QA-150,HPHT,2025-12-28..2025-12-30,2026-01-03,0,,,,,,86194.24,12929.14,0.00,99123.38,86194.24,0,86194.24,12929.14,0,99123.38,0.00,9912338,9912338,0.90,,,
MDS-01006,NGP-QA-167,Extended Reach,2025-12-28..2025-12-30,2026-01-16,0,,,,,,75354.90,11303.24,0.00,86658.14,75354.90,0,75354.90,11303.24,0,86658.14,0.00,8665814,8665814,0.90,,,
MDS-01007,NGP-WS-043,Standard,2025-12-28..2025-12-30,2026-01-02,0,,,,,,49222.98,7383.45,0.00,56606.43,49222.98,0,49222.98,7383.45,0,56606.43,0.00,5660643,5660643,0.90,,,
MDS-01008,NGP-WS-132,HPHT,2025-12-28..2026-01-02,2026-01-26,0,,,,,,172989.08,25948.36,0.00,198937.44,172989.08,0,172989.08,25948.36,0,198937.44,0.00,19893744,19893744,0.90,,,
MDS-01009,NGP-BD-219,Standard,2025-12-29..2026-01-01,2026-01-19,0,,,,,,102202.69,15330.40,0.00,117533.09,102202.69,0,102202.69,15330.40,0,117533.09,0.00,11753309,11753309,0.90,,,
MDS-01010,NGP-HA-097,Extended Reach,2025-12-29..2026-01-02,2026-01-06,0,,,,,,81568.63,12235.29,0.00,93803.92,81568.63,0,81568.63,12235.29,0,93803.92,0.00,9380392,9380392,0.90,,,
MDS-01011,NGP-WS-009,Standard,2025-12-30..2026-01-01,2026-01-29,0,,,,,,89268.01,13390.20,0.00,102658.21,89268.01,0,89268.01,13390.20,0,102658.21,0.00,10265821,10265821,0.90,,,
MDS-01012,NGP-WS-079,Standard,2025-12-30..2026-01-01,2026-01-29,0,,,,,,57686.48,8652.97,0.00,66339.45,57686.48,0,57686.48,8652.97,0,66339.45,0.00,6633945,6633945,0.90,,,
MDS-01013,NGP-BD-115,Standard,2025-12-31..2026-01-04,2026-01-18,0,,,,,,99238.00,14885.70,0.00,114123.70,99238.00,0,99238.00,14885.70,0,114123.70,0.00,11412370,11412370,0.90,,,
MDS-01014,NGP-QA-150,HPHT,2025-12-31..2026-01-03,2026-01-31,0,,,,,,62090.94,9313.64,0.00,71404.58,62090.94,0,62090.94,9313.64,0,71404.58,0.00,7140458,7140458,0.90,,,
MDS-01015,NGP-WS-043,Standard,2025-12-31..2026-01-05,2026-01-23,0,,,,,,252377.33,37856.60,0.00,290233.93,252476.39,-99.06,252377.33,37856.60,0,290233.93,0.00,29023393,29023393,0.90,,,
MDS-01016,NGP-HA-202,HPHT,2026-01-01..2026-01-06,2026-01-24,0,,,,,,94267.14,14140.07,0.00,108407.21,94267.14,0,94267.14,14140.07,0,108407.21,0.00,10840721,10840721,0.90,,,
MDS-01017,NGP-QA-060,Extended Reach,2026-01-01..2026-01-04,2026-01-07,0,,,,,,137864.11,20679.62,0.00,158543.73,137864.11,0,137864.11,20679.62,0,158543.73,0.00,15854373,15854373,0.90,,,
MDS-01018,NGP-BD-219,Standard,2026-01-02..2026-01-04,2026-01-07,0,,,,,,95964.57,14394.69,0.00,110359.26,95964.57,0,95964.57,14394.69,0,110359.26,0.00,11035926,11035926,0.90,,,
MDS-01019,NGP-QA-026,Standard,2026-01-02..2026-01-05,2026-01-31,0,,,,,,133016.10,19952.42,0.00,152968.52,133016.10,0,133016.10,19952.42,0,152968.52,0.00,15296852,15296852,0.90,,,
MDS-01020,NGP-QA-168,Extended Reach,2026-01-02..2026-01-04,2026-01-11,0,,,,,,81580.33,12237.05,0.00,93817.38,81580.33,0,81580.33,12237.05,0,93817.38,0.00,9381738,9381738,0.90,,,
MDS-01021,NGP-WS-009,Standard,2026-01-02..2026-01-06,2026-02-02,0,,,,,,121552.99,18232.95,0.00,139785.94,121552.99,0,121552.99,18232.95,0,139785.94,0.00,13978594,13978594,0.90,,,
MDS-01022,NGP-WS-079,Standard,2026-01-02..2026-01-06,2026-01-18,0,,,,,,102712.10,15406.82,0.00,118118.92,102712.10,0,102712.10,15406.82,0,118118.92,0.00,11811892,11811892,0.90,,,
MDS-01023,NGP-WS-185,Extended Reach,2026-01-02..2026-01-07,2026-02-02,0,,,,,,129463.14,19419.47,0.00,148882.61,129463.14,0,129463.14,19419.47,0,148882.61,0.00,14888261,14888261,0.90,,,
MDS-01024,NGP-HA-097,Extended Reach,2026-01-03..2026-01-05,2026-02-01,0,,,,,,109429.10,16414.36,0.00,125843.46,109429.10,0,109429.10,16414.36,0,125843.46,0.00,12584346,12584346,0.90,,,
MDS-01025,NGP-WS-132,HPHT,2026-01-03..2026-01-07,2026-01-20,0,,,,,,82597.46,12389.62,0.00,94987.08,82597.46,0,82597.46,12389.62,0,94987.08,0.00,9498708,9498708,0.90,,,
MDS-01026,NGP-QA-150,HPHT,2026-01-04..2026-01-07,2026-01-26,0,,,,,,72238.04,10835.71,0.00,83073.75,72238.04,0,72238.04,10835.71,0,83073.75,0.00,8307375,8307375,0.90,,,
MDS-01027,NGP-BD-115,Standard,2026-01-05..2026-01-07,2026-01-10,0,,,,,,98512.50,14776.88,0.00,113289.38,98512.50,0,98512.50,14776.88,0,113289.38,0.00,11328938,11328938,0.90,,,
MDS-01028,NGP-QA-168,Extended Reach,2026-01-05..2026-01-09,2026-02-07,0,,,,,,70798.65,10619.80,0.00,81418.45,70798.65,0,70798.65,10619.80,0,81418.45,0.00,8141845,8141845,0.90,,,
MDS-01029,NGP-HA-097,Extended Reach,2026-01-06..2026-01-09,2026-02-05,0,,,,,,149229.45,22384.42,0.00,171613.87,149229.45,0,149229.45,22384.42,0,171613.87,0.00,17161387,17161387,0.90,,,
MDS-01030,NGP-QA-026,Standard,2026-01-06..2026-01-08,2026-01-19,0,,,,,,124968.26,18745.24,0.00,143713.50,124968.26,0,124968.26,18745.24,0,143713.50,0.00,14371350,14371350,0.90,,,
MDS-01031,NGP-WS-043,Standard,2026-01-06..2026-01-10,2026-01-24,0,,,,,,211685.75,31752.86,0.00,243438.61,211685.75,0,211685.75,31752.86,0,243438.61,0.00,24343861,24343861,0.90,,,
MDS-01032,NGP-BD-220,Standard,2026-01-07..2026-01-12,2026-01-18,0,,,,,,138889.31,20833.40,0.00,159722.71,138889.31,0,138889.31,20833.40,0,159722.71,0.00,15972271,15972271,0.90,,,
MDS-01033,NGP-HA-202,HPHT,2026-01-07..2026-01-08,2026-01-11,0,,,,,,60204.04,9030.61,0.00,69234.65,60204.04,0,60204.04,9030.61,0,69234.65,0.00,6923465,6923465,0.90,,,
MDS-01034,NGP-WS-009,Standard,2026-01-07..2026-01-09,2026-01-22,0,,,,,,73388.72,11008.31,0.00,84397.03,73388.72,0,73388.72,11008.31,0,84397.03,0.00,8439703,8439703,0.90,,,
MDS-01035,NGP-WS-079,Standard,2026-01-07..2026-01-12,2026-02-10,0,,,,,,161073.85,24161.08,0.00,185234.93,161073.85,0,161073.85,24161.08,0,185234.93,0.00,18523493,18523493,0.90,,,
MDS-01036,NGP-BD-115,Standard,2026-01-08..2026-01-12,2026-01-31,0,,,,,,187894.85,28184.23,0.00,216079.08,187894.85,0,187894.85,28184.23,0,216079.08,0.00,21607908,21607908,0.90,,,
MDS-01037,NGP-QA-150,HPHT,2026-01-08..2026-01-10,2026-01-25,0,,,,,,65539.25,9830.89,0.00,75370.14,65539.25,0,65539.25,9830.89,0,75370.14,0.00,7537014,7537014,0.90,,,
MDS-01038,NGP-WS-061,Standard,2026-01-08..2026-01-13,2026-02-06,0,,,,,,138624.76,20793.71,0.00,159418.47,138624.76,0,138624.76,20793.71,0,159418.47,0.00,15941847,15941847,0.90,,,
MDS-01039,NGP-WS-132,HPHT,2026-01-08..2026-01-11,2026-01-14,0,,,,,,93270.15,13990.52,0.00,107260.67,93270.15,0,93270.15,13990.52,0,107260.67,0.00,10726067,10726067,0.90,,,
MDS-01040,NGP-WS-185,Extended Reach,2026-01-08..2026-01-10,2026-01-30,0,,,,,,65945.65,9891.85,0.00,75837.50,65945.65,0,65945.65,9891.85,0,75837.50,0.00,7583750,7583750,0.90,,,
MDS-01041,NGP-QA-026,Standard,2026-01-09..2026-01-14,2026-02-07,0,,,,,,214965.82,32244.87,0.00,247210.69,214965.82,0,214965.82,32244.87,0,247210.69,0.00,24721069,24721069,0.90,,,
MDS-01042,NGP-HA-097,Extended Reach,2026-01-10..2026-01-12,2026-01-21,0,,,,,,94797.36,14219.60,0.00,109016.96,94797.36,0,94797.36,14219.60,0,109016.96,0.00,10901696,10901696,0.90,,,
MDS-01043,NGP-QA-168,Extended Reach,2026-01-10..2026-01-12,2026-01-23,1,charge_not_in_record,charge_not_in_record,charge_not_in_record=1579.13,,,55598.66,8339.80,0.00,63938.46,54019.53,0,54019.53,8102.93,0,62122.46,-1816.00,6212246,6393846,0.90,MDS-01043-030,,
MDS-01044,NGP-WS-009,Standard,2026-01-10..2026-01-11,2026-01-29,1,line_arithmetic,line_arithmetic,line_arithmetic=6.00,,,85314.02,12797.10,0.00,98111.12,85320.02,0,85320.02,12798.00,0,98118.02,6.90,9811802,9811112,0.95,MDS-01044-025,,
MDS-01045,NGP-QA-150,HPHT,2026-01-11..2026-01-13,2026-01-23,0,,,,,,67651.29,10147.69,0.00,77798.98,67651.29,0,67651.29,10147.69,0,77798.98,0.00,7779898,7779898,0.90,,,
MDS-01046,NGP-WS-043,Standard,2026-01-11..2026-01-16,2026-02-08,0,,,,,,250525.97,37578.90,0.00,288104.87,250547.89,-21.92,250525.97,37578.90,0,288104.87,0.00,28810487,28810487,0.90,,,
MDS-01047,NGP-WS-185,Extended Reach,2026-01-11..2026-01-13,2026-02-05,1,qty_above_record,qty_above_record,qty_above_record=120.24,,,118759.72,17813.96,0.00,136573.68,118639.48,0,118639.48,17795.92,0,136435.40,-138.28,13643540,13657368,0.90,MDS-01047-030,,
MDS-01048,NGP-BD-115,Standard,2026-01-13..2026-01-16,2026-02-15,0,,,,,,127244.85,19086.73,0.00,146331.58,127244.85,0,127244.85,19086.73,0,146331.58,0.00,14633158,14633158,0.90,,,
MDS-01049,NGP-BD-220,Standard,2026-01-13..2026-01-17,2026-01-25,1,invoice_discount_omitted,invoice_discount_omitted,invoice_discount_omitted=1131.26,discount_DS900_missing,Cl 38 p.8; P11 p.11,274592.55,41188.88,0.00,315781.43,274592.55,-983.70,273608.85,41041.33,0,314650.18,-1131.25,31465018,31578143,0.95,,"DS-900 on billed services 274592.55: due -983.70, billed 0",
MDS-01050,NGP-HA-097,Extended Reach,2026-01-13..2026-01-17,2026-01-20,1,index_or_fx_month_wrong,index_or_fx_month_wrong,index_or_fx_month_wrong=1627.25,,,685783.34,102867.50,0.00,788650.84,702313.73,-18092.55,684221.18,102633.18,0,786854.36,-1796.48,78685436,78865084,0.85,MDS-01050-019,,
MDS-01051,NGP-QA-010,Standard,2026-01-13..2026-01-18,2026-02-15,0,,,,,,136178.61,20426.79,0.00,156605.40,136178.61,0,136178.61,20426.79,0,156605.40,0.00,15660540,15660540,0.90,,,
MDS-01052,NGP-QA-168,Extended Reach,2026-01-13..2026-01-18,2026-01-21,0,,,,,,121785.05,18267.76,0.00,140052.81,121785.05,0,121785.05,18267.76,0,140052.81,0.00,14005281,14005281,0.90,,,
MDS-01053,NGP-WS-079,Standard,2026-01-13..2026-01-18,2026-02-17,0,,,,,,140399.02,21059.85,0.00,161458.87,140399.02,0,140399.02,21059.85,0,161458.87,0.00,16145887,16145887,0.90,,,
MDS-01054,NGP-HA-203,Extended Reach,2026-01-14..2026-01-18,2026-02-07,0,,,,,,114224.65,17133.70,0.00,131358.35,114224.65,0,114224.65,17133.70,0,131358.35,0.00,13135835,13135835,0.90,,,
MDS-01055,NGP-QA-150,HPHT,2026-01-14..2026-01-19,2026-01-30,0,,,,,,172796.19,25919.43,0.00,198715.62,172796.19,0,172796.19,25919.43,0,198715.62,0.00,19871562,19871562,0.90,,,
MDS-01056,NGP-WS-061,Standard,2026-01-14..2026-01-16,2026-02-12,0,,,,,,44062.20,6609.33,0.00,50671.53,44062.20,0,44062.20,6609.33,0,50671.53,0.00,5067153,5067153,0.90,,,
MDS-01057,NGP-WS-185,Extended Reach,2026-01-14..2026-01-16,2026-01-22,0,,,,,,67948.91,10192.34,0.00,78141.25,67948.91,0,67948.91,10192.34,0,78141.25,0.00,7814125,7814125,0.90,,,
MDS-01058,NGP-QA-026,Standard,2026-01-15..2026-01-16,2026-01-29,0,,,,,,75444.90,11316.74,0.00,86761.64,75444.90,0,75444.90,11316.74,0,86761.64,0.00,8676164,8676164,0.90,,,
MDS-01059,NGP-QA-133,Standard,2026-01-16..2026-01-18,2026-02-01,0,,,,,,80150.21,12022.53,0.00,92172.74,80150.21,0,80150.21,12022.53,0,92172.74,0.00,9217274,9217274,0.90,,,
MDS-01060,NGP-BD-115,Standard,2026-01-17..2026-01-20,2026-01-29,0,,,,,,150797.59,22619.64,0.00,173417.23,150797.59,0,150797.59,22619.64,0,173417.23,0.00,17341723,17341723,0.90,,,
MDS-01061,NGP-WS-043,Standard,2026-01-17..2026-01-22,2026-02-19,0,,,,,,210141.18,31521.18,0.00,241662.36,210141.18,0,210141.18,31521.18,0,241662.36,0.00,24166236,24166236,0.90,,,
MDS-01062,NGP-WS-061,Standard,2026-01-17..2026-01-21,2026-02-06,0,,,,,,94646.05,14196.91,0.00,108842.96,94646.05,0,94646.05,14196.91,0,108842.96,0.00,10884296,10884296,0.90,,,
MDS-01063,NGP-WS-185,Extended Reach,2026-01-17..2026-01-19,2026-02-05,0,,,,,,93496.73,14024.51,0.00,107521.24,93496.73,0,93496.73,14024.51,0,107521.24,0.00,10752124,10752124,0.90,,,
MDS-01064,NGP-BD-220,Standard,2026-01-18..2026-01-21,2026-01-25,0,,,,,,168137.40,25220.61,0.00,193358.01,168137.40,0,168137.40,25220.61,0,193358.01,0.00,19335801,19335801,0.90,,,
MDS-01065,NGP-HA-097,Extended Reach,2026-01-18..2026-01-23,2026-02-09,0,,,,,,184765.55,27714.83,0.00,212480.38,184765.55,0,184765.55,27714.83,0,212480.38,0.00,21248038,21248038,0.90,,,
MDS-01066,NGP-HA-203,Extended Reach,2026-01-19..2026-01-22,2026-02-17,0,,,,,,63163.19,9474.48,0.00,72637.67,63163.19,0,63163.19,9474.48,0,72637.67,0.00,7263767,7263767,0.90,,,
MDS-01067,NGP-QA-010,Standard,2026-01-19..2026-01-21,2026-02-09,0,,,,,,48954.50,7343.18,0.00,56297.68,48954.50,0,48954.50,7343.18,0,56297.68,0.00,5629768,5629768,0.90,,,
MDS-01068,NGP-QA-133,Standard,2026-01-19..2026-01-24,2026-02-11,0,,,,,,88124.40,13218.66,0.00,101343.06,88124.40,0,88124.40,13218.66,0,101343.06,0.00,10134306,10134306,0.90,,,
MDS-01069,NGP-QA-168,Extended Reach,2026-01-19..2026-01-23,2026-02-08,0,,,,,,112100.11,16815.02,0.00,128915.13,112100.11,0,112100.11,16815.02,0,128915.13,0.00,12891513,12891513,0.90,,,
MDS-01070,NGP-WS-079,Standard,2026-01-19..2026-01-22,2026-02-04,0,,,,,,80718.36,12107.75,0.00,92826.11,80718.36,0,80718.36,12107.75,0,92826.11,0.00,9282611,9282611,0.90,,,
MDS-01071,NGP-BD-027,HPHT,2026-01-20..2026-01-22,2026-02-04,0,,,,,,85479.05,12821.86,0.00,98300.91,85479.05,0,85479.05,12821.86,0,98300.91,0.00,9830091,9830091,0.90,,,
MDS-01072,NGP-QA-150,HPHT,2026-01-20..2026-01-25,2026-02-18,0,,,,,,177409.68,26611.45,0.00,204021.13,177409.68,0,177409.68,26611.45,0,204021.13,0.00,20402113,20402113,0.90,,,
MDS-01073,NGP-WS-185,Extended Reach,2026-01-20..2026-01-23,2026-02-19,0,,,,,,87932.01,13189.80,0.00,101121.81,87932.01,0,87932.01,13189.80,0,101121.81,0.00,10112181,10112181,0.90,,,
MDS-01074,NGP-BD-115,Standard,2026-01-21..2026-01-25,2026-02-13,0,,,,,,204916.89,30737.53,0.00,235654.42,204916.89,0,204916.89,30737.53,0,235654.42,0.00,23565442,23565442,0.90,,,
MDS-01075,NGP-BD-220,Standard,2026-01-22..2026-01-25,2026-02-07,0,,,,,,150471.04,22570.66,0.00,173041.70,150471.04,0,150471.04,22570.66,0,173041.70,0.00,17304170,17304170,0.90,,,
MDS-01076,NGP-QA-010,Standard,2026-01-22..2026-01-25,2026-02-05,0,,,,,,82206.10,12330.92,0.00,94537.02,82206.10,0,82206.10,12330.92,0,94537.02,0.00,9453702,9453702,0.90,,,
MDS-01077,NGP-WS-061,Standard,2026-01-22..2026-01-24,2026-02-12,0,,,,,,57484.30,8622.64,0.00,66106.94,57484.30,0,57484.30,8622.64,0,66106.94,0.00,6610694,6610694,0.90,,,
MDS-01078,NGP-BD-027,HPHT,2026-01-23..2026-01-28,2026-02-14,0,,,,,,98497.46,14774.62,0.00,113272.08,98497.46,0,98497.46,14774.62,0,113272.08,0.00,11327208,11327208,0.90,,,
MDS-01079,NGP-HA-203,Extended Reach,2026-01-23..2026-01-28,2026-02-15,0,,,,,,173835.99,26075.40,0.00,199911.39,173835.99,0,173835.99,26075.40,0,199911.39,0.00,19991139,19991139,0.90,,,
MDS-01080,NGP-WS-043,Standard,2026-01-23..2026-01-25,2026-02-07,0,,,,,,108656.53,16298.48,0.00,124955.01,108656.53,0,108656.53,16298.48,0,124955.01,0.00,12495501,12495501,0.90,,,
MDS-01081,NGP-WS-079,Standard,2026-01-23..2026-01-25,2026-02-16,0,,,,,,46299.72,6944.96,0.00,53244.68,46299.72,0,46299.72,6944.96,0,53244.68,0.00,5324468,5324468,0.90,,,
MDS-01082,NGP-HA-097,Extended Reach,2026-01-24..2026-01-27,2026-02-05,0,,,,,,68333.89,10250.08,0.00,78583.97,68333.89,0,68333.89,10250.08,0,78583.97,0.00,7858397,7858397,0.90,,,
MDS-01083,NGP-QA-168,Extended Reach,2026-01-24..2026-01-29,2026-02-07,0,,,,,,168603.53,25290.53,0.00,193894.06,168603.53,0,168603.53,25290.53,0,193894.06,0.00,19389406,19389406,0.90,,,
MDS-01084,NGP-WS-185,Extended Reach,2026-01-24..2026-01-27,2026-01-30,0,,,,,,62855.73,9428.36,0.00,72284.09,62855.73,0,62855.73,9428.36,0,72284.09,0.00,7228409,7228409,0.90,,,
MDS-01085,NGP-QA-133,Standard,2026-01-25..2026-01-28,2026-02-10,0,,,,,,88734.90,13310.24,0.00,102045.14,88734.90,0,88734.90,13310.24,0,102045.14,0.00,10204514,10204514,0.90,,,
MDS-01086,NGP-WS-061,Standard,2026-01-25..2026-01-27,2026-02-06,1,index_or_fx_month_wrong,index_or_fx_month_wrong,index_or_fx_month_wrong=116.79,,,57601.09,8640.16,0.00,66241.25,57484.30,0,57484.30,8622.64,0,66106.94,-134.31,6610694,6624125,0.90,MDS-01086-025,,
MDS-01087,NGP-BD-115,Standard,2026-01-26..2026-01-27,2026-02-20,0,,,,,,80386.97,12058.05,0.00,92445.02,80386.97,0,80386.97,12058.05,0,92445.02,0.00,9244502,9244502,0.90,,,
MDS-01088,NGP-BD-220,Standard,2026-01-26..2026-01-28,2026-02-13,0,,,,,,137356.19,20603.43,0.00,157959.62,137356.19,0,137356.19,20603.43,0,157959.62,0.00,15795962,15795962,0.90,,,
MDS-01089,NGP-QA-010,Standard,2026-01-26..2026-01-29,2026-02-07,1,index_or_fx_month_wrong,index_or_fx_month_wrong,index_or_fx_month_wrong=3871.75,,,1309585.42,196437.81,0.00,1506023.23,1349863.06,-43994.52,1305868.54,195880.28,0,1501748.82,-4274.41,150174882,150602323,0.85,MDS-01089-032,,
MDS-01090,NGP-QA-150,HPHT,2026-01-26..2026-01-29,2026-02-16,0,,,,,,112905.98,16935.90,0.00,129841.88,112905.98,0,112905.98,16935.90,0,129841.88,0.00,12984188,12984188,0.90,,,
MDS-01091,NGP-WS-079,Standard,2026-01-26..2026-01-30,2026-02-22,0,,,,,,105376.47,15806.47,0.00,121182.94,105376.47,0,105376.47,15806.47,0,121182.94,0.00,12118294,12118294,0.90,,,
MDS-01092,NGP-HA-097,Extended Reach,2026-01-28..2026-02-01,2026-02-08,0,,,,,,74186.63,11127.99,0.00,85314.62,74186.63,0,74186.63,11127.99,0,85314.62,0.00,8531462,8531462,0.90,,,
MDS-01093,NGP-WS-061,Standard,2026-01-28..2026-01-31,2026-02-22,0,,,,,,87397.25,13109.59,0.00,100506.84,87397.25,0,87397.25,13109.59,0,100506.84,0.00,10050684,10050684,0.90,,,
MDS-01094,NGP-WS-185,Extended Reach,2026-01-28..2026-02-02,2026-03-03,0,,,,,,123901.89,18585.28,0.00,142487.17,123901.89,0,123901.89,18585.28,0,142487.17,0.00,14248717,14248717,0.90,,,
MDS-01095,NGP-BD-027,HPHT,2026-01-29..2026-02-03,2026-02-27,0,,,,,,136076.60,20411.49,0.00,156488.09,136076.60,0,136076.60,20411.49,0,156488.09,0.00,15648809,15648809,0.90,,,
MDS-01096,NGP-BD-220,Standard,2026-01-29..2026-02-01,2026-02-22,0,,,,,,163528.72,24529.31,0.00,188058.03,163528.72,0,163528.72,24529.31,0,188058.03,0.00,18805803,18805803,0.90,,,
MDS-01097,NGP-HA-203,Extended Reach,2026-01-29..2026-01-31,2026-02-23,0,,,,,,92567.02,13885.05,0.00,106452.07,92567.02,0,92567.02,13885.05,0,106452.07,0.00,10645207,10645207,0.90,,,
MDS-01098,NGP-QA-133,Standard,2026-01-29..2026-02-01,2026-02-24,0,,,,,,113354.41,17003.16,0.00,130357.57,113354.41,0,113354.41,17003.16,0,130357.57,0.00,13035757,13035757,0.90,,,
MDS-01099,NGP-QA-010,Standard,2026-01-30..2026-02-02,2026-03-01,0,,,,,,130905.01,19635.75,0.00,150540.76,130905.01,0,130905.01,19635.75,0,150540.76,0.00,15054076,15054076,0.90,,,
MDS-01100,NGP-QA-150,HPHT,2026-01-30..2026-02-03,2026-03-01,0,,,,,,83643.67,12546.55,0.00,96190.22,83643.67,0,83643.67,12546.55,0,96190.22,0.00,9619022,9619022,0.90,,,
MDS-01101,NGP-QA-168,Extended Reach,2026-01-30..2026-01-31,2026-02-11,0,,,,,,81655.48,12248.32,0.00,93903.80,81655.48,0,81655.48,12248.32,0,93903.80,0.00,9390380,9390380,0.90,,,
MDS-01102,NGP-QA-116,Extended Reach,2026-01-31..2026-02-05,2026-03-05,0,,,,,,134852.11,20227.82,0.00,155079.93,134852.11,0,134852.11,20227.82,0,155079.93,0.00,15507993,15507993,0.90,,,
MDS-01103,NGP-WS-044,Standard,2026-01-31..2026-02-04,2026-02-14,0,,,,,,112677.88,16901.68,0.00,129579.56,112677.88,0,112677.88,16901.68,0,129579.56,0.00,12957956,12957956,0.90,,,
MDS-01104,NGP-HA-203,Extended Reach,2026-02-01..2026-02-06,2026-02-16,0,,,,,,191037.06,28655.56,0.00,219692.62,191037.06,0,191037.06,28655.56,0,219692.62,0.00,21969262,21969262,0.90,,,
MDS-01105,NGP-WS-061,Standard,2026-02-01..2026-02-04,2026-02-17,0,,,,,,114342.25,17151.34,0.00,131493.59,114342.25,0,114342.25,17151.34,0,131493.59,0.00,13149359,13149359,0.90,,,
MDS-01106,NGP-BD-220,Standard,2026-02-02..2026-02-05,2026-02-14,0,,,,,,149557.37,22433.61,0.00,171990.98,149557.37,0,149557.37,22433.61,0,171990.98,0.00,17199098,17199098,0.90,,,
MDS-01107,NGP-HA-097,Extended Reach,2026-02-02..2026-02-02,2026-02-08,0,,,,,,44873.08,6730.96,0.00,51604.04,44873.08,0,44873.08,6730.96,0,51604.04,0.00,5160404,5160404,0.90,,,
MDS-01108,NGP-QA-133,Standard,2026-02-02..2026-02-05,2026-02-25,0,,,,,,111665.34,16749.80,0.00,128415.14,111665.34,0,111665.34,16749.80,0,128415.14,0.00,12841514,12841514,0.90,,,
MDS-01109,NGP-QA-010,Standard,2026-02-03..2026-02-07,2026-03-02,0,,,,,,175680.96,26352.14,0.00,202033.10,175680.96,0,175680.96,26352.14,0,202033.10,0.00,20203310,20203310,0.90,,,
MDS-01110,NGP-WS-169,HPHT,2026-02-03..2026-02-08,2026-02-12,0,,,,,,126843.09,19026.46,0.00,145869.55,126843.09,0,126843.09,19026.46,0,145869.55,0.00,14586955,14586955,0.90,,,
MDS-01111,NGP-BD-027,HPHT,2026-02-04..2026-02-06,2026-02-28,0,,,,,,58169.65,8725.45,0.00,66895.10,58169.65,0,58169.65,8725.45,0,66895.10,0.00,6689510,6689510,0.90,,,
MDS-01112,NGP-QA-150,HPHT,2026-02-04..2026-02-08,2026-02-15,0,,,,,,109672.36,16450.85,0.00,126123.21,109672.36,0,109672.36,16450.85,0,126123.21,0.00,12612321,12612321,0.90,,,
MDS-01113,NGP-WS-186,Extended Reach,2026-02-04..2026-02-07,2026-02-25,0,,,,,,97662.45,14649.37,0.00,112311.82,97662.45,0,97662.45,14649.37,0,112311.82,0.00,11231182,11231182,0.90,,,
MDS-01114,NGP-HA-080,Standard,2026-02-05..2026-02-09,2026-02-18,0,,,,,,114005.20,17100.78,0.00,131105.98,114005.20,0,114005.20,17100.78,0,131105.98,0.00,13110598,13110598,0.90,,,
MDS-01115,NGP-WS-044,Standard,2026-02-05..2026-02-07,2026-02-26,0,,,,,,44127.57,6619.14,0.00,50746.71,44127.57,0,44127.57,6619.14,0,50746.71,0.00,5074671,5074671,0.90,,,
MDS-01116,NGP-WS-061,Standard,2026-02-05..2026-02-10,2026-02-17,0,,,,,,137789.83,20668.47,0.00,158458.30,137789.83,0,137789.83,20668.47,0,158458.30,0.00,15845830,15845830,0.90,,,
MDS-01117,NGP-BD-220,Standard,2026-02-06..2026-02-11,2026-03-07,0,,,,,,214938.68,32240.80,0.00,247179.48,214938.68,0,214938.68,32240.80,0,247179.48,0.00,24717948,24717948,0.90,,,
MDS-01118,NGP-QA-098,Standard,2026-02-06..2026-02-10,2026-02-28,0,,,,,,111857.45,16778.62,0.00,128636.07,111857.45,0,111857.45,16778.62,0,128636.07,0.00,12863607,12863607,0.90,,,
MDS-01119,NGP-QA-116,Extended Reach,2026-02-06..2026-02-10,2026-03-12,0,,,,,,101425.66,15213.85,0.00,116639.51,101425.66,0,101425.66,15213.85,0,116639.51,0.00,11663951,11663951,0.90,,,
MDS-01120,NGP-QA-133,Standard,2026-02-06..2026-02-08,2026-02-17,0,,,,,,82462.05,12369.31,0.00,94831.36,82462.05,0,82462.05,12369.31,0,94831.36,0.00,9483136,9483136,0.90,,,
MDS-01121,NGP-BD-027,HPHT,2026-02-07..2026-02-10,2026-02-15,0,,,,,,95052.29,14257.84,0.00,109310.13,95052.29,0,95052.29,14257.84,0,109310.13,0.00,10931013,10931013,0.90,,,
MDS-01122,NGP-HA-203,Extended Reach,2026-02-07..2026-02-09,2026-02-24,0,,,,,,139276.91,20891.54,0.00,160168.45,139276.91,0,139276.91,20891.54,0,160168.45,0.00,16016845,16016845,0.90,,,
MDS-01123,NGP-QA-010,Standard,2026-02-08..2026-02-13,2026-03-13,0,,,,,,163598.09,24539.71,0.00,188137.80,163598.09,0,163598.09,24539.71,0,188137.80,0.00,18813780,18813780,0.90,,,
MDS-01124,NGP-WS-044,Standard,2026-02-08..2026-02-12,2026-03-10,0,,,,,,83116.00,12467.40,0.00,95583.40,83116.00,0,83116.00,12467.40,0,95583.40,0.00,9558340,9558340,0.90,,,
MDS-01125,NGP-WS-186,Extended Reach,2026-02-08..2026-02-12,2026-02-24,0,,,,,,80913.30,12137.00,0.00,93050.30,80913.30,0,80913.30,12137.00,0,93050.30,0.00,9305030,9305030,0.90,,,
MDS-01126,NGP-QA-133,Standard,2026-02-09..2026-02-11,2026-02-16,0,,,,,,97553.07,14632.96,0.00,112186.03,97553.07,0,97553.07,14632.96,0,112186.03,0.00,11218603,11218603,0.90,,,
MDS-01127,NGP-WS-169,HPHT,2026-02-09..2026-02-11,2026-03-13,0,,,,,,54223.95,8133.59,0.00,62357.54,54223.95,0,54223.95,8133.59,0,62357.54,0.00,6235754,6235754,0.90,,,
MDS-01128,NGP-HA-080,Standard,2026-02-10..2026-02-14,2026-02-25,0,,,,,,73605.64,11040.85,0.00,84646.49,73605.64,0,73605.64,11040.85,0,84646.49,0.00,8464649,8464649,0.90,,,
MDS-01129,NGP-HA-203,Extended Reach,2026-02-10..2026-02-10,2026-02-27,0,,,,,,52112.61,7816.89,0.00,59929.50,52112.61,0,52112.61,7816.89,0,59929.50,0.00,5992950,5992950,0.90,,,
MDS-01130,NGP-BD-027,HPHT,2026-02-11..2026-02-13,2026-03-14,0,,,,,,89391.98,13408.80,0.00,102800.78,89391.98,0,89391.98,13408.80,0,102800.78,0.00,10280078,10280078,0.90,,,
MDS-01131,NGP-QA-098,Standard,2026-02-11..2026-02-15,2026-03-06,0,,,,,,85617.15,12842.57,0.00,98459.72,85617.15,0,85617.15,12842.57,0,98459.72,0.00,9845972,9845972,0.90,,,
MDS-01132,NGP-QA-116,Extended Reach,2026-02-11..2026-02-13,2026-03-05,0,,,,,,102368.17,15355.23,0.00,117723.40,102368.17,0,102368.17,15355.23,0,117723.40,0.00,11772340,11772340,0.90,,,
MDS-01133,NGP-WS-061,Standard,2026-02-11..2026-02-16,2026-03-09,0,,,,,,96897.70,14534.66,0.00,111432.36,96897.70,0,96897.70,14534.66,0,111432.36,0.00,11143236,11143236,0.90,,,
MDS-01134,NGP-WS-151,Standard,2026-02-11..2026-02-15,2026-03-11,0,,,,,,109377.45,16406.62,0.00,125784.07,109377.45,0,109377.45,16406.62,0,125784.07,0.00,12578407,12578407,0.90,,,
MDS-01135,NGP-BD-220,Standard,2026-02-12..2026-02-12,2026-02-23,0,,,,,,49937.04,7490.56,0.00,57427.60,49937.04,0,49937.04,7490.56,0,57427.60,0.00,5742760,5742760,0.90,,,
MDS-01136,NGP-QA-133,Standard,2026-02-12..2026-02-16,2026-03-01,0,,,,,,104273.14,15640.97,0.00,119914.11,104273.14,0,104273.14,15640.97,0,119914.11,0.00,11991411,11991411,0.90,,,
MDS-01137,NGP-WS-169,HPHT,2026-02-12..2026-02-14,2026-03-14,1,rate_superseded,rate_superseded,rate_superseded=122.90,,,62750.10,9412.52,0.00,72162.62,62873.00,0,62873.00,9430.95,0,72303.95,141.33,7230395,7216262,0.90,MDS-01137-028,,
MDS-01138,NGP-WS-204,Extended Reach,2026-02-12..2026-02-15,2026-03-16,0,,,,,,97927.00,14689.05,0.00,112616.05,97927.00,0,97927.00,14689.05,0,112616.05,0.00,11261605,11261605,0.90,,,
MDS-01139,NGP-WS-044,Standard,2026-02-13..2026-02-18,2026-02-22,0,,,,,,1274238.03,191135.70,0.00,1465373.73,1316914.61,-42676.58,1274238.03,191135.70,0,1465373.73,0.00,146537373,146537373,0.90,,,
MDS-01140,NGP-WS-186,Extended Reach,2026-02-13..2026-02-18,2026-03-10,0,,,,,,99164.66,14874.70,0.00,114039.36,99164.66,0,99164.66,14874.70,0,114039.36,0.00,11403936,11403936,0.90,,,
MDS-01141,NGP-BD-027,HPHT,2026-02-14..2026-02-16,2026-02-21,0,,,,,,121545.13,18231.77,0.00,139776.90,121545.13,0,121545.13,18231.77,0,139776.90,0.00,13977690,13977690,0.90,,,
MDS-01142,NGP-QA-010,Standard,2026-02-14..2026-02-18,2026-03-20,0,,,,,,76375.42,11456.31,0.00,87831.73,76375.42,0,76375.42,11456.31,0,87831.73,0.00,8783173,8783173,0.90,,,
MDS-01143,NGP-QA-116,Extended Reach,2026-02-14..2026-02-17,2026-03-19,0,,,,,,142124.88,21318.73,0.00,163443.61,142124.88,0,142124.88,21318.73,0,163443.61,0.00,16344361,16344361,0.90,,,
MDS-01144,NGP-HA-080,Standard,2026-02-15..2026-02-18,2026-03-06,0,,,,,,77584.98,11637.75,0.00,89222.73,77584.98,0,77584.98,11637.75,0,89222.73,0.00,8922273,8922273,0.90,,,
MDS-01145,NGP-WS-169,HPHT,2026-02-15..2026-02-20,2026-03-10,0,,,,,,137034.33,20555.15,0.00,157589.48,137034.33,0,137034.33,20555.15,0,157589.48,0.00,15758948,15758948,0.90,,,
MDS-01146,NGP-QA-098,Standard,2026-02-16..2026-02-19,2026-03-04,0,,,,,,107064.62,16059.69,0.00,123124.31,107064.62,0,107064.62,16059.69,0,123124.31,0.00,12312431,12312431,0.90,,,
MDS-01147,NGP-QA-221,Standard,2026-02-16..2026-02-19,2026-02-23,0,,,,,,85350.25,12802.54,0.00,98152.79,85350.25,0,85350.25,12802.54,0,98152.79,0.00,9815279,9815279,0.90,,,
MDS-01148,NGP-WS-151,Standard,2026-02-16..2026-02-20,2026-03-20,0,,,,,,85826.70,12874.00,0.00,98700.70,85826.70,0,85826.70,12874.00,0,98700.70,0.00,9870070,9870070,0.90,,,
MDS-01149,NGP-WS-204,Extended Reach,2026-02-16..2026-02-21,2026-03-15,0,,,,,,96117.50,14417.62,0.00,110535.12,96117.50,0,96117.50,14417.62,0,110535.12,0.00,11053512,11053512,0.90,,,
MDS-01150,NGP-BD-027,HPHT,2026-02-17..2026-02-20,2026-02-23,0,,,,,,125893.68,18884.05,0.00,144777.73,125893.68,0,125893.68,18884.05,0,144777.73,0.00,14477773,14477773,0.90,,,
MDS-01151,NGP-QA-133,Standard,2026-02-17..2026-02-21,2026-03-11,0,,,,,,106215.39,15932.31,0.00,122147.70,106215.39,0,106215.39,15932.31,0,122147.70,0.00,12214770,12214770,0.90,,,
MDS-01152,NGP-WS-061,Standard,2026-02-17..2026-02-19,2026-02-26,0,,,,,,74021.12,11103.17,0.00,85124.29,74021.12,0,74021.12,11103.17,0,85124.29,0.00,8512429,8512429,0.90,,,
MDS-01153,NGP-QA-116,Extended Reach,2026-02-18..2026-02-20,2026-03-11,0,,,,,,109959.15,16493.87,0.00,126453.02,109959.15,0,109959.15,16493.87,0,126453.02,0.00,12645302,12645302,0.90,,,
MDS-01154,NGP-HA-080,Standard,2026-02-19..2026-02-21,2026-03-22,0,,,,,,81940.08,12291.01,0.00,94231.09,81940.08,0,81940.08,12291.01,0,94231.09,0.00,9423109,9423109,0.90,,,
MDS-01155,NGP-QA-010,Standard,2026-02-19..2026-02-19,2026-03-14,0,,,,,,43961.37,6594.21,0.00,50555.58,43961.37,0,43961.37,6594.21,0,50555.58,0.00,5055558,5055558,0.90,,,
MDS-01156,NGP-WS-044,Standard,2026-02-19..2026-02-24,2026-03-25,0,,,,,,151998.43,22799.76,0.00,174798.19,151998.43,0,151998.43,22799.76,0,174798.19,0.00,17479819,17479819,0.90,,,
MDS-01157,NGP-WS-186,Extended Reach,2026-02-19..2026-02-24,2026-03-09,0,,,,,,135818.65,20372.80,0.00,156191.45,135818.65,0,135818.65,20372.80,0,156191.45,0.00,15619145,15619145,0.90,,,
MDS-01158,NGP-QA-098,Standard,2026-02-20..2026-02-25,2026-03-22,0,,,,,,159632.54,23944.88,0.00,183577.42,159632.54,0,159632.54,23944.88,0,183577.42,0.00,18357742,18357742,0.90,,,
MDS-01159,NGP-QA-221,Standard,2026-02-20..2026-02-24,2026-03-09,0,,,,,,85959.60,12893.94,0.00,98853.54,85959.60,0,85959.60,12893.94,0,98853.54,0.00,9885354,9885354,0.90,,,
MDS-01160,NGP-BD-027,HPHT,2026-02-21..2026-02-23,2026-03-23,0,,,,,,82333.22,12349.98,0.00,94683.20,82333.22,0,82333.22,12349.98,0,94683.20,0.00,9468320,9468320,0.90,,,
MDS-01161,NGP-BD-062,Extended Reach,2026-02-21..2026-02-23,2026-03-25,0,,,,,,81400.05,12210.01,0.00,93610.06,81400.05,0,81400.05,12210.01,0,93610.06,0.00,9361006,9361006,0.90,,,
MDS-01162,NGP-QA-116,Extended Reach,2026-02-21..2026-02-23,2026-03-19,0,,,,,,110703.81,16605.57,0.00,127309.38,110703.81,0,110703.81,16605.57,0,127309.38,0.00,12730938,12730938,0.90,,,
MDS-01163,NGP-WS-151,Standard,2026-02-21..2026-02-24,2026-03-05,0,,,,,,133189.64,19978.45,0.00,153168.09,133189.64,0,133189.64,19978.45,0,153168.09,0.00,15316809,15316809,0.90,,,
MDS-01164,NGP-WS-169,HPHT,2026-02-21..2026-02-23,2026-03-19,0,,,,,,69309.18,10396.38,0.00,79705.56,69309.18,0,69309.18,10396.38,0,79705.56,0.00,7970556,7970556,0.90,,,
MDS-01165,NGP-HA-080,Standard,2026-02-22..2026-02-26,2026-03-20,0,,,,,,108395.99,16259.40,0.00,124655.39,108395.99,0,108395.99,16259.40,0,124655.39,0.00,12465539,12465539,0.90,,,
MDS-01166,NGP-WS-204,Extended Reach,2026-02-22..2026-02-25,2026-03-12,0,,,,,,120133.87,18020.08,0.00,138153.95,120133.87,0,120133.87,18020.08,0,138153.95,0.00,13815395,13815395,0.90,,,
MDS-01167,NGP-BD-027,HPHT,2026-02-24..2026-02-27,2026-03-10,0,,,,,,223531.96,33529.79,0.00,257061.75,223531.96,0,223531.96,33529.79,0,257061.75,0.00,25706175,25706175,0.90,,,
MDS-01168,NGP-BD-062,Extended Reach,2026-02-24..2026-02-28,2026-03-28,0,,,,,,83199.90,12479.98,0.00,95679.88,83199.90,0,83199.90,12479.98,0,95679.88,0.00,9567988,9567988,0.90,,,
MDS-01169,NGP-QA-116,Extended Reach,2026-02-24..2026-02-27,2026-03-18,0,,,,,,179054.50,26858.18,0.00,205912.68,179054.50,0,179054.50,26858.18,0,205912.68,0.00,20591268,20591268,0.90,,,
MDS-01170,NGP-WS-169,HPHT,2026-02-24..2026-03-01,2026-03-13,0,,,,,,161685.13,24252.77,0.00,185937.90,161685.13,0,161685.13,24252.77,0,185937.90,0.00,18593790,18593790,0.90,,,
MDS-01171,NGP-BD-011,Standard,2026-02-25..2026-02-27,2026-03-07,0,,,,,,76074.97,11411.25,0.00,87486.22,76074.97,0,76074.97,11411.25,0,87486.22,0.00,8748622,8748622,0.90,,,
MDS-01172,NGP-QA-221,Standard,2026-02-25..2026-02-28,2026-03-16,0,,,,,,63729.06,9559.36,0.00,73288.42,63729.06,0,63729.06,9559.36,0,73288.42,0.00,7328842,7328842,0.90,,,
MDS-01173,NGP-WS-044,Standard,2026-02-25..2026-03-01,2026-03-06,0,,,,,,127552.94,19132.94,0.00,146685.88,127552.94,0,127552.94,19132.94,0,146685.88,0.00,14668588,14668588,0.90,,,
MDS-01174,NGP-WS-134,HPHT,2026-02-25..2026-03-01,2026-03-12,0,,,,,,119828.55,17974.28,0.00,137802.83,119828.55,0,119828.55,17974.28,0,137802.83,0.00,13780283,13780283,0.90,,,
MDS-01175,NGP-WS-151,Standard,2026-02-25..2026-02-27,2026-03-28,0,,,,,,99027.68,14854.15,0.00,113881.83,99027.68,0,99027.68,14854.15,0,113881.83,0.00,11388183,11388183,0.90,,,
MDS-01176,NGP-WS-186,Extended Reach,2026-02-25..2026-03-01,2026-03-10,0,,,,,,149320.77,22398.12,0.00,171718.89,149320.77,0,149320.77,22398.12,0,171718.89,0.00,17171889,17171889,0.90,,,
MDS-01177,NGP-QA-098,Standard,2026-02-26..2026-03-01,2026-03-28,0,,,,,,90768.51,13615.28,0.00,104383.79,90768.51,0,90768.51,13615.28,0,104383.79,0.00,10438379,10438379,0.90,,,
MDS-01178,NGP-WS-204,Extended Reach,2026-02-26..2026-03-01,2026-03-06,0,,,,,,143565.32,21534.80,0.00,165100.12,143565.32,0,143565.32,21534.80,0,165100.12,0.00,16510012,16510012,0.90,,,
MDS-01179,NGP-HA-080,Standard,2026-02-27..2026-03-04,2026-03-31,0,,,,,,156773.67,23516.05,0.00,180289.72,156773.67,0,156773.67,23516.05,0,180289.72,0.00,18028972,18028972,0.90,,,
MDS-01180,NGP-BD-011,Standard,2026-02-28..2026-03-02,2026-03-12,0,,,,,,50793.54,7619.03,0.00,58412.57,50793.54,0,50793.54,7619.03,0,58412.57,0.00,5841257,5841257,0.90,,,
MDS-01181,NGP-BD-027,HPHT,2026-02-28..2026-03-03,2026-03-08,0,,,,,,59916.65,8987.50,0.00,68904.15,59916.65,0,59916.65,8987.50,0,68904.15,0.00,6890415,6890415,0.90,,,
MDS-01182,NGP-QA-116,Extended Reach,2026-02-28..2026-03-04,2026-03-26,0,,,,,,179458.13,26918.72,0.00,206376.85,179458.13,0,179458.13,26918.72,0,206376.85,0.00,20637685,20637685,0.90,,,
MDS-01183,NGP-WS-151,Standard,2026-02-28..2026-03-02,2026-03-25,1,charge_not_in_record,charge_not_in_record,charge_not_in_record=719.55,,,78067.61,11710.14,0.00,89777.75,77348.06,0,77348.06,11602.21,0,88950.27,-827.48,8895027,8977775,0.90,MDS-01183-041,,
MDS-01184,NGP-BD-062,Extended Reach,2026-03-01..2026-03-05,2026-04-04,0,,,,,,138131.08,20719.66,0.00,158850.74,138131.08,0,138131.08,20719.66,0,158850.74,0.00,15885074,15885074,0.90,,,
MDS-01185,NGP-QA-221,Standard,2026-03-01..2026-03-04,2026-03-09,0,,,,,,80685.75,12102.86,0.00,92788.61,80685.75,0,80685.75,12102.86,0,92788.61,0.00,9278861,9278861,0.90,,,
MDS-01186,NGP-QA-098,Standard,2026-03-02..2026-03-04,2026-04-03,0,,,,,,68457.72,10268.66,0.00,78726.38,68457.72,0,68457.72,10268.66,0,78726.38,0.00,7872638,7872638,0.90,,,
MDS-01187,NGP-WS-044,Standard,2026-03-02..2026-03-04,2026-03-29,0,,,,,,92088.83,13813.32,0.00,105902.15,92088.83,0,92088.83,13813.32,0,105902.15,0.00,10590215,10590215,0.90,,,
MDS-01188,NGP-WS-134,HPHT,2026-03-02..2026-03-04,2026-04-01,0,,,,,,41592.92,6238.94,0.00,47831.86,41592.92,0,41592.92,6238.94,0,47831.86,0.00,4783186,4783186,0.90,,,
MDS-01189,NGP-WS-169,HPHT,2026-03-02..2026-03-05,2026-03-19,0,,,,,,110339.37,16550.91,0.00,126890.28,110339.37,0,110339.37,16550.91,0,126890.28,0.00,12689028,12689028,0.90,,,
MDS-01190,NGP-WS-186,Extended Reach,2026-03-02..2026-03-07,2026-03-26,0,,,,,,186679.18,28001.88,0.00,214681.06,186679.18,0,186679.18,28001.88,0,214681.06,0.00,21468106,21468106,0.90,,,
MDS-01191,NGP-WS-204,Extended Reach,2026-03-02..2026-03-04,2026-04-03,0,,,,,,110092.88,16513.93,0.00,126606.81,110092.88,0,110092.88,16513.93,0,126606.81,0.00,12660681,12660681,0.90,,,
MDS-01192,NGP-BD-011,Standard,2026-03-03..2026-03-05,2026-03-13,0,,,,,,49075.85,7361.38,0.00,56437.23,49075.85,0,49075.85,7361.38,0,56437.23,0.00,5643723,5643723,0.90,,,
MDS-01193,NGP-WS-151,Standard,2026-03-03..2026-03-06,2026-03-29,0,,,,,,163312.82,24496.92,0.00,187809.74,163312.82,0,163312.82,24496.92,0,187809.74,0.00,18780974,18780974,0.90,,,
MDS-01194,NGP-BD-027,HPHT,2026-03-04..2026-03-07,2026-03-18,0,,,,,,68876.94,10331.54,0.00,79208.48,68876.94,0,68876.94,10331.54,0,79208.48,0.00,7920848,7920848,0.90,,,
MDS-01195,NGP-HA-080,Standard,2026-03-05..2026-03-10,2026-03-25,0,,,,,,178317.91,26747.69,0.00,205065.60,178317.91,0,178317.91,26747.69,0,205065.60,0.00,20506560,20506560,0.90,,,
MDS-01196,NGP-QA-098,Standard,2026-03-05..2026-03-08,2026-03-31,0,,,,,,117541.15,17631.17,0.00,135172.32,117541.15,0,117541.15,17631.17,0,135172.32,0.00,13517232,13517232,0.90,,,
MDS-01197,NGP-QA-116,Extended Reach,2026-03-05..2026-03-08,2026-03-27,0,,,,,,134018.98,20102.85,0.00,154121.83,134018.98,0,134018.98,20102.85,0,154121.83,0.00,15412183,15412183,0.90,,,
MDS-01198,NGP-QA-221,Standard,2026-03-05..2026-03-09,2026-03-15,0,,,,,,153528.83,23029.32,0.00,176558.15,153528.83,0,153528.83,23029.32,0,176558.15,0.00,17655815,17655815,0.90,,,
MDS-01199,NGP-WS-044,Standard,2026-03-05..2026-03-09,2026-04-06,0,,,,,,86719.61,13007.94,0.00,99727.55,86719.61,0,86719.61,13007.94,0,99727.55,0.00,9972755,9972755,0.90,,,
MDS-01200,NGP-WS-134,HPHT,2026-03-05..2026-03-09,2026-03-30,0,,,,,,86772.75,13015.91,0.00,99788.66,86772.75,0,86772.75,13015.91,0,99788.66,0.00,9978866,9978866,0.90,,,
MDS-01201,NGP-WS-204,Extended Reach,2026-03-05..2026-03-08,2026-03-15,0,,,,,,142578.93,21386.84,0.00,163965.77,142578.93,0,142578.93,21386.84,0,163965.77,0.00,16396577,16396577,0.90,,,
MDS-01202,NGP-BD-011,Standard,2026-03-06..2026-03-10,2026-03-24,0,,,,,,99806.68,14971.00,0.00,114777.68,99806.68,0,99806.68,14971.00,0,114777.68,0.00,11477768,11477768,0.90,,,
MDS-01203,NGP-BD-062,Extended Reach,2026-03-06..2026-03-08,2026-03-27,0,,,,,,82450.45,12367.57,0.00,94818.02,82450.45,0,82450.45,12367.57,0,94818.02,0.00,9481802,9481802,0.90,,,
MDS-01204,NGP-WS-169,HPHT,2026-03-06..2026-03-09,2026-03-13,0,,,,,,127349.78,19102.47,0.00,146452.25,127349.78,0,127349.78,19102.47,0,146452.25,0.00,14645225,14645225,0.90,,,
MDS-01205,NGP-WS-151,Standard,2026-03-07..2026-03-12,2026-03-26,0,,,,,,238569.88,35785.48,0.00,274355.36,238569.88,0,238569.88,35785.48,0,274355.36,0.00,27435536,27435536,0.90,,,
MDS-01206,NGP-BD-027,HPHT,2026-03-08..2026-03-10,2026-03-29,0,,,,,,78428.92,11764.34,0.00,90193.26,78428.92,0,78428.92,11764.34,0,90193.26,0.00,9019326,9019326,0.90,,,
MDS-01207,NGP-WS-186,Extended Reach,2026-03-08..2026-03-10,2026-03-27,0,,,,,,81036.99,12155.55,0.00,93192.54,81036.99,0,81036.99,12155.55,0,93192.54,0.00,9319254,9319254,0.90,,,
MDS-01208,NGP-BD-062,Extended Reach,2026-03-09..2026-03-12,2026-04-06,0,,,,,,145544.17,21831.63,0.00,167375.80,145544.17,0,145544.17,21831.63,0,167375.80,0.00,16737580,16737580,0.90,,,
MDS-01209,NGP-QA-116,Extended Reach,2026-03-09..2026-03-11,2026-03-15,0,,,,,,121533.80,18230.07,0.00,139763.87,121533.80,0,121533.80,18230.07,0,139763.87,0.00,13976387,13976387,0.90,,,
MDS-01210,NGP-WS-204,Extended Reach,2026-03-09..2026-03-11,2026-04-06,0,,,,,,118531.12,17779.67,0.00,136310.79,118531.12,0,118531.12,17779.67,0,136310.79,0.00,13631079,13631079,0.90,,,
MDS-01211,NGP-QA-221,Standard,2026-03-10..2026-03-15,2026-03-20,0,,,,,,207554.61,31133.19,0.00,238687.80,207554.61,0,207554.61,31133.19,0,238687.80,0.00,23868780,23868780,0.90,,,
MDS-01212,NGP-WS-044,Standard,2026-03-10..2026-03-13,2026-03-27,0,,,,,,94055.20,14108.28,0.00,108163.48,94055.20,0,94055.20,14108.28,0,108163.48,0.00,10816348,10816348,0.90,,,
MDS-01213,NGP-WS-134,HPHT,2026-03-10..2026-03-15,2026-04-11,0,,,,,,257158.96,38573.84,0.00,295732.80,257457.25,-298.29,257158.96,38573.84,0,295732.80,0.00,29573280,29573280,0.90,,,
MDS-01214,NGP-WS-169,HPHT,2026-03-10..2026-03-11,2026-03-31,0,,,,,,76484.02,11472.60,0.00,87956.62,76484.02,0,76484.02,11472.60,0,87956.62,0.00,8795662,8795662,0.90,,,
MDS-01215,NGP-BD-011,Standard,2026-03-11..2026-03-16,2026-04-13,0,,,,,,119967.86,17995.18,0.00,137963.04,119967.86,0,119967.86,17995.18,0,137963.04,0.00,13796304,13796304,0.90,,,
MDS-01216,NGP-HA-080,Standard,2026-03-11..2026-03-15,2026-04-04,0,,,,,,106105.36,15915.80,0.00,122021.16,106105.36,0,106105.36,15915.80,0,122021.16,0.00,12202116,12202116,0.90,,,
MDS-01217,NGP-WS-186,Extended Reach,2026-03-11..2026-03-14,2026-04-01,0,,,,,,79302.54,11895.38,0.00,91197.92,79302.54,0,79302.54,11895.38,0,91197.92,0.00,9119792,9119792,0.90,,,
MDS-01218,NGP-BD-099,Standard,2026-03-12..2026-03-17,2026-04-05,0,,,,,,126916.14,19037.42,0.00,145953.56,126916.14,0,126916.14,19037.42,0,145953.56,0.00,14595356,14595356,0.90,,,
MDS-01219,NGP-WS-204,Extended Reach,2026-03-12..2026-03-14,2026-03-30,0,,,,,,118695.82,17804.37,0.00,136500.19,118695.82,0,118695.82,17804.37,0,136500.19,0.00,13650019,13650019,0.90,,,
MDS-01220,NGP-BD-062,Extended Reach,2026-03-13..2026-03-17,2026-03-30,0,,,,,,177509.64,26626.45,0.00,204136.09,177509.64,0,177509.64,26626.45,0,204136.09,0.00,20413609,20413609,0.90,,,
MDS-01221,NGP-QA-117,Standard,2026-03-13..2026-03-17,2026-04-04,0,,,,,,110320.62,16548.09,0.00,126868.71,110320.62,0,110320.62,16548.09,0,126868.71,0.00,12686871,12686871,0.90,,,
MDS-01222,NGP-WS-151,Standard,2026-03-13..2026-03-17,2026-04-09,0,,,,,,182311.84,27346.78,0.00,209658.62,182311.84,0,182311.84,27346.78,0,209658.62,0.00,20965862,20965862,0.90,,,
MDS-01223,NGP-HA-028,Extended Reach,2026-03-14..2026-03-18,2026-04-11,0,,,,,,118333.47,17750.02,0.00,136083.49,118333.47,0,118333.47,17750.02,0,136083.49,0.00,13608349,13608349,0.90,,,
MDS-01224,NGP-BD-170,Standard,2026-03-15..2026-03-18,2026-04-10,0,,,,,,94749.74,14212.46,0.00,108962.20,94749.74,0,94749.74,14212.46,0,108962.20,0.00,10896220,10896220,0.90,,,
MDS-01225,NGP-WS-186,Extended Reach,2026-03-15..2026-03-17,2026-03-30,0,,,,,,47738.61,7160.79,0.00,54899.40,47738.61,0,47738.61,7160.79,0,54899.40,0.00,5489940,5489940,0.90,,,
MDS-01226,NGP-WS-204,Extended Reach,2026-03-15..2026-03-19,2026-04-02,0,,,,,,140118.05,21017.71,0.00,161135.76,140118.05,0,140118.05,21017.71,0,161135.76,0.00,16113576,16113576,0.90,,,
MDS-01227,NGP-HA-080,Standard,2026-03-16..2026-03-19,2026-03-31,0,,,,,,62448.02,9367.20,0.00,71815.22,62448.02,0,62448.02,9367.20,0,71815.22,0.00,7181522,7181522,0.90,,,
MDS-01228,NGP-QA-221,Standard,2026-03-16..2026-03-20,2026-03-31,0,,,,,,182368.00,27355.20,0.00,209723.20,182368.00,0,182368.00,27355.20,0,209723.20,0.00,20972320,20972320,0.90,,,
MDS-01229,NGP-WS-134,HPHT,2026-03-16..2026-03-18,2026-04-04,0,,,,,,122279.19,18341.88,0.00,140621.07,122279.19,0,122279.19,18341.88,0,140621.07,0.00,14062107,14062107,0.90,,,
MDS-01230,NGP-BD-011,Standard,2026-03-17..2026-03-20,2026-03-27,0,,,,,,99354.97,14903.25,0.00,114258.22,99354.97,0,99354.97,14903.25,0,114258.22,0.00,11425822,11425822,0.90,,,
MDS-01231,NGP-BD-062,Extended Reach,2026-03-18..2026-03-22,2026-04-09,0,,,,,,233220.23,34983.03,0.00,268203.26,233220.23,0,233220.23,34983.03,0,268203.26,0.00,26820326,26820326,0.90,,,
MDS-01232,NGP-BD-099,Standard,2026-03-18..2026-03-23,2026-04-21,0,,,,,,110535.21,16580.28,0.00,127115.49,110535.21,0,110535.21,16580.28,0,127115.49,0.00,12711549,12711549,0.90,,,
MDS-01233,NGP-QA-045,Extended Reach,2026-03-18..2026-03-23,2026-04-09,0,,,,,,132305.70,19845.86,0.00,152151.56,132305.70,0,132305.70,19845.86,0,152151.56,0.00,15215156,15215156,0.90,,,
MDS-01234,NGP-QA-117,Standard,2026-03-18..2026-03-20,2026-04-16,0,,,,,,39340.63,5901.09,0.00,45241.72,39340.63,0,39340.63,5901.09,0,45241.72,0.00,4524172,4524172,0.90,,,
MDS-01235,NGP-WS-186,Extended Reach,2026-03-18..2026-03-23,2026-04-10,0,,,,,,82092.10,12313.82,0.00,94405.92,82092.10,0,82092.10,12313.82,0,94405.92,0.00,9440592,9440592,0.90,,,
MDS-01236,NGP-BD-170,Standard,2026-03-19..2026-03-22,2026-03-28,0,,,,,,63803.70,9570.56,0.00,73374.26,63803.70,0,63803.70,9570.56,0,73374.26,0.00,7337426,7337426,0.90,,,
MDS-01237,NGP-HA-028,Extended Reach,2026-03-19..2026-03-22,2026-04-12,0,,,,,,73132.99,10969.95,0.00,84102.94,73132.99,0,73132.99,10969.95,0,84102.94,0.00,8410294,8410294,0.90,,,
MDS-01238,NGP-WS-134,HPHT,2026-03-19..2026-03-23,2026-03-29,0,,,,,,219138.31,32870.75,0.00,252009.06,219138.31,0,219138.31,32870.75,0,252009.06,0.00,25200906,25200906,0.90,,,
MDS-01239,NGP-HA-080,Standard,2026-03-20..2026-03-22,2026-04-12,0,,,,,,74120.38,11118.06,0.00,85238.44,74120.38,0,74120.38,11118.06,0,85238.44,0.00,8523844,8523844,0.90,,,
MDS-01240,NGP-WS-204,Extended Reach,2026-03-20..2026-03-24,2026-04-14,0,,,,,,84436.36,12665.45,0.00,97101.81,84436.36,0,84436.36,12665.45,0,97101.81,0.00,9710181,9710181,0.90,,,
MDS-01241,NGP-BD-011,Standard,2026-03-21..2026-03-25,2026-04-16,0,,,,,,140147.87,21022.18,0.00,161170.05,140147.87,0,140147.87,21022.18,0,161170.05,0.00,16117005,16117005,0.90,,,
MDS-01242,NGP-QA-117,Standard,2026-03-21..2026-03-23,2026-04-15,0,,,,,,51522.00,7728.30,0.00,59250.30,51522.00,0,51522.00,7728.30,0,59250.30,0.00,5925030,5925030,0.90,,,
MDS-01243,NGP-QA-221,Standard,2026-03-21..2026-03-24,2026-04-05,0,,,,,,87745.14,13161.77,0.00,100906.91,87745.14,0,87745.14,13161.77,0,100906.91,0.00,10090691,10090691,0.90,,,
MDS-01244,NGP-BD-062,Extended Reach,2026-03-23..2026-03-24,2026-03-31,0,,,,,,96730.03,14509.50,0.00,111239.53,96730.03,0,96730.03,14509.50,0,111239.53,0.00,11123953,11123953,0.90,,,
MDS-01245,NGP-BD-152,Standard,2026-03-23..2026-03-27,2026-04-20,0,,,,,,120055.84,18008.38,0.00,138064.22,120055.84,0,120055.84,18008.38,0,138064.22,0.00,13806422,13806422,0.90,,,
MDS-01246,NGP-BD-170,Standard,2026-03-23..2026-03-25,2026-04-20,0,,,,,,34497.71,5174.66,0.00,39672.37,34497.71,0,34497.71,5174.66,0,39672.37,0.00,3967237,3967237,0.90,,,
MDS-01247,NGP-HA-028,Extended Reach,2026-03-23..2026-03-25,2026-03-28,0,,,,,,56526.92,8479.04,0.00,65005.96,56526.92,0,56526.92,8479.04,0,65005.96,0.00,6500596,6500596,0.90,,,
MDS-01248,NGP-BD-099,Standard,2026-03-24..2026-03-28,2026-04-24,0,,,,,,142228.90,21334.34,0.00,163563.24,142228.90,0,142228.90,21334.34,0,163563.24,0.00,16356324,16356324,0.90,,,
MDS-01249,NGP-QA-045,Extended Reach,2026-03-24..2026-03-26,2026-04-09,0,,,,,,48122.83,7218.42,0.00,55341.25,48122.83,0,48122.83,7218.42,0,55341.25,0.00,5534125,5534125,0.90,,,
MDS-01250,NGP-QA-117,Standard,2026-03-24..2026-03-29,2026-04-19,0,,,,,,121056.44,18158.47,0.00,139214.91,121056.44,0,121056.44,18158.47,0,139214.91,0.00,13921491,13921491,0.90,,,
MDS-01251,NGP-WS-134,HPHT,2026-03-24..2026-03-28,2026-04-03,0,,,,,,297582.86,44637.43,0.00,342220.29,299565.48,-1982.62,297582.86,44637.43,0,342220.29,0.00,34222029,34222029,0.90,,,
MDS-01252,NGP-WS-186,Extended Reach,2026-03-24..2026-03-25,2026-04-15,0,,,,,,60709.67,9106.45,0.00,69816.12,60709.67,0,60709.67,9106.45,0,69816.12,0.00,6981612,6981612,0.90,,,
MDS-01253,NGP-QA-221,Standard,2026-03-25..2026-03-29,2026-04-23,0,,,,,,81154.88,12173.23,0.00,93328.11,81154.88,0,81154.88,12173.23,0,93328.11,0.00,9332811,9332811,0.90,,,
MDS-01254,NGP-WS-204,Extended Reach,2026-03-25..2026-03-26,2026-03-31,0,,,,,,60348.95,9052.34,0.00,69401.29,60348.95,0,60348.95,9052.34,0,69401.29,0.00,6940129,6940129,0.90,,,
MDS-01255,NGP-BD-011,Standard,2026-03-26..2026-03-30,2026-04-19,0,,,,,,146286.45,21942.97,0.00,168229.42,146286.45,0,146286.45,21942.97,0,168229.42,0.00,16822942,16822942,0.90,,,
MDS-01256,NGP-BD-170,Standard,2026-03-26..2026-03-30,2026-04-02,0,,,,,,92616.41,13892.46,0.00,106508.87,92616.41,0,92616.41,13892.46,0,106508.87,0.00,10650887,10650887,0.90,,,
MDS-01257,NGP-HA-028,Extended Reach,2026-03-26..2026-03-31,2026-04-05,0,,,,,,128306.34,19245.95,0.00,147552.29,128306.34,0,128306.34,19245.95,0,147552.29,0.00,14755229,14755229,0.90,,,
MDS-01258,NGP-WS-081,Standard,2026-03-26..2026-03-28,2026-03-26,1,submitted_before_period_end,submitted_before_period_end,submitted_before_period_end=0.00,submitted_before_period_end,Cl 33 p.8,82468.04,12370.21,0.00,94838.25,82468.04,0,82468.04,12370.21,0,94838.25,0.00,9483825,9483825,0.80,,"submitted 2026-03-26, before period end 2026-03-28",
MDS-01259,NGP-QA-045,Extended Reach,2026-03-27..2026-03-29,2026-04-01,0,,,,,,202809.21,30421.38,0.00,233230.59,202809.21,0,202809.21,30421.38,0,233230.59,0.00,23323059,23323059,0.90,,,
MDS-01260,NGP-WS-187,HPHT,2026-03-27..2026-04-01,2026-04-17,0,,,,,,130433.82,19565.07,0.00,149998.89,130433.82,0,130433.82,19565.07,0,149998.89,0.00,14999889,14999889,0.90,,,
MDS-01261,NGP-BD-152,Standard,2026-03-28..2026-04-01,2026-04-04,0,,,,,,98685.78,14802.87,0.00,113488.65,98685.78,0,98685.78,14802.87,0,113488.65,0.00,11348865,11348865,0.90,,,
MDS-01262,NGP-HA-063,Standard,2026-03-28..2026-03-31,2026-04-25,0,,,,,,99906.59,14985.99,0.00,114892.58,99906.59,0,99906.59,14985.99,0,114892.58,0.00,11489258,11489258,0.90,,,
MDS-01263,NGP-BD-099,Standard,2026-03-29..2026-04-02,2026-05-01,0,,,,,,102140.04,15321.01,0.00,117461.05,102140.04,0,102140.04,15321.01,0,117461.05,0.00,11746105,11746105,0.90,,,
MDS-01264,NGP-WS-081,Standard,2026-03-29..2026-04-02,2026-04-18,0,,,,,,68266.19,10239.93,0.00,78506.12,68266.19,0,68266.19,10239.93,0,78506.12,0.00,7850612,7850612,0.90,,,
MDS-01265,NGP-WS-134,HPHT,2026-03-29..2026-03-30,2026-04-13,1,qty_above_record,qty_above_record,qty_above_record=2094.85,,,94593.76,14189.06,0.00,108782.82,92498.91,0,92498.91,13874.84,0,106373.75,-2409.07,10637375,10878282,0.90,MDS-01265-028,,
MDS-01266,NGP-QA-045,Extended Reach,2026-03-30..2026-04-04,2026-04-17,0,,,,,,173421.80,26013.27,0.00,199435.07,173421.80,0,173421.80,26013.27,0,199435.07,0.00,19943507,19943507,0.90,,,
MDS-01267,NGP-QA-117,Standard,2026-03-30..2026-04-01,2026-04-25,0,,,,,,55608.90,8341.34,0.00,63950.24,55608.90,0,55608.90,8341.34,0,63950.24,0.00,6395024,6395024,0.90,,,
MDS-01268,NGP-QA-221,Standard,2026-03-30..2026-03-30,2026-04-09,1,charge_not_in_record,charge_not_in_record,charge_not_in_record=1220.55,,,45197.07,6779.56,0.00,51976.63,43976.52,0,43976.52,6596.48,0,50573.00,-1403.63,5057300,5197663,0.90,MDS-01268-014,,
MDS-01269,NGP-BD-011,Standard,2026-03-31..2026-04-05,2026-04-27,0,,,,,,103744.08,15561.61,0.00,119305.69,103744.08,0,103744.08,15561.61,0,119305.69,0.00,11930569,11930569,0.90,,,
MDS-01270,NGP-BD-170,Standard,2026-03-31..2026-04-02,2026-04-23,0,,,,,,82702.65,12405.40,0.00,95108.05,82702.65,0,82702.65,12405.40,0,95108.05,0.00,9510805,9510805,0.90,,,
MDS-01271,NGP-WS-205,HPHT,2026-03-31..2026-04-05,2026-05-04,0,,,,,,134565.23,20184.78,0.00,154750.01,134565.23,0,134565.23,20184.78,0,154750.01,0.00,15475001,15475001,0.90,,,
MDS-01272,NGP-BD-135,Standard,2026-04-01..2026-04-04,2026-04-17,0,,,,,,97851.04,14677.66,0.00,112528.70,97851.04,0,97851.04,14677.66,0,112528.70,0.00,11252870,11252870,0.90,,,
MDS-01273,NGP-HA-028,Extended Reach,2026-04-01..2026-04-06,2026-04-20,1,rate_superseded,rate_superseded,rate_superseded=8.21,,,139804.14,20970.62,0.00,160774.76,139795.93,0,139795.93,20969.39,0,160765.32,-9.44,16076532,16077476,0.90,MDS-01273-044,,
MDS-01274,NGP-HA-063,Standard,2026-04-01..2026-04-03,2026-04-26,0,,,,,,43388.34,6508.25,0.00,49896.59,43388.34,0,43388.34,6508.25,0,49896.59,0.00,4989659,4989659,0.90,,,
MDS-01275,NGP-BD-152,Standard,2026-04-02..2026-04-05,2026-04-14,0,,,,,,106354.69,15953.20,0.00,122307.89,106354.69,0,106354.69,15953.20,0,122307.89,0.00,12230789,12230789,0.90,,,
MDS-01276,NGP-QA-117,Standard,2026-04-02..2026-04-06,2026-04-28,0,,,,,,433556.06,65033.41,0.00,498589.47,441204.23,-7648.17,433556.06,65033.41,0,498589.47,0.00,49858947,49858947,0.90,,,
MDS-01277,NGP-WS-187,HPHT,2026-04-02..2026-04-04,2026-04-26,0,,,,,,49770.82,7465.62,0.00,57236.44,49770.82,0,49770.82,7465.62,0,57236.44,0.00,5723644,5723644,0.90,,,
MDS-01278,NGP-BD-099,Standard,2026-04-03..2026-04-08,2026-04-15,0,,,,,,163044.71,24456.71,0.00,187501.42,163044.71,0,163044.71,24456.71,0,187501.42,0.00,18750142,18750142,0.90,,,
MDS-01279,NGP-BD-170,Standard,2026-04-03..2026-04-06,2026-04-15,0,,,,,,105305.66,15795.85,0.00,121101.51,105305.66,0,105305.66,15795.85,0,121101.51,0.00,12110151,12110151,0.90,,,
MDS-01280,NGP-WS-081,Standard,2026-04-03..2026-04-07,2026-04-12,0,,,,,,123667.02,18550.05,0.00,142217.07,123667.02,0,123667.02,18550.05,0,142217.07,0.00,14221707,14221707,0.90,,,
MDS-01281,NGP-HA-063,Standard,2026-04-04..2026-04-08,2026-04-22,0,,,,,,84330.10,12649.52,0.00,96979.62,84330.10,0,84330.10,12649.52,0,96979.62,0.00,9697962,9697962,0.90,,,
MDS-01282,NGP-BD-135,Standard,2026-04-05..2026-04-07,2026-04-21,0,,,,,,49423.94,7413.59,0.00,56837.53,49423.94,0,49423.94,7413.59,0,56837.53,0.00,5683753,5683753,0.90,,,
MDS-01283,NGP-HA-222,Extended Reach,2026-04-05..2026-04-09,2026-05-02,0,,,,,,110529.53,16579.43,0.00,127108.96,110529.53,0,110529.53,16579.43,0,127108.96,0.00,12710896,12710896,0.90,,,
MDS-01284,NGP-QA-045,Extended Reach,2026-04-05..2026-04-09,2026-04-27,0,,,,,,140965.16,21144.77,0.00,162109.93,140965.16,0,140965.16,21144.77,0,162109.93,0.00,16210993,16210993,0.90,,,
MDS-01285,NGP-WS-187,HPHT,2026-04-05..2026-04-07,2026-05-02,0,,,,,,78263.96,11739.59,0.00,90003.55,78263.96,0,78263.96,11739.59,0,90003.55,0.00,9000355,9000355,0.90,,,
MDS-01286,NGP-BD-011,Standard,2026-04-06..2026-04-10,2026-05-01,0,,,,,,104061.98,15609.30,0.00,119671.28,104061.98,0,104061.98,15609.30,0,119671.28,0.00,11967128,11967128,0.90,,,
MDS-01287,NGP-BD-152,Standard,2026-04-06..2026-04-08,2026-04-13,0,,,,,,77266.86,11590.03,0.00,88856.89,77266.86,0,77266.86,11590.03,0,88856.89,0.00,8885689,8885689,0.90,,,
MDS-01288,NGP-WS-205,HPHT,2026-04-06..2026-04-08,2026-04-12,0,,,,,,48627.52,7294.13,0.00,55921.65,48627.52,0,48627.52,7294.13,0,55921.65,0.00,5592165,5592165,0.90,,,
MDS-01289,NGP-BD-170,Standard,2026-04-07..2026-04-09,2026-05-03,0,,,,,,64703.15,9705.47,0.00,74408.62,64703.15,0,64703.15,9705.47,0,74408.62,0.00,7440862,7440862,0.90,,,
MDS-01290,NGP-HA-028,Extended Reach,2026-04-07..2026-04-09,2026-04-20,0,,,,,,83204.64,12480.70,0.00,95685.34,83204.64,0,83204.64,12480.70,0,95685.34,0.00,9568534,9568534,0.90,,,
MDS-01291,NGP-QA-117,Standard,2026-04-07..2026-04-11,2026-04-23,0,,,,,,134785.96,20217.89,0.00,155003.85,134785.96,0,134785.96,20217.89,0,155003.85,0.00,15500385,15500385,0.90,,,
MDS-01292,NGP-BD-135,Standard,2026-04-08..2026-04-13,2026-05-02,0,,,,,,89101.89,13365.28,0.00,102467.17,89101.89,0,89101.89,13365.28,0,102467.17,0.00,10246717,10246717,0.90,,,
MDS-01293,NGP-WS-081,Standard,2026-04-08..2026-04-11,2026-05-04,0,,,,,,113564.74,17034.71,0.00,130599.45,113564.74,0,113564.74,17034.71,0,130599.45,0.00,13059945,13059945,0.90,,,
MDS-01294,NGP-WS-187,HPHT,2026-04-08..2026-04-10,2026-04-27,0,,,,,,108489.93,16273.49,0.00,124763.42,108489.93,0,108489.93,16273.49,0,124763.42,0.00,12476342,12476342,0.90,,,
MDS-01295,NGP-BD-099,Standard,2026-04-09..2026-04-11,2026-05-08,0,,,,,,72336.11,10850.42,0.00,83186.53,72336.11,0,72336.11,10850.42,0,83186.53,0.00,8318653,8318653,0.90,,,
MDS-01296,NGP-BD-152,Standard,2026-04-09..2026-04-11,2026-05-09,0,,,,,,585581.70,87837.26,0.00,673418.96,599564.27,-13982.57,585581.70,87837.26,0,673418.96,0.00,67341896,67341896,0.90,,,
MDS-01297,NGP-HA-063,Standard,2026-04-09..2026-04-11,2026-04-26,0,,,,,,94923.80,14238.57,0.00,109162.37,94923.80,0,94923.80,14238.57,0,109162.37,0.00,10916237,10916237,0.90,,,
MDS-01298,NGP-WS-205,HPHT,2026-04-09..2026-04-13,2026-05-11,0,,,,,,147849.02,22177.35,0.00,170026.37,147849.02,0,147849.02,22177.35,0,170026.37,0.00,17002637,17002637,0.90,,,
MDS-01299,NGP-BD-170,Standard,2026-04-10..2026-04-15,2026-04-23,0,,,,,,140736.94,21110.54,0.00,161847.48,140736.94,0,140736.94,21110.54,0,161847.48,0.00,16184748,16184748,0.90,,,
MDS-01300,NGP-HA-028,Extended Reach,2026-04-10..2026-04-12,2026-04-27,0,,,,,,82226.84,12334.03,0.00,94560.87,82226.84,0,82226.84,12334.03,0,94560.87,0.00,9456087,9456087,0.90,,,
MDS-01301,NGP-HA-222,Extended Reach,2026-04-10..2026-04-15,2026-05-04,0,,,,,,89595.76,13439.36,0.00,103035.12,89595.76,0,89595.76,13439.36,0,103035.12,0.00,10303512,10303512,0.90,,,
MDS-01302,NGP-QA-045,Extended Reach,2026-04-10..2026-04-13,2026-04-30,1,section_factor_wrong,section_factor_wrong,section_factor_wrong=80.84,,,101137.12,15170.57,0.00,116307.69,101217.96,0,101217.96,15182.69,0,116400.65,92.96,11640065,11630769,0.90,MDS-01302-031,,
MDS-01303,NGP-WS-187,HPHT,2026-04-11..2026-04-16,2026-05-04,0,,,,,,221766.10,33264.92,0.00,255031.02,221766.10,0,221766.10,33264.92,0,255031.02,0.00,25503102,25503102,0.90,,,
MDS-01304,NGP-BD-099,Standard,2026-04-12..2026-04-14,2026-04-21,0,,,,,,90182.61,13527.39,0.00,103710.00,90182.61,0,90182.61,13527.39,0,103710.00,0.00,10371000,10371000,0.90,,,
MDS-01305,NGP-BD-152,Standard,2026-04-12..2026-04-17,2026-05-06,0,,,,,,145497.73,21824.66,0.00,167322.39,145497.73,0,145497.73,21824.66,0,167322.39,0.00,16732239,16732239,0.90,,,
MDS-01306,NGP-HA-063,Standard,2026-04-12..2026-04-15,2026-04-25,0,,,,,,135442.71,20316.41,0.00,155759.12,135442.71,0,135442.71,20316.41,0,155759.12,0.00,15575912,15575912,0.90,,,
MDS-01307,NGP-QA-117,Standard,2026-04-12..2026-04-14,2026-04-22,0,,,,,,96498.55,14474.78,0.00,110973.33,96498.55,0,96498.55,14474.78,0,110973.33,0.00,11097333,11097333,0.90,,,
MDS-01308,NGP-WS-081,Standard,2026-04-12..2026-04-14,2026-04-28,0,,,,,,107597.45,16139.62,0.00,123737.07,107597.45,0,107597.45,16139.62,0,123737.07,0.00,12373707,12373707,0.90,,,
MDS-01309,NGP-HA-028,Extended Reach,2026-04-13..2026-04-17,2026-05-04,0,,,,,,167724.84,25158.73,0.00,192883.57,167724.84,0,167724.84,25158.73,0,192883.57,0.00,19288357,19288357,0.90,,,
MDS-01310,NGP-BD-135,Standard,2026-04-14..2026-04-18,2026-05-02,0,,,,,,177697.92,26654.69,0.00,204352.61,177697.92,0,177697.92,26654.69,0,204352.61,0.00,20435261,20435261,0.90,,,
MDS-01311,NGP-QA-045,Extended Reach,2026-04-14..2026-04-19,2026-05-01,0,,,,,,158029.37,23704.41,0.00,181733.78,158029.37,0,158029.37,23704.41,0,181733.78,0.00,18173378,18173378,0.90,,,
MDS-01312,NGP-WS-205,HPHT,2026-04-14..2026-04-16,2026-05-12,0,,,,,,90243.69,13536.55,0.00,103780.24,90243.69,0,90243.69,13536.55,0,103780.24,0.00,10378024,10378024,0.90,,,
MDS-01313,NGP-WS-081,Standard,2026-04-15..2026-04-18,2026-04-27,1,depth_band_wrong,depth_band_wrong,depth_band_wrong=4338.75,,,135386.09,20307.91,0.00,155694.00,131047.34,0,131047.34,19657.10,0,150704.44,-4989.56,15070444,15569400,0.90,MDS-01313-024,,
MDS-01314,NGP-BD-170,Standard,2026-04-16..2026-04-18,2026-05-14,0,,,,,,74649.34,11197.40,0.00,85846.74,74649.34,0,74649.34,11197.40,0,85846.74,0.00,8584674,8584674,0.90,,,
MDS-01315,NGP-HA-012,Standard,2026-04-16..2026-04-20,2026-05-08,0,,,,,,115638.72,17345.81,0.00,132984.53,115638.72,0,115638.72,17345.81,0,132984.53,0.00,13298453,13298453,0.90,,,
MDS-01316,NGP-HA-063,Standard,2026-04-16..2026-04-18,2026-04-27,0,,,,,,109799.16,16469.87,0.00,126269.03,109799.16,0,109799.16,16469.87,0,126269.03,0.00,12626903,12626903,0.90,,,
MDS-01317,NGP-HA-222,Extended Reach,2026-04-16..2026-04-20,2026-05-12,1,total_arithmetic,total_arithmetic,total_arithmetic=682.74,total_ne_net_plus_vat,Cl 40 p.8,119265.26,17889.79,0.00,137837.79,119265.26,0,119265.26,17889.79,0,137155.05,-682.74,13715505,13783779,0.95,,total 137837.79 != net 119265.26 + VAT 17889.79 + adjustment 0.00,
MDS-01318,NGP-HA-118,Standard,2026-04-17..2026-04-19,2026-05-19,0,,,,,,70868.26,10630.24,0.00,81498.50,70868.26,0,70868.26,10630.24,0,81498.50,0.00,8149850,8149850,0.90,,,
MDS-01319,NGP-WS-187,HPHT,2026-04-17..2026-04-21,2026-05-18,0,,,,,,1331220.34,199683.05,0.00,1530903.39,1376271.19,-45050.85,1331220.34,199683.05,0,1530903.39,0.00,153090339,153090339,0.90,,,
MDS-01320,NGP-WS-205,HPHT,2026-04-17..2026-04-19,2026-04-24,0,,,,,,86830.99,13024.65,0.00,99855.64,86830.99,0,86830.99,13024.65,0,99855.64,0.00,9985564,9985564,0.90,,,
MDS-01321,NGP-BD-152,Standard,2026-04-18..2026-04-21,2026-05-11,0,,,,,,98834.91,14825.24,0.00,113660.15,98834.91,0,98834.91,14825.24,0,113660.15,0.00,11366015,11366015,0.90,,,
MDS-01322,NGP-HA-028,Extended Reach,2026-04-18..2026-04-18,2026-04-27,0,,,,,,49055.70,7358.36,0.00,56414.06,49055.70,0,49055.70,7358.36,0,56414.06,0.00,5641406,5641406,0.90,,,
MDS-01323,NGP-BD-135,Standard,2026-04-19..2026-04-21,2026-04-24,0,,,,,,100014.17,15002.13,0.00,115016.30,100014.17,0,100014.17,15002.13,0,115016.30,0.00,11501630,11501630,0.90,,,
MDS-01324,NGP-BD-170,Standard,2026-04-19..2026-04-22,2026-04-28,0,,,,,,83185.21,12477.78,0.00,95662.99,83185.21,0,83185.21,12477.78,0,95662.99,0.00,9566299,9566299,0.90,,,
MDS-01325,NGP-HA-063,Standard,2026-04-19..2026-04-24,2026-05-11,0,,,,,,239556.62,35933.49,0.00,275490.11,239556.62,0,239556.62,35933.49,0,275490.11,0.00,27549011,27549011,0.90,,,
MDS-01326,NGP-WS-081,Standard,2026-04-19..2026-04-23,2026-05-04,0,,,,,,195335.81,29300.37,0.00,224636.18,195335.81,0,195335.81,29300.37,0,224636.18,0.00,22463618,22463618,0.90,,,
MDS-01327,NGP-HA-100,Standard,2026-04-20..2026-04-22,2026-04-29,0,,,,,,79025.06,11853.76,0.00,90878.82,79025.06,0,79025.06,11853.76,0,90878.82,0.00,9087882,9087882,0.90,,,
MDS-01328,NGP-HA-118,Standard,2026-04-20..2026-04-24,2026-04-27,0,,,,,,78947.89,11842.18,0.00,90790.07,78947.89,0,78947.89,11842.18,0,90790.07,0.00,9079007,9079007,0.90,,,
MDS-01329,NGP-QA-045,Extended Reach,2026-04-20..2026-04-25,2026-04-28,0,,,,,,97072.51,14560.88,0.00,111633.39,97072.51,0,97072.51,14560.88,0,111633.39,0.00,11163339,11163339,0.90,,,
MDS-01330,NGP-WS-205,HPHT,2026-04-20..2026-04-22,2026-05-20,0,,,,,,101908.16,15286.22,0.00,117194.38,101908.16,0,101908.16,15286.22,0,117194.38,0.00,11719438,11719438,0.90,,,
MDS-01331,NGP-HA-012,Standard,2026-04-21..2026-04-25,2026-05-11,0,,,,,,79437.80,11915.67,0.00,91353.47,79437.80,0,79437.80,11915.67,0,91353.47,0.00,9135347,9135347,0.90,,,
MDS-01332,NGP-HA-222,Extended Reach,2026-04-21..2026-04-24,2026-04-27,0,,,,,,114499.58,17174.94,0.00,131674.52,114499.58,0,114499.58,17174.94,0,131674.52,0.00,13167452,13167452,0.90,,,
MDS-01333,NGP-BD-135,Standard,2026-04-22..2026-04-26,2026-05-02,0,,,,,,193019.55,28952.93,0.00,221972.48,193019.55,0,193019.55,28952.93,0,221972.48,0.00,22197248,22197248,0.90,,,
MDS-01334,NGP-BD-152,Standard,2026-04-22..2026-04-23,2026-05-06,0,,,,,,70875.67,10631.35,0.00,81507.02,70875.67,0,70875.67,10631.35,0,81507.02,0.00,8150702,8150702,0.90,,,
MDS-01335,NGP-WS-187,HPHT,2026-04-22..2026-04-26,2026-05-12,0,,,,,,174009.68,26101.45,0.00,200111.13,174009.68,0,174009.68,26101.45,0,200111.13,0.00,20011113,20011113,0.90,,,
MDS-01336,NGP-BD-170,Standard,2026-04-23..2026-04-27,2026-05-13,0,,,,,,70879.02,10631.85,0.00,81510.87,70879.02,0,70879.02,10631.85,0,81510.87,0.00,8151087,8151087,0.90,,,
MDS-01337,NGP-HA-100,Standard,2026-04-23..2026-04-25,2026-05-06,0,,,,,,45834.49,6875.17,0.00,52709.66,45834.49,0,45834.49,6875.17,0,52709.66,0.00,5270966,5270966,0.90,,,
MDS-01338,NGP-WS-029,HPHT,2026-04-23..2026-04-28,2026-05-16,1,chargeable_hour_not_deducted,chargeable_hour_not_deducted,chargeable_hour_not_deducted=264.55,,,130860.30,19629.04,0.00,150489.34,130595.75,0,130595.75,19589.36,0,150185.11,-304.23,15018511,15048934,0.90,MDS-01338-026,,
MDS-01339,NGP-WS-205,HPHT,2026-04-23..2026-04-26,2026-05-14,0,,,,,,152079.01,22811.85,0.00,174890.86,152079.01,0,152079.01,22811.85,0,174890.86,0.00,17489086,17489086,0.90,,,
MDS-01340,NGP-HA-063,Standard,2026-04-25..2026-04-27,2026-05-25,0,,,,,,115139.43,17270.91,0.00,132410.34,115139.43,0,115139.43,17270.91,0,132410.34,0.00,13241034,13241034,0.90,,,
MDS-01341,NGP-HA-118,Standard,2026-04-25..2026-04-27,2026-05-24,1,qty_above_record,qty_above_record,qty_above_record=5729.30,,,44318.95,6647.84,0.00,50966.79,38589.65,0,38589.65,5788.45,0,44378.10,-6588.69,4437810,5096679,0.90,MDS-01341-016,,
MDS-01342,NGP-HA-222,Extended Reach,2026-04-25..2026-04-30,2026-05-20,1,discount_omitted,discount_omitted,discount_omitted=136.64,,,165820.11,24873.02,0.00,190693.13,165683.47,0,165683.47,24852.52,0,190535.99,-157.14,19053599,19069313,0.90,MDS-01342-017,,
MDS-01343,NGP-HA-012,Standard,2026-04-26..2026-05-01,2026-05-07,0,,,,,,164806.14,24720.92,0.00,189527.06,164806.14,0,164806.14,24720.92,0,189527.06,0.00,18952706,18952706,0.90,,,
MDS-01344,NGP-HA-100,Standard,2026-04-26..2026-04-29,2026-05-17,0,,,,,,57851.12,8677.67,0.00,66528.79,57851.12,0,57851.12,8677.67,0,66528.79,0.00,6652879,6652879,0.90,,,
MDS-01345,NGP-QA-045,Extended Reach,2026-04-26..2026-04-26,2026-05-06,0,,,,,,43486.40,6522.96,0.00,50009.36,43486.40,0,43486.40,6522.96,0,50009.36,0.00,5000936,5000936,0.90,,,
MDS-01346,NGP-BD-135,Standard,2026-04-27..2026-05-02,2026-05-19,0,,,,,,168615.72,25292.36,0.00,193908.08,168615.72,0,168615.72,25292.36,0,193908.08,0.00,19390808,19390808,0.90,,,
MDS-01347,NGP-WS-153,HPHT,2026-04-27..2026-04-29,2026-05-11,0,,,,,,74716.15,11207.42,0.00,85923.57,74716.15,0,74716.15,11207.42,0,85923.57,0.00,8592357,8592357,0.90,,,
MDS-01348,NGP-WS-187,HPHT,2026-04-27..2026-04-30,2026-05-07,0,,,,,,64381.34,9657.20,0.00,74038.54,64381.34,0,64381.34,9657.20,0,74038.54,0.00,7403854,7403854,0.90,,,
MDS-01349,NGP-WS-205,HPHT,2026-04-27..2026-04-29,2026-05-05,0,,,,,,116722.18,17508.33,0.00,134230.51,116722.18,0,116722.18,17508.33,0,134230.51,0.00,13423051,13423051,0.90,,,
MDS-01350,NGP-BD-082,Extended Reach,2026-04-28..2026-05-03,2026-06-02,0,,,,,,125855.67,18878.35,0.00,144734.02,125855.67,0,125855.67,18878.35,0,144734.02,0.00,14473402,14473402,0.90,,,
MDS-01351,NGP-BD-170,Standard,2026-04-28..2026-04-30,2026-05-23,0,,,,,,45284.55,6792.68,0.00,52077.23,45284.55,0,45284.55,6792.68,0,52077.23,0.00,5207723,5207723,0.90,,,
MDS-01352,NGP-HA-063,Standard,2026-04-28..2026-05-03,2026-05-15,0,,,,,,111381.43,16707.21,0.00,128088.64,111381.43,0,111381.43,16707.21,0,128088.64,0.00,12808864,12808864,0.75,,,report_ref DDR-063-20260427 is not the number of the 2026-04-28 report (Cl 19A)
MDS-01353,NGP-HA-118,Standard,2026-04-28..2026-04-30,2026-05-19,0,,,,,,70595.10,10589.26,0.00,81184.36,70595.10,0,70595.10,10589.26,0,81184.36,0.00,8118436,8118436,0.90,,,
MDS-01354,NGP-WS-029,HPHT,2026-04-29..2026-05-02,2026-05-22,0,,,,,,71320.28,10698.04,0.00,82018.32,71320.28,0,71320.28,10698.04,0,82018.32,0.00,8201832,8201832,0.90,,,
MDS-01355,NGP-BD-046,Standard,2026-04-30..2026-05-04,2026-05-19,0,,,,,,111809.13,16771.37,0.00,128580.50,111809.13,0,111809.13,16771.37,0,128580.50,0.00,12858050,12858050,0.90,,,
MDS-01356,NGP-HA-100,Standard,2026-04-30..2026-05-05,2026-05-19,0,,,,,,180483.21,27072.48,0.00,207555.69,180483.21,0,180483.21,27072.48,0,207555.69,0.00,20755569,20755569,0.90,,,
MDS-01357,NGP-WS-153,HPHT,2026-04-30..2026-05-04,2026-05-27,0,,,,,,84960.50,12744.08,0.00,97704.58,84960.50,0,84960.50,12744.08,0,97704.58,0.00,9770458,9770458,0.90,,,
MDS-01358,NGP-WS-205,HPHT,2026-04-30..2026-05-05,2026-05-08,0,,,,,,212488.36,31873.25,0.00,244361.61,212488.36,0,212488.36,31873.25,0,244361.61,0.00,24436161,24436161,0.90,,,
MDS-01359,NGP-BD-170,Standard,2026-05-01..2026-05-03,2026-06-01,0,,,,,,73673.71,11051.06,0.00,84724.77,73673.71,0,73673.71,11051.06,0,84724.77,0.00,8472477,8472477,0.90,,,
MDS-01360,NGP-HA-118,Standard,2026-05-01..2026-05-06,2026-05-30,0,,,,,,215044.25,32256.64,0.00,247300.89,215044.25,0,215044.25,32256.64,0,247300.89,0.00,24730089,24730089,0.90,,,
MDS-01361,NGP-HA-222,Extended Reach,2026-05-01..2026-05-05,2026-05-19,0,,,,,,120607.48,18091.12,0.00,138698.60,120607.48,0,120607.48,18091.12,0,138698.60,0.00,13869860,13869860,0.90,,,
MDS-01362,NGP-WS-187,HPHT,2026-05-01..2026-05-04,2026-05-20,0,,,,,,91047.29,13657.09,0.00,104704.38,91047.29,0,91047.29,13657.09,0,104704.38,0.00,10470438,10470438,0.90,,,
MDS-01363,NGP-HA-012,Standard,2026-05-02..2026-05-05,2026-05-29,0,,,,,,439305.99,65895.90,0.00,505201.89,447193.74,-7887.75,439305.99,65895.90,0,505201.89,0.00,50520189,50520189,0.90,,,
MDS-01364,NGP-BD-135,Standard,2026-05-03..2026-05-05,2026-05-11,0,,,,,,45951.60,6892.74,0.00,52844.34,45951.60,0,45951.60,6892.74,0,52844.34,0.00,5284434,5284434,0.90,,,
MDS-01365,NGP-WS-029,HPHT,2026-05-03..2026-05-05,2026-05-25,0,,,,,,73883.37,11082.51,0.00,84965.88,73883.37,0,73883.37,11082.51,0,84965.88,0.00,8496588,8496588,0.90,,,
MDS-01366,NGP-BD-082,Extended Reach,2026-05-04..2026-05-06,2026-05-25,0,,,,,,49731.14,7459.67,0.00,57190.81,49731.14,0,49731.14,7459.67,0,57190.81,0.00,5719081,5719081,0.90,,,
MDS-01367,NGP-HA-063,Standard,2026-05-04..2026-05-07,2026-05-28,0,,,,,,60639.66,9095.95,0.00,69735.61,60639.66,0,60639.66,9095.95,0,69735.61,0.00,6973561,6973561,0.90,,,
MDS-01368,NGP-BD-046,Standard,2026-05-05..2026-05-08,2026-05-17,0,,,,,,62681.18,9402.18,0.00,72083.36,62681.18,0,62681.18,9402.18,0,72083.36,0.00,7208336,7208336,0.90,,,
MDS-01369,NGP-WS-153,HPHT,2026-05-05..2026-05-10,2026-05-24,0,,,,,,165151.16,24772.67,0.00,189923.83,165151.16,0,165151.16,24772.67,0,189923.83,0.00,18992383,18992383,0.90,,,
MDS-01370,NGP-BD-135,Standard,2026-05-06..2026-05-07,2026-05-13,0,,,,,,58761.29,8814.19,0.00,67575.48,58761.29,0,58761.29,8814.19,0,67575.48,0.00,6757548,6757548,0.90,,,
MDS-01371,NGP-HA-012,Standard,2026-05-06..2026-05-10,2026-05-21,0,,,,,,130292.04,19543.81,0.00,149835.85,130292.04,0,130292.04,19543.81,0,149835.85,0.00,14983585,14983585,0.90,,,
MDS-01372,NGP-HA-100,Standard,2026-05-06..2026-05-11,2026-06-01,0,,,,,,209323.55,31398.53,0.00,240722.08,209323.55,0,209323.55,31398.53,0,240722.08,0.00,24072208,24072208,0.90,,,
MDS-01373,NGP-HA-222,Extended Reach,2026-05-06..2026-05-11,2026-05-14,1,qty_above_record,qty_above_record,qty_above_record=1890.24,,,154581.71,23187.26,0.00,177768.97,152691.47,0,152691.47,22903.72,0,175595.19,-2173.78,17559519,17776897,0.90,MDS-01373-016,,
MDS-01374,NGP-WS-029,HPHT,2026-05-06..2026-05-09,2026-05-18,0,,,,,,132607.10,19891.06,0.00,152498.16,132607.10,0,132607.10,19891.06,0,152498.16,0.00,15249816,15249816,0.90,,,
MDS-01375,NGP-WS-205,HPHT,2026-05-06..2026-05-11,2026-06-06,0,,,,,,97365.98,14604.90,0.00,111970.88,97365.98,0,97365.98,14604.90,0,111970.88,0.00,11197088,11197088,0.90,,,
MDS-01376,NGP-BD-082,Extended Reach,2026-05-07..2026-05-12,2026-05-22,0,,,,,,140827.40,21124.11,0.00,161951.51,140827.40,0,140827.40,21124.11,0,161951.51,0.00,16195151,16195151,0.90,,,
MDS-01377,NGP-HA-118,Standard,2026-05-07..2026-05-09,2026-05-27,0,,,,,,93047.84,13957.18,0.00,107005.02,93047.84,0,93047.84,13957.18,0,107005.02,0.00,10700502,10700502,0.90,,,
MDS-01378,NGP-HA-063,Standard,2026-05-08..2026-05-08,2026-05-14,0,,,,,,43350.84,6502.63,0.00,49853.47,43350.84,0,43350.84,6502.63,0,49853.47,0.00,4985347,4985347,0.90,,,
MDS-01379,NGP-BD-046,Standard,2026-05-09..2026-05-13,2026-05-21,0,,,,,,115345.68,17301.85,0.00,132647.53,115345.68,0,115345.68,17301.85,0,132647.53,0.00,13264753,13264753,0.90,,,
MDS-01380,NGP-QA-171,Extended Reach,2026-05-09..2026-05-12,2026-05-30,0,,,,,,98084.56,14712.68,0.00,112797.24,98084.56,0,98084.56,14712.68,0,112797.24,0.00,11279724,11279724,0.90,,,
MDS-01381,NGP-QA-188,Standard,2026-05-09..2026-05-13,2026-06-03,0,,,,,,102812.45,15421.87,0.00,118234.32,102812.45,0,102812.45,15421.87,0,118234.32,0.00,11823432,11823432,0.90,,,
MDS-01382,NGP-HA-118,Standard,2026-05-10..2026-05-15,2026-05-20,0,,,,,,217264.26,32589.64,0.00,249853.90,217264.26,0,217264.26,32589.64,0,249853.90,0.00,24985390,24985390,0.90,,,
MDS-01383,NGP-WS-029,HPHT,2026-05-10..2026-05-12,2026-05-15,0,,,,,,120560.46,18084.07,0.00,138644.53,120560.46,0,120560.46,18084.07,0,138644.53,0.00,13864453,13864453,0.90,,,
MDS-01384,NGP-HA-012,Standard,2026-05-11..2026-05-14,2026-05-28,0,,,,,,85875.25,12881.29,0.00,98756.54,85875.25,0,85875.25,12881.29,0,98756.54,0.00,9875654,9875654,0.90,,,
MDS-01385,NGP-WS-064,Extended Reach,2026-05-11..2026-05-15,2026-06-02,0,,,,,,115212.44,17281.87,0.00,132494.31,115212.44,0,115212.44,17281.87,0,132494.31,0.00,13249431,13249431,0.90,,,
MDS-01386,NGP-WS-136,Extended Reach,2026-05-11..2026-05-13,2026-06-02,0,,,,,,85584.43,12837.66,0.00,98422.09,85584.43,0,85584.43,12837.66,0,98422.09,0.00,9842209,9842209,0.90,,,
MDS-01387,NGP-WS-153,HPHT,2026-05-11..2026-05-15,2026-05-18,1,class_factor_wrong,class_factor_wrong,class_factor_wrong=3137.40,,,201308.63,30196.29,0.00,231504.92,198171.23,0,198171.23,29725.68,0,227896.91,-3608.01,22789691,23150492,0.90,MDS-01387-037,,
MDS-01388,NGP-HA-100,Standard,2026-05-12..2026-05-15,2026-06-14,0,,,,,,153468.53,23020.28,0.00,176488.81,153468.53,0,153468.53,23020.28,0,176488.81,0.00,17648881,17648881,0.90,,,
MDS-01389,NGP-HA-222,Extended Reach,2026-05-12..2026-05-12,2026-06-03,0,,,,,,47698.60,7154.79,0.00,54853.39,47698.60,0,47698.60,7154.79,0,54853.39,0.00,5485339,5485339,0.90,,,
MDS-01390,NGP-WS-205,HPHT,2026-05-12..2026-05-14,2026-06-06,0,,,,,,76874.17,11531.13,0.00,88405.30,76874.17,0,76874.17,11531.13,0,88405.30,0.00,8840530,8840530,0.90,,,
MDS-01391,NGP-BD-082,Extended Reach,2026-05-13..2026-05-17,2026-06-11,0,,,,,,129727.04,19459.06,0.00,149186.10,129727.04,0,129727.04,19459.06,0,149186.10,0.00,14918610,14918610,0.90,,,
MDS-01392,NGP-QA-171,Extended Reach,2026-05-13..2026-05-15,2026-06-08,0,,,,,,57069.59,8560.44,0.00,65630.03,57069.59,0,57069.59,8560.44,0,65630.03,0.00,6563003,6563003,0.90,,,
MDS-01393,NGP-WS-029,HPHT,2026-05-13..2026-05-17,2026-06-13,1,record_missing,record_missing,record_missing=2746.55,,,201755.18,30263.28,0.00,232018.46,199008.63,0,199008.63,29851.29,0,228859.92,-3158.54,22885992,23201846,0.90,MDS-01393-036,,
MDS-01394,NGP-BD-046,Standard,2026-05-14..2026-05-19,2026-06-02,0,,,,,,209096.76,31364.51,0.00,240461.27,209096.76,0,209096.76,31364.51,0,240461.27,0.00,24046127,24046127,0.90,,,
MDS-01395,NGP-QA-188,Standard,2026-05-14..2026-05-16,2026-06-04,0,,,,,,43341.66,6501.25,0.00,49842.91,43341.66,0,43341.66,6501.25,0,49842.91,0.00,4984291,4984291,0.90,,,
MDS-01396,NGP-WS-136,Extended Reach,2026-05-14..2026-05-16,2026-06-11,0,,,,,,44838.84,6725.83,0.00,51564.67,44838.84,0,44838.84,6725.83,0,51564.67,0.00,5156467,5156467,0.90,,,
MDS-01397,NGP-HA-012,Standard,2026-05-15..2026-05-19,2026-06-15,0,,,,,,136990.74,20548.61,0.00,157539.35,136990.74,0,136990.74,20548.61,0,157539.35,0.00,15753935,15753935,0.90,,,
MDS-01398,NGP-HA-100,Standard,2026-05-16..2026-05-19,2026-05-30,0,,,,,,161786.99,24268.05,0.00,186055.04,161786.99,0,161786.99,24268.05,0,186055.04,0.00,18605504,18605504,0.90,,,
MDS-01399,NGP-HA-118,Standard,2026-05-16..2026-05-18,2026-06-08,0,,,,,,112904.44,16935.67,0.00,129840.11,112904.44,0,112904.44,16935.67,0,129840.11,0.00,12984011,12984011,0.90,,,
MDS-01400,NGP-QA-171,Extended Reach,2026-05-16..2026-05-20,2026-05-30,0,,,,,,85953.95,12893.09,0.00,98847.04,85953.95,0,85953.95,12893.09,0,98847.04,0.00,9884704,9884704,0.90,,,
MDS-01401,NGP-WS-064,Extended Reach,2026-05-16..2026-05-21,2026-06-15,0,,,,,,99247.73,14887.16,0.00,114134.89,99247.73,0,99247.73,14887.16,0,114134.89,0.00,11413489,11413489,0.90,,,
MDS-01402,NGP-WS-153,HPHT,2026-05-16..2026-05-20,2026-05-23,0,,,,,,179366.72,26905.01,0.00,206271.73,179366.72,0,179366.72,26905.01,0,206271.73,0.00,20627173,20627173,0.90,,,
MDS-01403,NGP-QA-188,Standard,2026-05-17..2026-05-19,2026-05-22,0,,,,,,38551.57,5782.74,0.00,44334.31,38551.57,0,38551.57,5782.74,0,44334.31,0.00,4433431,4433431,0.90,,,
MDS-01404,NGP-WS-136,Extended Reach,2026-05-17..2026-05-20,2026-05-24,0,,,,,,59785.12,8967.77,0.00,68752.89,59785.12,0,59785.12,8967.77,0,68752.89,0.00,6875289,6875289,0.90,,,
MDS-01405,NGP-BD-082,Extended Reach,2026-05-18..2026-05-20,2026-06-08,0,,,,,,82517.66,12377.65,0.00,94895.31,82517.66,0,82517.66,12377.65,0,94895.31,0.00,9489531,9489531,0.90,,,
MDS-01406,NGP-BD-223,Standard,2026-05-18..2026-05-20,2026-06-01,0,,,,,,84394.05,12659.11,0.00,97053.16,84394.05,0,84394.05,12659.11,0,97053.16,0.00,9705316,9705316,0.90,,,
MDS-01407,NGP-QA-206,Extended Reach,2026-05-18..2026-05-22,2026-05-27,0,,,,,,109637.87,16445.68,0.00,126083.55,109637.87,0,109637.87,16445.68,0,126083.55,0.00,12608355,12608355,0.90,,,
MDS-01408,NGP-WS-029,HPHT,2026-05-18..2026-05-23,2026-05-29,0,,,,,,224011.43,33601.71,0.00,257613.14,224011.43,0,224011.43,33601.71,0,257613.14,0.00,25761314,25761314,0.90,,,
MDS-01409,NGP-HA-118,Standard,2026-05-19..2026-05-21,2026-05-30,0,,,,,,91428.39,13714.26,0.00,105142.65,91428.39,0,91428.39,13714.26,0,105142.65,0.00,10514265,10514265,0.90,,,
MDS-01410,NGP-BD-046,Standard,2026-05-20..2026-05-22,2026-06-04,0,,,,,,95485.49,14322.82,0.00,109808.31,95485.49,0,95485.49,14322.82,0,109808.31,0.00,10980831,10980831,0.90,,,
MDS-01411,NGP-HA-012,Standard,2026-05-20..2026-05-22,2026-06-07,0,,,,,,111558.60,16733.79,0.00,128292.39,111558.60,0,111558.60,16733.79,0,128292.39,0.00,12829239,12829239,0.90,,,
MDS-01412,NGP-HA-100,Standard,2026-05-20..2026-05-23,2026-06-11,0,,,,,,138676.47,20801.47,0.00,159477.94,138676.47,0,138676.47,20801.47,0,159477.94,0.00,15947794,15947794,0.90,,,
MDS-01413,NGP-QA-188,Standard,2026-05-20..2026-05-25,2026-06-11,0,,,,,,148980.40,22347.06,0.00,171327.46,148980.40,0,148980.40,22347.06,0,171327.46,0.00,17132746,17132746,0.90,,,
MDS-01414,NGP-BD-082,Extended Reach,2026-05-21..2026-05-24,2026-05-30,0,,,,,,115528.79,17329.32,0.00,132858.11,115528.79,0,115528.79,17329.32,0,132858.11,0.00,13285811,13285811,0.90,,,
MDS-01415,NGP-BD-223,Standard,2026-05-21..2026-05-26,2026-06-15,1,index_or_fx_month_wrong,index_or_fx_month_wrong,index_or_fx_month_wrong=555.45,,,93274.37,13991.16,0.00,107265.53,92718.92,0,92718.92,13907.84,0,106626.76,-638.77,10662676,10726553,0.90,MDS-01415-045,,
MDS-01416,NGP-QA-171,Extended Reach,2026-05-21..2026-05-23,2026-06-13,1,index_or_fx_month_wrong,index_or_fx_month_wrong,index_or_fx_month_wrong=95.00,,,65758.38,9863.76,0.00,75622.14,65663.38,0,65663.38,9849.51,0,75512.89,-109.25,7551289,7562214,0.90,MDS-01416-007,,
MDS-01417,NGP-WS-136,Extended Reach,2026-05-21..2026-05-23,2026-06-10,0,,,,,,95325.28,14298.79,0.00,109624.07,95325.28,0,95325.28,14298.79,0,109624.07,0.00,10962407,10962407,0.90,,,
MDS-01418,NGP-WS-153,HPHT,2026-05-21..2026-05-25,2026-06-02,0,,,,,,203901.43,30585.21,0.00,234486.64,203901.43,0,203901.43,30585.21,0,234486.64,0.00,23448664,23448664,0.90,,,
MDS-01419,NGP-HA-118,Standard,2026-05-22..2026-05-25,2026-06-21,0,,,,,,149991.38,22498.71,0.00,172490.09,149991.38,0,149991.38,22498.71,0,172490.09,0.00,17249009,17249009,0.90,,,
MDS-01420,NGP-WS-064,Extended Reach,2026-05-22..2026-05-26,2026-06-24,0,,,,,,144821.55,21723.23,0.00,166544.78,144821.55,0,144821.55,21723.23,0,166544.78,0.00,16654478,16654478,0.90,,,
MDS-01421,NGP-BD-046,Standard,2026-05-23..2026-05-27,2026-06-16,0,,,,,,190250.81,28537.62,0.00,218788.43,190250.81,0,190250.81,28537.62,0,218788.43,0.00,21878843,21878843,0.90,,,
MDS-01422,NGP-QA-206,Extended Reach,2026-05-23..2026-05-28,2026-06-01,0,,,,,,96272.48,14440.87,0.00,110713.35,96272.48,0,96272.48,14440.87,0,110713.35,0.00,11071335,11071335,0.90,,,
MDS-01423,NGP-HA-100,Standard,2026-05-24..2026-05-28,2026-06-13,0,,,,,,107416.71,16112.51,0.00,123529.22,107416.71,0,107416.71,16112.51,0,123529.22,0.00,12352922,12352922,0.90,,,
MDS-01424,NGP-QA-171,Extended Reach,2026-05-24..2026-05-28,2026-06-09,1,charge_not_in_record,charge_not_in_record,charge_not_in_record=719.55,,,105920.11,15888.02,0.00,121808.13,105200.56,0,105200.56,15780.08,0,120980.64,-827.49,12098064,12180813,0.90,MDS-01424-048,,
MDS-01425,NGP-WS-029,HPHT,2026-05-24..2026-05-26,2026-06-18,0,,,,,,49135.09,7370.26,0.00,56505.35,49135.09,0,49135.09,7370.26,0,56505.35,0.00,5650535,5650535,0.90,,,
MDS-01426,NGP-WS-136,Extended Reach,2026-05-24..2026-05-29,2026-06-02,0,,,,,,1376621.00,206493.15,0.00,1583114.15,1423563.54,-46942.54,1376621.00,206493.15,0,1583114.15,0.00,158311415,158311415,0.90,,,
MDS-01427,NGP-BD-082,Extended Reach,2026-05-25..2026-05-27,2026-06-17,1,rate_superseded,rate_superseded,rate_superseded=8.21,,,96144.86,14421.73,0.00,110566.59,96136.65,0,96136.65,14420.50,0,110557.15,-9.44,11055715,11056659,0.90,MDS-01427-031,,
MDS-01428,NGP-HA-118,Standard,2026-05-26..2026-05-30,2026-06-28,0,,,,,,79951.84,11992.78,0.00,91944.62,79951.84,0,79951.84,11992.78,0,91944.62,0.00,9194462,9194462,0.90,,,
MDS-01429,NGP-QA-188,Standard,2026-05-26..2026-05-31,2026-06-20,0,,,,,,205943.03,30891.45,0.00,236834.48,205943.03,0,205943.03,30891.45,0,236834.48,0.00,23683448,23683448,0.90,,,
MDS-01430,NGP-WS-153,HPHT,2026-05-26..2026-05-29,2026-06-25,0,,,,,,165316.61,24797.49,0.00,190114.10,165316.61,0,165316.61,24797.49,0,190114.10,0.00,19011410,19011410,0.90,,,
MDS-01431,NGP-BD-013,Standard,2026-05-27..2026-05-30,2026-06-25,0,,,,,,96215.67,14432.35,0.00,110648.02,96215.67,0,96215.67,14432.35,0,110648.02,0.00,11064802,11064802,0.90,,,
MDS-01432,NGP-BD-223,Standard,2026-05-27..2026-05-31,2026-06-18,0,,,,,,121481.76,18222.26,0.00,139704.02,121481.76,0,121481.76,18222.26,0,139704.02,0.00,13970402,13970402,0.90,,,
MDS-01433,NGP-WS-029,HPHT,2026-05-27..2026-05-29,2026-06-19,0,,,,,,48351.45,7252.72,0.00,55604.17,48351.45,0,48351.45,7252.72,0,55604.17,0.00,5560417,5560417,0.90,,,
MDS-01434,NGP-WS-064,Extended Reach,2026-05-27..2026-05-29,2026-06-20,0,,,,,,71956.52,10793.48,0.00,82750.00,71956.52,0,71956.52,10793.48,0,82750.00,0.00,8275000,8275000,0.90,,,
MDS-01435,NGP-BD-046,Standard,2026-05-28..2026-05-31,2026-06-09,0,,,,,,165211.37,24781.71,0.00,189993.08,165211.37,0,165211.37,24781.71,0,189993.08,0.00,18999308,18999308,0.90,,,
MDS-01436,NGP-BD-082,Extended Reach,2026-05-28..2026-06-01,2026-06-09,0,,,,,,1208356.07,181253.41,0.00,1389609.48,1248287.57,-39931.50,1208356.07,181253.41,0,1389609.48,0.00,138960948,138960948,0.90,,,
MDS-01437,NGP-HA-100,Standard,2026-05-29..2026-06-01,2026-06-08,0,,,,,,61059.09,9158.86,0.00,70217.95,61059.09,0,61059.09,9158.86,0,70217.95,0.00,7021795,7021795,0.90,,,
MDS-01438,NGP-QA-171,Extended Reach,2026-05-29..2026-05-31,2026-06-10,1,charge_not_in_record,charge_not_in_record,charge_not_in_record=18497.50,,,115442.21,17316.33,0.00,132758.54,96944.71,0,96944.71,14541.71,0,111486.42,-21272.12,11148642,13275854,0.90,MDS-01438-039,,
MDS-01439,NGP-QA-206,Extended Reach,2026-05-29..2026-06-03,2026-06-12,0,,,,,,124488.17,18673.23,0.00,143161.40,124488.17,0,124488.17,18673.23,0,143161.40,0.00,14316140,14316140,0.90,,,
MDS-01440,NGP-WS-029,HPHT,2026-05-30..2026-06-03,2026-06-21,0,,,,,,107537.67,16130.65,0.00,123668.32,107537.67,0,107537.67,16130.65,0,123668.32,0.00,12366832,12366832,0.90,,,
MDS-01441,NGP-WS-064,Extended Reach,2026-05-30..2026-06-04,2026-06-26,0,,,,,,137886.88,20683.03,0.00,158569.91,137886.88,0,137886.88,20683.03,0,158569.91,0.00,15856991,15856991,0.90,,,
MDS-01442,NGP-WS-136,Extended Reach,2026-05-30..2026-06-02,2026-06-08,0,,,,,,98370.20,14755.53,0.00,113125.73,98370.20,0,98370.20,14755.53,0,113125.73,0.00,11312573,11312573,0.90,,,
MDS-01443,NGP-WS-153,HPHT,2026-05-30..2026-05-30,2026-06-09,0,,,,,,52780.47,7917.07,0.00,60697.54,52780.47,0,52780.47,7917.07,0,60697.54,0.00,6069754,6069754,0.90,,,
MDS-01444,NGP-BD-013,Standard,2026-05-31..2026-06-05,2026-06-29,0,,,,,,90577.23,13586.58,0.00,104163.81,90577.23,0,90577.23,13586.58,0,104163.81,0.00,10416381,10416381,0.90,,,
MDS-01445,NGP-HA-118,Standard,2026-05-31..2026-06-03,2026-07-02,1,class_factor_wrong,class_factor_wrong,class_factor_wrong=247.90,,,55953.53,8393.03,0.00,64346.56,55705.63,0,55705.63,8355.84,0,64061.47,-285.09,6406147,6434656,0.90,MDS-01445-015,,
MDS-01446,NGP-BD-223,Standard,2026-06-01..2026-06-05,2026-06-30,0,,,,,,176076.62,26411.49,0.00,202488.11,176076.62,0,176076.62,26411.49,0,202488.11,0.00,20248811,20248811,0.90,,,
MDS-01447,NGP-QA-171,Extended Reach,2026-06-01..2026-06-04,2026-06-09,0,,,,,,129535.25,19430.29,0.00,148965.54,129535.25,0,129535.25,19430.29,0,148965.54,0.00,14896554,14896554,0.90,,,
MDS-01448,NGP-QA-188,Standard,2026-06-01..2026-06-04,2026-06-15,0,,,,,,145218.23,21782.73,0.00,167000.96,145218.23,0,145218.23,21782.73,0,167000.96,0.00,16700096,16700096,0.90,,,
MDS-01449,NGP-HA-047,Standard,2026-06-02..2026-06-06,2026-06-27,0,,,,,,119012.12,17851.82,0.00,136863.94,119012.12,0,119012.12,17851.82,0,136863.94,0.00,13686394,13686394,0.90,,,
MDS-01450,NGP-HA-100,Standard,2026-06-02..2026-06-03,2026-06-23,0,,,,,,57430.73,8614.61,0.00,66045.34,57430.73,0,57430.73,8614.61,0,66045.34,0.00,6604534,6604534,0.90,,,
MDS-01451,NGP-WS-136,Extended Reach,2026-06-03..2026-06-06,2026-06-22,0,,,,,,140408.62,21061.29,0.00,161469.91,140408.62,0,140408.62,21061.29,0,161469.91,0.00,16146991,16146991,0.90,,,
MDS-01452,NGP-BD-083,Standard,2026-06-04..2026-06-06,2026-06-23,0,,,,,,79108.88,11866.33,0.00,90975.21,79108.88,0,79108.88,11866.33,0,90975.21,0.00,9097521,9097521,0.90,,,
MDS-01453,NGP-HA-118,Standard,2026-06-04..2026-06-05,2026-07-01,0,,,,,,59023.32,8853.50,0.00,67876.82,59023.32,0,59023.32,8853.50,0,67876.82,0.00,6787682,6787682,0.90,,,
MDS-01454,NGP-QA-206,Extended Reach,2026-06-04..2026-06-09,2026-07-02,0,,,,,,146192.96,21928.94,0.00,168121.90,146192.96,0,146192.96,21928.94,0,168121.90,0.00,16812190,16812190,0.90,,,
MDS-01455,NGP-WS-154,Standard,2026-06-04..2026-06-06,2026-06-24,0,,,,,,82084.13,12312.62,0.00,94396.75,82084.13,0,82084.13,12312.62,0,94396.75,0.00,9439675,9439675,0.90,,,
MDS-01456,NGP-QA-171,Extended Reach,2026-06-05..2026-06-10,2026-06-22,0,,,,,,203702.74,30555.41,0.00,234258.15,203702.74,0,203702.74,30555.41,0,234258.15,0.00,23425815,23425815,0.90,,,
MDS-01457,NGP-QA-188,Standard,2026-06-05..2026-06-10,2026-06-30,0,,,,,,243642.03,36546.30,0.00,280188.33,243642.03,0,243642.03,36546.30,0,280188.33,0.00,28018833,28018833,0.90,,,
MDS-01458,NGP-WS-064,Extended Reach,2026-06-05..2026-06-10,2026-06-28,1,lost_in_hole_value_wrong,lost_in_hole_value_wrong,lost_in_hole_value_wrong=66384.60,,,549120.82,82368.12,0.00,631488.94,495199.59,-9807.98,485391.61,72808.74,0,558200.35,-73288.59,55820035,63148894,0.90,MDS-01458-040,,
MDS-01459,NGP-BD-013,Standard,2026-06-06..2026-06-08,2026-06-14,1,index_or_fx_month_wrong,index_or_fx_month_wrong,index_or_fx_month_wrong=455.91,,,57692.91,8653.94,0.00,66346.85,57237.00,0,57237.00,8585.55,0,65822.55,-524.30,6582255,6634685,0.90,MDS-01459-028,,
MDS-01460,NGP-BD-223,Standard,2026-06-06..2026-06-09,2026-06-13,0,,,,,,131628.50,19744.28,0.00,151372.78,131628.50,0,131628.50,19744.28,0,151372.78,0.00,15137278,15137278,0.90,,,
MDS-01461,NGP-BD-083,Standard,2026-06-07..2026-06-11,2026-06-21,0,,,,,,78473.95,11771.09,0.00,90245.04,78473.95,0,78473.95,11771.09,0,90245.04,0.00,9024504,9024504,0.90,,,
MDS-01462,NGP-HA-047,Standard,2026-06-07..2026-06-10,2026-06-13,0,,,,,,55584.39,8337.66,0.00,63922.05,55584.39,0,55584.39,8337.66,0,63922.05,0.00,6392205,6392205,0.90,,,
MDS-01463,NGP-WS-136,Extended Reach,2026-06-07..2026-06-10,2026-07-04,0,,,,,,148845.65,22326.85,0.00,171172.50,148845.65,0,148845.65,22326.85,0,171172.50,0.00,17117250,17117250,0.90,,,
MDS-01464,NGP-WS-154,Standard,2026-06-07..2026-06-11,2026-06-22,0,,,,,,72438.35,10865.75,0.00,83304.10,72438.35,0,72438.35,10865.75,0,83304.10,0.00,8330410,8330410,0.90,,,
MDS-01465,NGP-QA-101,Standard,2026-06-08..2026-06-11,2026-06-30,0,,,,,,101199.55,15179.93,0.00,116379.48,101199.55,0,101199.55,15179.93,0,116379.48,0.00,11637948,11637948,0.90,,,
MDS-01466,NGP-WS-030,Standard,2026-06-08..2026-06-13,2026-07-04,0,,,,,,132134.18,19820.13,0.00,151954.31,132134.18,0,132134.18,19820.13,0,151954.31,0.00,15195431,15195431,0.90,,,
MDS-01467,NGP-BD-013,Standard,2026-06-09..2026-06-11,2026-06-27,0,,,,,,50877.25,7631.59,0.00,58508.84,50877.25,0,50877.25,7631.59,0,58508.84,0.00,5850884,5850884,0.90,,,
MDS-01468,NGP-BD-223,Standard,2026-06-10..2026-06-15,2026-06-26,0,,,,,,232839.04,34925.86,0.00,267764.90,232839.04,0,232839.04,34925.86,0,267764.90,0.00,26776490,26776490,0.90,,,
MDS-01469,NGP-QA-206,Extended Reach,2026-06-10..2026-06-13,2026-07-05,0,,,,,,102747.50,15412.12,0.00,118159.62,102747.50,0,102747.50,15412.12,0,118159.62,0.00,11815962,11815962,0.90,,,
MDS-01470,NGP-BD-119,Standard,2026-06-11..2026-06-14,2026-07-14,0,,,,,,81346.64,12202.00,0.00,93548.64,81346.64,0,81346.64,12202.00,0,93548.64,0.00,9354864,9354864,0.90,,,
MDS-01471,NGP-HA-047,Standard,2026-06-11..2026-06-16,2026-07-05,0,,,,,,134929.99,20239.50,0.00,155169.49,134929.99,0,134929.99,20239.50,0,155169.49,0.00,15516949,15516949,0.90,,,
MDS-01472,NGP-QA-171,Extended Reach,2026-06-11..2026-06-13,2026-07-06,0,,,,,,103897.43,15584.61,0.00,119482.04,103897.43,0,103897.43,15584.61,0,119482.04,0.00,11948204,11948204,0.90,,,
MDS-01473,NGP-QA-188,Standard,2026-06-11..2026-06-16,2026-07-08,0,,,,,,176211.50,26431.72,0.00,202643.22,176211.50,0,176211.50,26431.72,0,202643.22,0.00,20264322,20264322,0.90,,,
MDS-01474,NGP-WS-064,Extended Reach,2026-06-11..2026-06-14,2026-07-12,0,,,,,,104470.78,15670.62,0.00,120141.40,104470.78,0,104470.78,15670.62,0,120141.40,0.00,12014140,12014140,0.90,,,
MDS-01475,NGP-WS-136,Extended Reach,2026-06-11..2026-06-14,2026-06-27,0,,,,,,185582.42,27837.36,0.00,213419.78,185582.42,0,185582.42,27837.36,0,213419.78,0.00,21341978,21341978,0.90,,,
MDS-01476,NGP-BD-013,Standard,2026-06-12..2026-06-14,2026-06-21,0,,,,,,59462.88,8919.43,0.00,68382.31,59462.88,0,59462.88,8919.43,0,68382.31,0.00,6838231,6838231,0.90,,,
MDS-01477,NGP-BD-083,Standard,2026-06-12..2026-06-15,2026-07-13,0,,,,,,67520.73,10128.11,0.00,77648.84,67520.73,0,67520.73,10128.11,0,77648.84,0.00,7764884,7764884,0.90,,,
MDS-01478,NGP-QA-101,Standard,2026-06-12..2026-06-14,2026-07-09,0,,,,,,47052.46,7057.87,0.00,54110.33,47052.46,0,47052.46,7057.87,0,54110.33,0.00,5411033,5411033,0.90,,,
MDS-01479,NGP-WS-154,Standard,2026-06-12..2026-06-17,2026-07-01,0,,,,,,136966.61,20544.99,0.00,157511.60,136966.61,0,136966.61,20544.99,0,157511.60,0.00,15751160,15751160,0.90,,,
MDS-01480,NGP-QA-206,Extended Reach,2026-06-14..2026-06-17,2026-07-07,0,,,,,,103203.40,15480.51,0.00,118683.91,103203.40,0,103203.40,15480.51,0,118683.91,0.00,11868391,11868391,0.90,,,
MDS-01481,NGP-WS-030,Standard,2026-06-14..2026-06-19,2026-07-06,0,,,,,,108358.08,16253.71,0.00,124611.79,108358.08,0,108358.08,16253.71,0,124611.79,0.00,12461179,12461179,0.90,,,
MDS-01482,NGP-BD-013,Standard,2026-06-15..2026-06-17,2026-06-29,0,,,,,,57882.72,8682.41,0.00,66565.13,57882.72,0,57882.72,8682.41,0,66565.13,0.00,6656513,6656513,0.90,,,
MDS-01483,NGP-BD-119,Standard,2026-06-15..2026-06-20,2026-07-12,1,index_or_fx_month_wrong,index_or_fx_month_wrong,index_or_fx_month_wrong=20.57,,,110282.58,16542.39,0.00,126824.97,110262.01,0,110262.01,16539.30,0,126801.31,-23.66,12680131,12682497,0.90,MDS-01483-058,,
MDS-01484,NGP-HA-172,Extended Reach,2026-06-15..2026-06-17,2026-07-17,0,,,,,,83823.77,12573.57,0.00,96397.34,83823.77,0,83823.77,12573.57,0,96397.34,0.00,9639734,9639734,0.90,,,
MDS-01485,NGP-QA-101,Standard,2026-06-15..2026-06-17,2026-07-05,0,,,,,,42240.02,6336.00,0.00,48576.02,42240.02,0,42240.02,6336.00,0,48576.02,0.00,4857602,4857602,0.90,,,
MDS-01486,NGP-WS-064,Extended Reach,2026-06-15..2026-06-16,2026-07-02,0,,,,,,71485.91,10722.89,0.00,82208.80,71485.91,0,71485.91,10722.89,0,82208.80,0.00,8220880,8220880,0.90,,,
MDS-01487,NGP-WS-136,Extended Reach,2026-06-15..2026-06-19,2026-06-23,0,,,,,,123432.40,18514.86,0.00,141947.26,123432.40,0,123432.40,18514.86,0,141947.26,0.00,14194726,14194726,0.90,,,
MDS-01488,NGP-BD-083,Standard,2026-06-16..2026-06-18,2026-06-30,0,,,,,,88582.75,13287.41,0.00,101870.16,88582.75,0,88582.75,13287.41,0,101870.16,0.00,10187016,10187016,0.90,,,
MDS-01489,NGP-BD-223,Standard,2026-06-16..2026-06-19,2026-07-17,0,,,,,,149651.30,22447.70,0.00,172099.00,149651.30,0,149651.30,22447.70,0,172099.00,0.00,17209900,17209900,0.90,,,
MDS-01490,NGP-HA-047,Standard,2026-06-17..2026-06-20,2026-07-18,0,,,,,,129306.28,19395.94,0.00,148702.22,129306.28,0,129306.28,19395.94,0,148702.22,0.00,14870222,14870222,0.90,,,
MDS-01491,NGP-QA-188,Standard,2026-06-17..2026-06-19,2026-06-26,1,section_factor_wrong,section_factor_wrong,section_factor_wrong=85.06,,,45555.34,6833.30,0.00,52388.64,45470.28,0,45470.28,6820.54,0,52290.82,-97.82,5229082,5238864,0.90,MDS-01491-003,,
MDS-01492,NGP-BD-013,Standard,2026-06-18..2026-06-20,2026-06-24,0,,,,,,70000.79,10500.12,0.00,80500.91,70000.79,0,70000.79,10500.12,0,80500.91,0.00,8050091,8050091,0.90,,,
MDS-01493,NGP-HA-172,Extended Reach,2026-06-18..2026-06-22,2026-07-10,0,,,,,,84747.50,12712.12,0.00,97459.62,84747.50,0,84747.50,12712.12,0,97459.62,0.00,9745962,9745962,0.90,,,
MDS-01494,NGP-QA-101,Standard,2026-06-18..2026-06-23,2026-07-17,0,,,,,,167562.59,25134.39,0.00,192696.98,167562.59,0,167562.59,25134.39,0,192696.98,0.00,19269698,19269698,0.90,,,
MDS-01495,NGP-QA-206,Extended Reach,2026-06-18..2026-06-21,2026-07-16,0,,,,,,138569.26,20785.39,0.00,159354.65,138569.26,0,138569.26,20785.39,0,159354.65,0.00,15935465,15935465,0.90,,,
MDS-01496,NGP-WS-065,Extended Reach,2026-06-18..2026-06-21,2026-07-21,0,,,,,,97610.81,14641.62,0.00,112252.43,97610.81,0,97610.81,14641.62,0,112252.43,0.00,11225243,11225243,0.90,,,
MDS-01497,NGP-WS-154,Standard,2026-06-18..2026-06-21,2026-06-28,0,,,,,,107620.74,16143.11,0.00,123763.85,107620.74,0,107620.74,16143.11,0,123763.85,0.00,12376385,12376385,0.90,,,
MDS-01498,NGP-BD-083,Standard,2026-06-19..2026-06-24,2026-07-14,0,,,,,,194883.20,29232.48,0.00,224115.68,194883.20,0,194883.20,29232.48,0,224115.68,0.00,22411568,22411568,0.90,,,
MDS-01499,NGP-BD-223,Standard,2026-06-20..2026-06-24,2026-07-22,1,qty_above_record,qty_above_record,qty_above_record=375.21,,,91556.71,13733.51,0.00,105290.22,91181.50,0,91181.50,13677.22,0,104858.72,-431.50,10485872,10529022,0.90,MDS-01499-038,,
MDS-01500,NGP-QA-188,Standard,2026-06-20..2026-06-25,2026-07-15,0,,,,,,119299.39,17894.91,0.00,137194.30,119299.39,0,119299.39,17894.91,0,137194.30,0.00,13719430,13719430,0.90,,,
MDS-01501,NGP-WS-030,Standard,2026-06-20..2026-06-22,2026-07-10,0,,,,,,104510.15,15676.52,0.00,120186.67,104510.15,0,104510.15,15676.52,0,120186.67,0.00,12018667,12018667,0.90,,,
MDS-01502,NGP-WS-136,Extended Reach,2026-06-20..2026-06-24,2026-07-06,0,,,,,,77541.35,11631.20,0.00,89172.55,77541.35,0,77541.35,11631.20,0,89172.55,0.00,8917255,8917255,0.90,,,
MDS-01503,NGP-BD-013,Standard,2026-06-21..2026-06-24,2026-06-30,0,,,,,,96622.84,14493.43,0.00,111116.27,96622.84,0,96622.84,14493.43,0,111116.27,0.00,11111627,11111627,0.90,,,
MDS-01504,NGP-BD-119,Standard,2026-06-21..2026-06-24,2026-07-16,0,,,,,,122963.58,18444.54,0.00,141408.12,122963.58,0,122963.58,18444.54,0,141408.12,0.00,14140812,14140812,0.90,,,
MDS-01505,NGP-HA-047,Standard,2026-06-21..2026-06-25,2026-07-17,0,,,,,,175256.02,26288.40,0.00,201544.42,175256.02,0,175256.02,26288.40,0,201544.42,0.00,20154442,20154442,0.90,,,
MDS-01506,NGP-QA-206,Extended Reach,2026-06-22..2026-06-22,2026-07-16,0,,,,,,48093.05,7213.96,0.00,55307.01,48093.05,0,48093.05,7213.96,0,55307.01,0.00,5530701,5530701,0.90,,,
MDS-01507,NGP-WS-065,Extended Reach,2026-06-22..2026-06-25,2026-07-04,0,,,,,,64862.62,9729.39,0.00,74592.01,64862.62,0,64862.62,9729.39,0,74592.01,0.00,7459201,7459201,0.90,,,
MDS-01508,NGP-WS-154,Standard,2026-06-22..2026-06-25,2026-06-28,0,,,,,,103884.96,15582.74,0.00,119467.70,103884.96,0,103884.96,15582.74,0,119467.70,0.00,11946770,11946770,0.90,,,
MDS-01509,NGP-HA-172,Extended Reach,2026-06-23..2026-06-26,2026-07-18,0,,,,,,66829.67,10024.45,0.00,76854.12,66829.67,0,66829.67,10024.45,0,76854.12,0.00,7685412,7685412,0.90,,,
MDS-01510,NGP-WS-030,Standard,2026-06-23..2026-06-25,2026-07-22,0,,,,,,99021.93,14853.29,0.00,113875.22,99021.93,0,99021.93,14853.29,0,113875.22,0.00,11387522,11387522,0.90,,,
MDS-01511,NGP-QA-101,Standard,2026-06-24..2026-06-26,2026-07-14,0,,,,,,104556.65,15683.50,0.00,120240.15,104556.65,0,104556.65,15683.50,0,120240.15,0.00,12024015,12024015,0.90,,,
MDS-01512,NGP-BD-013,Standard,2026-06-25..2026-06-30,2026-07-30,0,,,,,,145711.82,21856.77,0.00,167568.59,145711.82,0,145711.82,21856.77,0,167568.59,0.00,16756859,16756859,0.90,,,
MDS-01513,NGP-BD-083,Standard,2026-06-25..2026-06-28,2026-07-05,0,,,,,,128861.26,19329.19,0.00,148190.45,128861.26,0,128861.26,19329.19,0,148190.45,0.00,14819045,14819045,0.90,,,
MDS-01514,NGP-BD-119,Standard,2026-06-25..2026-06-29,2026-07-17,0,,,,,,168042.43,25206.36,0.00,193248.79,168042.43,0,168042.43,25206.36,0,193248.79,0.00,19324879,19324879,0.90,,,
MDS-01515,NGP-BD-223,Standard,2026-06-25..2026-06-27,2026-07-16,0,,,,,,49469.05,7420.36,0.00,56889.41,49469.05,0,49469.05,7420.36,0,56889.41,0.00,5688941,5688941,0.90,,,
MDS-01516,NGP-WS-136,Extended Reach,2026-06-25..2026-06-25,2026-06-30,0,,,,,,43244.85,6486.73,0.00,49731.58,43244.85,0,43244.85,6486.73,0,49731.58,0.00,4973158,4973158,0.90,,,
MDS-01517,NGP-HA-047,Standard,2026-06-26..2026-06-30,2026-07-27,0,,,,,,205867.11,30880.07,0.00,236747.18,205867.11,0,205867.11,30880.07,0,236747.18,0.00,23674718,23674718,0.90,,,
MDS-01518,NGP-WS-030,Standard,2026-06-26..2026-06-30,2026-07-13,0,,,,,,175222.23,26283.33,0.00,201505.56,175222.23,0,175222.23,26283.33,0,201505.56,0.00,20150556,20150556,0.90,,,
MDS-01519,NGP-WS-065,Extended Reach,2026-06-26..2026-07-01,2026-07-15,0,,,,,,161620.08,24243.01,0.00,185863.09,161620.08,0,161620.08,24243.01,0,185863.09,0.00,18586309,18586309,0.90,,,
MDS-01520,NGP-WS-154,Standard,2026-06-26..2026-07-01,2026-07-27,0,,,,,,135922.90,20388.44,0.00,156311.34,135922.90,0,135922.90,20388.44,0,156311.34,0.00,15631134,15631134,0.90,,,
MDS-01521,NGP-HA-172,Extended Reach,2026-06-27..2026-06-30,2026-07-03,0,,,,,,1253763.64,188064.55,0.00,1441828.19,1295587.13,-41823.49,1253763.64,188064.55,0,1441828.19,0.00,144182819,144182819,0.90,,,
MDS-01522,NGP-HA-189,Extended Reach,2026-06-27..2026-07-01,2026-07-23,0,,,,,,114845.63,17226.84,0.00,132072.47,114845.63,0,114845.63,17226.84,0,132072.47,0.00,13207247,13207247,0.90,,,
MDS-01523,NGP-QA-101,Standard,2026-06-27..2026-06-30,2026-07-22,0,,,,,,141250.20,21187.53,0.00,162437.73,141250.20,0,141250.20,21187.53,0,162437.73,0.00,16243773,16243773,0.90,,,
MDS-01524,NGP-BD-223,Standard,2026-06-28..2026-06-30,2026-07-28,0,,,,,,72953.62,10943.04,0.00,83896.66,72953.62,0,72953.62,10943.04,0,83896.66,0.00,8389666,8389666,0.90,,,
MDS-01525,NGP-WS-207,Extended Reach,2026-06-28..2026-06-30,2026-07-30,0,,,,,,84437.97,12665.70,0.00,97103.67,84437.97,0,84437.97,12665.70,0,97103.67,0.00,9710367,9710367,0.90,,,
MDS-01526,NGP-BD-083,Standard,2026-06-29..2026-07-04,2026-07-14,0,,,,,,221944.31,33291.65,0.00,255235.96,221944.31,0,221944.31,33291.65,0,255235.96,0.00,25523596,25523596,0.90,,,
MDS-01527,NGP-BD-119,Standard,2026-06-30..2026-07-02,2026-07-19,0,,,,,,84055.58,12608.34,0.00,96663.92,84055.58,0,84055.58,12608.34,0,96663.92,0.00,9666392,9666392,0.90,,,
MDS-01528,NGP-QA-137,Standard,2026-06-30..2026-07-04,2026-08-02,0,,,,,,107993.69,16199.05,0.00,124192.74,107993.69,0,107993.69,16199.05,0,124192.74,0.00,12419274,12419274,0.90,,,
MDS-01529,NGP-BD-013,Standard,2026-07-01..2026-07-04,2026-07-21,0,,,,,,59961.61,8994.24,0.00,68955.85,59961.61,0,59961.61,8994.24,0,68955.85,0.00,6895585,6895585,0.90,,,
MDS-01530,NGP-HA-047,Standard,2026-07-01..2026-07-04,2026-07-21,0,,,,,,137139.75,20570.96,0.00,157710.71,137139.75,0,137139.75,20570.96,0,157710.71,0.00,15771071,15771071,0.90,,,
MDS-01531,NGP-HA-172,Extended Reach,2026-07-01..2026-07-03,2026-07-27,0,,,,,,62175.78,9326.37,0.00,71502.15,62175.78,0,62175.78,9326.37,0,71502.15,0.00,7150215,7150215,0.90,,,
MDS-01532,NGP-QA-101,Standard,2026-07-01..2026-07-05,2026-08-04,0,,,,,,230602.08,34590.31,0.00,265192.39,230602.08,0,230602.08,34590.31,0,265192.39,0.00,26519239,26519239,0.90,,,
MDS-01533,NGP-WS-030,Standard,2026-07-01..2026-07-04,2026-07-10,0,,,,,,1243323.48,186498.52,0.00,1429822.00,1284711.96,-41388.48,1243323.48,186498.52,0,1429822.00,0.00,142982200,142982200,0.90,,,
MDS-01534,NGP-WS-207,Extended Reach,2026-07-01..2026-07-05,2026-07-21,1,index_or_fx_month_wrong,index_or_fx_month_wrong,index_or_fx_month_wrong=7.06,,,79414.64,11912.20,0.00,91326.84,79421.70,0,79421.70,11913.26,0,91334.96,8.12,9133496,9132684,0.90,MDS-01534-016,,
MDS-01535,NGP-HA-189,Extended Reach,2026-07-02..2026-07-07,2026-07-17,0,,,,,,91881.43,13782.21,0.00,105663.64,91881.43,0,91881.43,13782.21,0,105663.64,0.00,10566364,10566364,0.90,,,
MDS-01536,NGP-WS-065,Extended Reach,2026-07-02..2026-07-05,2026-07-18,0,,,,,,126401.90,18960.28,0.00,145362.18,126401.90,0,126401.90,18960.28,0,145362.18,0.00,14536218,14536218,0.90,,,
MDS-01537,NGP-WS-154,Standard,2026-07-02..2026-07-04,2026-07-16,0,,,,,,44792.13,6718.82,0.00,51510.95,44792.13,0,44792.13,6718.82,0,51510.95,0.00,5151095,5151095,0.90,,,
MDS-01538,NGP-BD-119,Standard,2026-07-03..2026-07-06,2026-07-15,0,,,,,,139073.51,20861.03,0.00,159934.54,139073.51,0,139073.51,20861.03,0,159934.54,0.00,15993454,15993454,0.90,,,
MDS-01539,NGP-HA-172,Extended Reach,2026-07-04..2026-07-06,2026-07-10,0,,,,,,73949.89,11092.48,0.00,85042.37,73949.89,0,73949.89,11092.48,0,85042.37,0.00,8504237,8504237,0.90,,,
MDS-01540,NGP-BD-013,Standard,2026-07-05..2026-07-07,2026-07-11,0,,,,,,73270.74,10990.61,0.00,84261.35,73270.74,0,73270.74,10990.61,0,84261.35,0.00,8426135,8426135,0.90,,,
MDS-01541,NGP-BD-083,Standard,2026-07-05..2026-07-10,2026-08-08,0,,,,,,102465.67,15369.85,0.00,117835.52,102465.67,0,102465.67,15369.85,0,117835.52,0.00,11783552,11783552,0.90,,,
MDS-01542,NGP-HA-047,Standard,2026-07-05..2026-07-07,2026-07-11,0,,,,,,106148.48,15922.27,0.00,122070.75,106148.48,0,106148.48,15922.27,0,122070.75,0.00,12207075,12207075,0.90,,,
MDS-01543,NGP-QA-137,Standard,2026-07-05..2026-07-10,2026-07-20,0,,,,,,81581.10,12237.16,0.00,93818.26,81581.10,0,81581.10,12237.16,0,93818.26,0.00,9381826,9381826,0.90,,,
MDS-01544,NGP-WS-030,Standard,2026-07-05..2026-07-08,2026-07-23,0,,,,,,122520.04,18378.01,0.00,140898.05,122520.04,0,122520.04,18378.01,0,140898.05,0.00,14089805,14089805,0.90,,,
MDS-01545,NGP-WS-154,Standard,2026-07-05..2026-07-10,2026-07-22,0,,,,,,85794.08,12869.11,0.00,98663.19,85794.08,0,85794.08,12869.11,0,98663.19,0.00,9866319,9866319,0.90,,,
MDS-01546,NGP-QA-101,Standard,2026-07-06..2026-07-07,2026-07-14,0,,,,,,93803.95,14070.59,0.00,107874.54,93803.95,0,93803.95,14070.59,0,107874.54,0.00,10787454,10787454,0.90,,,
MDS-01547,NGP-QA-224,Standard,2026-07-06..2026-07-09,2026-07-17,0,,,,,,98534.19,14780.13,0.00,113314.32,98534.19,0,98534.19,14780.13,0,113314.32,0.00,11331432,11331432,0.90,,,
MDS-01548,NGP-WS-065,Extended Reach,2026-07-06..2026-07-08,2026-07-16,0,,,,,,117024.14,17553.62,0.00,134577.76,117024.14,0,117024.14,17553.62,0,134577.76,0.00,13457776,13457776,0.90,,,
MDS-01549,NGP-WS-207,Extended Reach,2026-07-06..2026-07-11,2026-07-19,0,,,,,,155671.21,23350.68,0.00,179021.89,155671.21,0,155671.21,23350.68,0,179021.89,0.00,17902189,17902189,0.90,,,
MDS-01550,NGP-BD-119,Standard,2026-07-07..2026-07-10,2026-07-29,0,,,,,,646176.18,96926.43,0.00,743102.61,662683.52,-16507.34,646176.18,96926.43,0,743102.61,0.00,74310261,74310261,0.90,,,
MDS-01551,NGP-HA-172,Extended Reach,2026-07-07..2026-07-09,2026-07-18,0,,,,,,100863.35,15129.50,0.00,115992.85,100863.35,0,100863.35,15129.50,0,115992.85,0.00,11599285,11599285,0.90,,,
MDS-01552,NGP-HA-047,Standard,2026-07-08..2026-07-12,2026-08-07,0,,,,,,89077.83,13361.67,0.00,102439.50,89077.83,0,89077.83,13361.67,0,102439.50,0.00,10243950,10243950,0.90,,,
MDS-01553,NGP-HA-189,Extended Reach,2026-07-08..2026-07-10,2026-08-03,0,,,,,,79354.20,11903.13,0.00,91257.33,79354.20,0,79354.20,11903.13,0,91257.33,0.00,9125733,9125733,0.90,,,
MDS-01554,NGP-HA-014,HPHT,2026-07-09..2026-07-14,2026-08-05,0,,,,,,134803.82,20220.57,0.00,155024.39,134803.82,0,134803.82,20220.57,0,155024.39,0.00,15502439,15502439,0.90,,,
MDS-01555,NGP-WS-030,Standard,2026-07-09..2026-07-12,2026-07-31,0,,,,,,148732.70,22309.90,0.00,171042.60,148732.70,0,148732.70,22309.90,0,171042.60,0.00,17104260,17104260,0.90,,,
MDS-01556,NGP-WS-065,Extended Reach,2026-07-09..2026-07-13,2026-07-25,1,depth_band_wrong,depth_band_wrong,depth_band_wrong=3382.00,,,229835.71,34475.36,0.00,264311.07,226453.71,0,226453.71,33968.06,0,260421.77,-3889.30,26042177,26431107,0.90,MDS-01556-057,,
MDS-01557,NGP-HA-172,Extended Reach,2026-07-10..2026-07-12,2026-07-22,0,,,,,,93492.11,14023.82,0.00,107515.93,93492.11,0,93492.11,14023.82,0,107515.93,0.00,10751593,10751593,0.90,,,
MDS-01558,NGP-QA-224,Standard,2026-07-10..2026-07-15,2026-07-18,0,,,,,,92509.00,13876.35,0.00,106385.35,92509.00,0,92509.00,13876.35,0,106385.35,0.00,10638535,10638535,0.90,,,
MDS-01559,NGP-BD-083,Standard,2026-07-11..2026-07-14,2026-08-01,0,,,,,,89008.72,13351.31,0.00,102360.03,89008.72,0,89008.72,13351.31,0,102360.03,0.00,10236003,10236003,0.90,,,
MDS-01560,NGP-BD-119,Standard,2026-07-11..2026-07-14,2026-08-10,0,,,,,,160994.44,24149.17,0.00,185143.61,160994.44,0,160994.44,24149.17,0,185143.61,0.00,18514361,18514361,0.90,,,
MDS-01561,NGP-HA-189,Extended Reach,2026-07-11..2026-07-15,2026-08-09,0,,,,,,143549.77,21532.47,0.00,165082.24,143549.77,0,143549.77,21532.47,0,165082.24,0.00,16508224,16508224,0.90,,,
MDS-01562,NGP-QA-137,Standard,2026-07-11..2026-07-13,2026-07-25,0,,,,,,77149.37,11572.41,0.00,88721.78,77149.37,0,77149.37,11572.41,0,88721.78,0.00,8872178,8872178,0.90,,,
MDS-01563,NGP-WS-154,Standard,2026-07-11..2026-07-12,2026-07-27,0,,,,,,56949.06,8542.36,0.00,65491.42,56949.06,0,56949.06,8542.36,0,65491.42,0.00,6549142,6549142,0.90,,,
MDS-01564,NGP-WS-207,Extended Reach,2026-07-12..2026-07-14,2026-08-06,0,,,,,,130855.54,19628.33,0.00,150483.87,130855.54,0,130855.54,19628.33,0,150483.87,0.00,15048387,15048387,0.90,,,
MDS-01565,NGP-HA-047,Standard,2026-07-13..2026-07-17,2026-07-31,0,,,,,,102252.84,15337.93,0.00,117590.77,102252.84,0,102252.84,15337.93,0,117590.77,0.00,11759077,11759077,0.90,,,
MDS-01566,NGP-HA-172,Extended Reach,2026-07-13..2026-07-15,2026-08-03,0,,,,,,66783.16,10017.47,0.00,76800.63,66783.16,0,66783.16,10017.47,0,76800.63,0.00,7680063,7680063,0.90,,,
MDS-01567,NGP-QA-102,Extended Reach,2026-07-13..2026-07-15,2026-07-29,0,,,,,,83442.70,12516.40,0.00,95959.10,83442.70,0,83442.70,12516.40,0,95959.10,0.00,9595910,9595910,0.90,,,
MDS-01568,NGP-WS-030,Standard,2026-07-13..2026-07-16,2026-07-24,0,,,,,,171954.55,25793.18,0.00,197747.73,171954.55,0,171954.55,25793.18,0,197747.73,0.00,19774773,19774773,0.90,,,
MDS-01569,NGP-QA-137,Standard,2026-07-14..2026-07-18,2026-08-15,0,,,,,,210072.43,31510.86,0.00,241583.29,210072.43,0,210072.43,31510.86,0,241583.29,0.00,24158329,24158329,0.90,,,
MDS-01570,NGP-WS-065,Extended Reach,2026-07-14..2026-07-16,2026-08-11,0,,,,,,154404.36,23160.65,0.00,177565.01,154404.36,0,154404.36,23160.65,0,177565.01,0.00,17756501,17756501,0.90,,,
MDS-01571,NGP-HA-014,HPHT,2026-07-15..2026-07-17,2026-08-15,0,,,,,,40690.15,6103.52,0.00,46793.67,40690.15,0,40690.15,6103.52,0,46793.67,0.00,4679367,4679367,0.90,,,
MDS-01572,NGP-WS-207,Extended Reach,2026-07-15..2026-07-20,2026-08-15,0,,,,,,244947.21,36742.08,0.00,281689.29,244947.21,0,244947.21,36742.08,0,281689.29,0.00,28168929,28168929,0.90,,,
MDS-01573,NGP-HA-172,Extended Reach,2026-07-16..2026-07-16,2026-07-20,0,,,,,,48709.75,7306.46,0.00,56016.21,48709.75,0,48709.75,7306.46,0,56016.21,0.00,5601621,5601621,0.90,,,
MDS-01574,NGP-HA-189,Extended Reach,2026-07-16..2026-07-18,2026-07-21,0,,,,,,79264.84,11889.73,0.00,91154.57,79264.84,0,79264.84,11889.73,0,91154.57,0.00,9115457,9115457,0.90,,,
MDS-01575,NGP-QA-102,Extended Reach,2026-07-16..2026-07-20,2026-08-02,0,,,,,,79421.70,11913.26,0.00,91334.96,79421.70,0,79421.70,11913.26,0,91334.96,0.00,9133496,9133496,0.90,,,
MDS-01576,NGP-QA-224,Standard,2026-07-16..2026-07-18,2026-07-29,0,,,,,,69468.53,10420.28,0.00,79888.81,69468.53,0,69468.53,10420.28,0,79888.81,0.00,7988881,7988881,0.90,,,
MDS-01577,NGP-BD-084,Extended Reach,2026-07-17..2026-07-22,2026-08-13,0,,,,,,118281.83,17742.27,0.00,136024.10,118281.83,0,118281.83,17742.27,0,136024.10,0.00,13602410,13602410,0.90,,,
MDS-01578,NGP-WS-120,Standard,2026-07-17..2026-07-22,2026-07-30,0,,,,,,491789.03,73768.35,0.00,565557.38,501863.57,-10074.54,491789.03,73768.35,0,565557.38,0.00,56555738,56555738,0.90,,,
MDS-01579,NGP-HA-014,HPHT,2026-07-18..2026-07-20,2026-08-10,0,,,,,,81663.25,12249.49,0.00,93912.74,81663.25,0,81663.25,12249.49,0,93912.74,0.00,9391274,9391274,0.90,,,
MDS-01580,NGP-QA-155,Standard,2026-07-18..2026-07-23,2026-08-10,0,,,,,,269618.66,40442.80,0.00,310061.46,270436.10,-817.44,269618.66,40442.80,0,310061.46,0.00,31006146,31006146,0.90,,,
MDS-01581,NGP-HA-189,Extended Reach,2026-07-19..2026-07-21,2026-08-15,0,,,,,,93099.13,13964.87,0.00,107064.00,93099.13,0,93099.13,13964.87,0,107064.00,0.00,10706400,10706400,0.90,,,
MDS-01582,NGP-QA-137,Standard,2026-07-19..2026-07-23,2026-08-01,0,,,,,,190237.74,28535.66,0.00,218773.40,190237.74,0,190237.74,28535.66,0,218773.40,0.00,21877340,21877340,0.90,,,
MDS-01583,NGP-QA-224,Standard,2026-07-19..2026-07-22,2026-08-05,0,,,,,,126893.34,19034.00,0.00,145927.34,126893.34,0,126893.34,19034.00,0,145927.34,0.00,14592734,14592734,0.90,,,
MDS-01584,NGP-HA-048,Standard,2026-07-20..2026-07-22,2026-08-09,0,,,,,,82833.97,12425.10,0.00,95259.07,82833.97,0,82833.97,12425.10,0,95259.07,0.00,9525907,9525907,0.90,,,
MDS-01585,NGP-WS-066,Extended Reach,2026-07-20..2026-07-23,2026-08-18,0,,,,,,100280.12,15042.02,0.00,115322.14,100280.12,0,100280.12,15042.02,0,115322.14,0.00,11532214,11532214,0.75,,,"A3 carrier under the other reading of 36A/A3 (36A 'on or after' 2026-08-17: first invoice(s) ['MDS-01625']; A3 'after': first invoice(s) ['MDS-01585', 'MDS-01631', 'MDS-01645'] (tie broken by lowest number only under the strict reading). Policy on_or_after -> MDS-01625.)"
MDS-01586,NGP-BD-173,Standard,2026-07-21..2026-07-25,2026-08-03,0,,,,,,107510.16,16126.52,0.00,123636.68,107510.16,0,107510.16,16126.52,0,123636.68,0.00,12363668,12363668,0.90,,,
MDS-01587,NGP-HA-014,HPHT,2026-07-21..2026-07-24,2026-08-01,0,,,,,,172734.30,25910.14,0.00,198644.44,172734.30,0,172734.30,25910.14,0,198644.44,0.00,19864444,19864444,0.90,,,
MDS-01588,NGP-QA-102,Extended Reach,2026-07-21..2026-07-23,2026-07-26,0,,,,,,85401.83,12810.27,0.00,98212.10,85401.83,0,85401.83,12810.27,0,98212.10,0.00,9821210,9821210,0.90,,,
MDS-01589,NGP-WS-207,Extended Reach,2026-07-21..2026-07-25,2026-08-09,0,,,,,,166860.20,25029.03,0.00,191889.23,166860.20,0,166860.20,25029.03,0,191889.23,0.00,19188923,19188923,0.90,,,
MDS-01590,NGP-BD-031,Standard,2026-07-22..2026-07-25,2026-08-08,0,,,,,,90442.25,13566.34,0.00,104008.59,90442.25,0,90442.25,13566.34,0,104008.59,0.00,10400859,10400859,0.90,,,
MDS-01591,NGP-HA-189,Extended Reach,2026-07-22..2026-07-26,2026-08-13,0,,,,,,124689.01,18703.35,0.00,143392.36,124689.01,0,124689.01,18703.35,0,143392.36,0.00,14339236,14339236,0.90,,,
MDS-01592,NGP-BD-084,Extended Reach,2026-07-23..2026-07-26,2026-08-05,0,,,,,,54336.68,8150.50,0.00,62487.18,54336.68,0,54336.68,8150.50,0,62487.18,0.00,6248718,6248718,0.90,,,
MDS-01593,NGP-HA-048,Standard,2026-07-23..2026-07-26,2026-08-08,0,,,,,,67374.08,10106.11,0.00,77480.19,67374.08,0,67374.08,10106.11,0,77480.19,0.00,7748019,7748019,0.90,,,
MDS-01594,NGP-QA-224,Standard,2026-07-23..2026-07-26,2026-08-22,0,,,,,,114652.33,17197.85,0.00,131850.18,114652.33,0,114652.33,17197.85,0,131850.18,0.00,13185018,13185018,0.90,,,
MDS-01595,NGP-WS-120,Standard,2026-07-23..2026-07-28,2026-08-09,0,,,,,,98547.40,14782.11,0.00,113329.51,98547.40,0,98547.40,14782.11,0,113329.51,0.00,11332951,11332951,0.90,,,
MDS-01596,NGP-QA-102,Extended Reach,2026-07-24..2026-07-26,2026-08-24,0,,,,,,139330.82,20899.62,0.00,160230.44,139330.82,0,139330.82,20899.62,0,160230.44,0.00,16023044,16023044,0.90,,,
MDS-01597,NGP-QA-137,Standard,2026-07-24..2026-07-29,2026-08-03,0,,,,,,212267.28,31840.09,0.00,244107.37,212267.28,0,212267.28,31840.09,0,244107.37,0.00,24410737,24410737,0.90,,,
MDS-01598,NGP-QA-155,Standard,2026-07-24..2026-07-26,2026-08-22,0,,,,,,54329.29,8149.39,0.00,62478.68,54329.29,0,54329.29,8149.39,0,62478.68,0.00,6247868,6247868,0.90,,,
MDS-01599,NGP-WS-066,Extended Reach,2026-07-24..2026-07-29,2026-08-23,0,,,,,,470164.03,70524.60,0.00,540688.63,479337.53,-9173.50,470164.03,70524.60,0,540688.63,0.00,54068863,54068863,0.90,,,
MDS-01600,NGP-HA-014,HPHT,2026-07-25..2026-07-29,2026-08-23,0,,,,,,199342.00,29901.30,0.00,229243.30,199342.00,0,199342.00,29901.30,0,229243.30,0.00,22924330,22924330,0.90,,,
MDS-01601,NGP-BD-031,Standard,2026-07-26..2026-07-30,2026-08-22,1,section_factor_wrong,section_factor_wrong,section_factor_wrong=241.02,,,84647.87,12697.18,0.00,97345.05,84406.85,0,84406.85,12661.03,0,97067.88,-277.17,9706788,9734505,0.90,MDS-01601-023,,
MDS-01602,NGP-BD-173,Standard,2026-07-26..2026-07-31,2026-08-12,0,,,,,,127856.95,19178.54,0.00,147035.49,127856.95,0,127856.95,19178.54,0,147035.49,0.00,14703549,14703549,0.90,,,
MDS-01603,NGP-WS-207,Extended Reach,2026-07-26..2026-07-29,2026-08-22,0,,,,,,123990.06,18598.51,0.00,142588.57,123990.06,0,123990.06,18598.51,0,142588.57,0.00,14258857,14258857,0.90,,,
MDS-01604,NGP-BD-084,Extended Reach,2026-07-27..2026-08-01,2026-08-29,1,qty_above_record,qty_above_record,qty_above_record=2272.90,,,138339.72,20750.96,0.00,159090.68,136066.82,0,136066.82,20410.02,0,156476.84,-2613.84,15647684,15909068,0.90,MDS-01604-055,,
MDS-01605,NGP-HA-048,Standard,2026-07-27..2026-07-31,2026-08-06,0,,,,,,89840.38,13476.06,0.00,103316.44,89840.38,0,89840.38,13476.06,0,103316.44,0.00,10331644,10331644,0.90,,,
MDS-01606,NGP-HA-189,Extended Reach,2026-07-27..2026-07-30,2026-08-21,0,,,,,,104954.56,15743.18,0.00,120697.74,104954.56,0,104954.56,15743.18,0,120697.74,0.00,12069774,12069774,0.90,,,
MDS-01607,NGP-QA-102,Extended Reach,2026-07-27..2026-07-30,2026-08-20,0,,,,,,188264.06,28239.61,0.00,216503.67,188264.06,0,188264.06,28239.61,0,216503.67,0.00,21650367,21650367,0.90,,,
MDS-01608,NGP-QA-155,Standard,2026-07-27..2026-08-01,2026-08-27,0,,,,,,149631.42,22444.71,0.00,172076.13,149631.42,0,149631.42,22444.71,0,172076.13,0.00,17207613,17207613,0.90,,,
MDS-01609,NGP-QA-224,Standard,2026-07-27..2026-07-30,2026-08-09,0,,,,,,154447.14,23167.07,0.00,177614.21,154447.14,0,154447.14,23167.07,0,177614.21,0.00,17761421,17761421,0.90,,,
MDS-01610,NGP-WS-120,Standard,2026-07-29..2026-08-01,2026-08-05,0,,,,,,76276.86,11441.53,0.00,87718.39,76276.86,0,76276.86,11441.53,0,87718.39,0.00,8771839,8771839,0.90,,,
MDS-01611,NGP-HA-014,HPHT,2026-07-30..2026-08-03,2026-08-14,0,,,,,,163363.27,24504.49,0.00,187867.76,163363.27,0,163363.27,24504.49,0,187867.76,0.00,18786776,18786776,0.90,,,
MDS-01612,NGP-QA-137,Standard,2026-07-30..2026-08-03,2026-08-12,0,,,,,,194680.66,29202.10,0.00,223882.76,194680.66,0,194680.66,29202.10,0,223882.76,0.00,22388276,22388276,0.90,,,
MDS-01613,NGP-WS-066,Extended Reach,2026-07-30..2026-08-02,2026-08-14,0,,,,,,84041.50,12606.22,0.00,96647.72,84041.50,0,84041.50,12606.22,0,96647.72,0.00,9664772,9664772,0.90,,,
MDS-01614,NGP-WS-207,Extended Reach,2026-07-30..2026-08-04,2026-08-28,0,,,,,,97664.19,14649.63,0.00,112313.82,97664.19,0,97664.19,14649.63,0,112313.82,0.00,11231382,11231382,0.90,,,
MDS-01615,NGP-BD-031,Standard,2026-07-31..2026-08-04,2026-09-03,0,,,,,,148039.33,22205.90,0.00,170245.23,148039.33,0,148039.33,22205.90,0,170245.23,0.00,17024523,17024523,0.90,,,
MDS-01616,NGP-HA-189,Extended Reach,2026-07-31..2026-08-03,2026-08-08,0,,,,,,135632.08,20344.81,0.00,155976.89,135632.08,0,135632.08,20344.81,0,155976.89,0.00,15597689,15597689,0.90,,,
MDS-01617,NGP-QA-102,Extended Reach,2026-07-31..2026-08-05,2026-08-24,0,,,,,,551281.81,82692.27,0.00,633974.08,563835.22,-12553.41,551281.81,82692.27,0,633974.08,0.00,63397408,63397408,0.90,,,
MDS-01618,NGP-QA-224,Standard,2026-07-31..2026-08-03,2026-08-15,0,,,,,,162184.31,24327.65,0.00,186511.96,162184.31,0,162184.31,24327.65,0,186511.96,0.00,18651196,18651196,0.90,,,
MDS-01619,NGP-BD-173,Standard,2026-08-01..2027-01-13,2027-01-15,1,work_after_term,work_after_term,work_after_term=779.65,period_outside_term,p.1; A2 2.1 p.41; Cl 32 p.8,152048.16,22807.22,0.00,174855.38,151268.51,0,151268.51,22690.28,0,173958.79,-896.59,17395879,17485538,0.85,MDS-01619-045,period 2026-08-01..2027-01-13 runs outside the Term,report_ref DDR-173-20260804 is not the number of the 2027-01-13 report (Cl 19A)
MDS-01620,NGP-HA-048,Standard,2026-08-01..2026-08-06,2026-08-19,1,charge_not_in_record,charge_not_in_record,charge_not_in_record=719.55,,,113629.59,17044.44,0.00,130674.03,112910.04,0,112910.04,16936.51,0,129846.55,-827.48,12984655,13067403,0.90,MDS-01620-054,,
MDS-01621,NGP-BD-084,Extended Reach,2026-08-02..2026-08-07,2026-08-21,0,,,,,,173176.85,25976.53,0.00,199153.38,173176.85,0,173176.85,25976.53,0,199153.38,0.00,19915338,19915338,0.90,,,
MDS-01622,NGP-QA-155,Standard,2026-08-02..2026-08-07,2026-08-31,0,,,,,,206865.96,31029.89,0.00,237895.85,206865.96,0,206865.96,31029.89,0,237895.85,0.00,23789585,23789585,0.90,,,
MDS-01623,NGP-WS-120,Standard,2026-08-02..2026-08-07,2026-09-06,0,,,,,,127421.47,19113.22,0.00,146534.69,127421.47,0,127421.47,19113.22,0,146534.69,0.00,14653469,14653469,0.90,,,
MDS-01624,NGP-WS-066,Extended Reach,2026-08-03..2026-08-06,2026-08-15,0,,,,,,86589.95,12988.49,0.00,99578.44,86589.95,0,86589.95,12988.49,0,99578.44,0.00,9957844,9957844,0.90,,,
MDS-01625,NGP-HA-014,HPHT,2026-08-04..2026-08-08,2026-08-17,1,adjustment_36A_omitted,adjustment_36A_omitted,adjustment_36A_omitted=309965.52,a3_adjustment_missing,Cl 36A p.35; A3 p.42,196783.11,29517.47,0.00,226300.58,196783.11,0,196783.11,29517.47,309965.52,536266.10,309965.52,53626610,22630058,0.70,,Clause 36A adjustment 309965.52 due on this invoice; billed 0.00 (inside the audited total),
MDS-01626,NGP-QA-224,Standard,2026-08-04..2026-08-08,2026-08-29,0,,,,,,667875.62,100181.34,0.00,768056.96,685287.10,-17411.48,667875.62,100181.34,0,768056.96,0.00,76805696,76805696,0.90,,,
MDS-01627,NGP-BD-031,Standard,2026-08-05..2026-08-07,2026-09-02,0,,,,,,84828.29,12724.24,0.00,97552.53,84828.29,0,84828.29,12724.24,0,97552.53,0.00,9755253,9755253,0.90,,,
MDS-01628,NGP-WS-207,Extended Reach,2026-08-05..2026-08-06,2026-08-29,0,,,,,,59424.01,8913.60,0.00,68337.61,59424.01,0,59424.01,8913.60,0,68337.61,0.00,6833761,6833761,0.90,,,
MDS-01629,NGP-BD-173,Standard,2026-08-06..2026-08-09,2026-08-16,0,,,,,,124028.67,18604.30,0.00,142632.97,124028.67,0,124028.67,18604.30,0,142632.97,0.00,14263297,14263297,0.90,,,
MDS-01630,NGP-QA-102,Extended Reach,2026-08-06..2026-08-08,2026-08-27,0,,,,,,131877.92,19781.69,0.00,151659.61,131877.92,0,131877.92,19781.69,0,151659.61,0.00,15165961,15165961,0.90,,,
MDS-01631,NGP-QA-138,Standard,2026-08-06..2026-08-08,2026-08-18,0,,,,,,79676.47,11951.47,0.00,91627.94,79676.47,0,79676.47,11951.47,0,91627.94,0.00,9162794,9162794,0.75,,,"A3 carrier under the other reading of 36A/A3 (36A 'on or after' 2026-08-17: first invoice(s) ['MDS-01625']; A3 'after': first invoice(s) ['MDS-01585', 'MDS-01631', 'MDS-01645'] (tie broken by lowest number only under the strict reading). Policy on_or_after -> MDS-01625.)"
MDS-01632,NGP-HA-048,Standard,2026-08-07..2026-08-10,2026-08-20,0,,,,,,91237.82,13685.67,0.00,104923.49,91237.82,0,91237.82,13685.67,0,104923.49,0.00,10492349,10492349,0.90,,,
MDS-01633,NGP-WS-066,Extended Reach,2026-08-07..2026-08-09,2026-08-25,0,,,,,,81089.90,12163.48,0.00,93253.38,81089.90,0,81089.90,12163.48,0,93253.38,0.00,9325338,9325338,0.90,,,
MDS-01634,NGP-BD-031,Standard,2026-08-08..2026-08-10,2026-08-20,0,,,,,,100553.66,15083.05,0.00,115636.71,100553.66,0,100553.66,15083.05,0,115636.71,0.00,11563671,11563671,0.90,,,
MDS-01635,NGP-BD-084,Extended Reach,2026-08-08..2026-08-10,2026-09-08,0,,,,,,89345.36,13401.80,0.00,102747.16,89345.36,0,89345.36,13401.80,0,102747.16,0.00,10274716,10274716,0.90,,,
MDS-01636,NGP-HA-190,Standard,2026-08-08..2026-08-13,2026-09-11,0,,,,,,127932.87,19189.93,0.00,147122.80,127932.87,0,127932.87,19189.93,0,147122.80,0.00,14712280,14712280,0.90,,,
MDS-01637,NGP-QA-155,Standard,2026-08-08..2026-08-10,2026-08-20,0,,,,,,89122.41,13368.36,0.00,102490.77,89122.41,0,89122.41,13368.36,0,102490.77,0.00,10249077,10249077,0.90,,,
MDS-01638,NGP-WS-120,Standard,2026-08-08..2026-08-12,2026-09-04,0,,,,,,127976.15,19196.42,0.00,147172.57,127976.15,0,127976.15,19196.42,0,147172.57,0.00,14717257,14717257,0.90,,,
MDS-01639,NGP-HA-014,HPHT,2026-08-09..2026-08-14,2026-09-01,0,,,,,,246508.92,36976.34,0.00,283485.26,246508.92,0,246508.92,36976.34,0,283485.26,0.00,28348526,28348526,0.90,,,
MDS-01640,NGP-QA-102,Extended Reach,2026-08-09..2026-08-11,2026-09-09,0,,,,,,130268.97,19540.35,0.00,149809.32,130268.97,0,130268.97,19540.35,0,149809.32,0.00,14980932,14980932,0.90,,,
MDS-01641,NGP-QA-138,Standard,2026-08-09..2026-08-12,2026-08-29,0,,,,,,65157.25,9773.59,0.00,74930.84,65157.25,0,65157.25,9773.59,0,74930.84,0.00,7493084,7493084,0.90,,,
MDS-01642,NGP-BD-173,Standard,2026-08-10..2026-08-13,2026-09-12,0,,,,,,166112.97,24916.95,0.00,191029.92,166112.97,0,166112.97,24916.95,0,191029.92,0.00,19102992,19102992,0.90,,,
MDS-01643,NGP-WS-066,Extended Reach,2026-08-10..2026-08-15,2026-09-12,0,,,,,,170251.65,25537.75,0.00,195789.40,170251.65,0,170251.65,25537.75,0,195789.40,0.00,19578940,19578940,0.90,,,
MDS-01644,NGP-WS-208,Standard,2026-08-10..2026-08-14,2026-09-07,0,,,,,,112419.97,16863.00,0.00,129282.97,112419.97,0,112419.97,16863.00,0,129282.97,0.00,12928297,12928297,0.90,,,
MDS-01645,NGP-BD-031,Standard,2026-08-11..2026-08-14,2026-08-18,0,,,,,,114650.11,17197.52,0.00,131847.63,114650.11,0,114650.11,17197.52,0,131847.63,0.00,13184763,13184763,0.75,,,"A3 carrier under the other reading of 36A/A3 (36A 'on or after' 2026-08-17: first invoice(s) ['MDS-01625']; A3 'after': first invoice(s) ['MDS-01585', 'MDS-01631', 'MDS-01645'] (tie broken by lowest number only under the strict reading). Policy on_or_after -> MDS-01625.)"
MDS-01646,NGP-BD-084,Extended Reach,2026-08-11..2026-08-15,2026-08-26,1,qty_above_record,qty_above_record,qty_above_record=1831.17,,,138980.70,20847.10,0.00,159827.80,137149.53,0,137149.53,20572.43,0,157721.96,-2105.84,15772196,15982780,0.90,MDS-01646-054,,
MDS-01647,NGP-HA-048,Standard,2026-08-11..2026-08-15,2026-08-28,0,,,,,,142939.35,21440.90,0.00,164380.25,142939.35,0,142939.35,21440.90,0,164380.25,0.00,16438025,16438025,0.90,,,
MDS-01648,NGP-QA-155,Standard,2026-08-11..2026-08-14,2026-08-21,0,,,,,,152744.27,22911.64,0.00,175655.91,152744.27,0,152744.27,22911.64,0,175655.91,0.00,17565591,17565591,0.90,,,
MDS-01649,NGP-WS-225,Standard,2026-08-12..2026-08-15,2026-08-25,0,,,,,,96312.77,14446.92,0.00,110759.69,96312.77,0,96312.77,14446.92,0,110759.69,0.00,11075969,11075969,0.90,,,
MDS-01650,NGP-QA-138,Standard,2026-08-13..2026-08-18,2026-09-09,0,,,,,,97523.64,14628.55,0.00,112152.19,97523.64,0,97523.64,14628.55,0,112152.19,0.00,11215219,11215219,0.90,,,
MDS-01651,NGP-WS-120,Standard,2026-08-13..2026-08-18,2026-08-29,1,qty_above_record,qty_above_record,qty_above_record=1828.00,,,123710.43,18556.56,0.00,142266.99,121882.43,0,121882.43,18282.36,0,140164.79,-2102.20,14016479,14226699,0.90,MDS-01651-025,,
MDS-01652,NGP-BD-173,Standard,2026-08-14..2026-08-19,2026-09-01,0,,,,,,255154.03,38273.10,0.00,293427.13,255368.78,-214.75,255154.03,38273.10,0,293427.13,0.00,29342713,29342713,0.90,,,
MDS-01653,NGP-HA-190,Standard,2026-08-14..2026-08-19,2026-08-24,0,,,,,,119166.77,17875.02,0.00,137041.79,119166.77,0,119166.77,17875.02,0,137041.79,0.00,13704179,13704179,0.90,,,
MDS-01654,NGP-BD-031,Standard,2026-08-15..2026-08-20,2026-09-16,1,duplicate_measurement,duplicate_measurement,duplicate_measurement=1831.17,,,211877.95,31781.69,0.00,243659.64,210046.78,0,210046.78,31507.02,0,241553.80,-2105.84,24155380,24365964,0.90,MDS-01654-078,,
MDS-01655,NGP-BD-103,Standard,2026-08-15..2026-08-19,2026-08-22,0,,,,,,109973.82,16496.07,0.00,126469.89,109973.82,0,109973.82,16496.07,0,126469.89,0.00,12646989,12646989,0.90,,,
MDS-01656,NGP-HA-014,HPHT,2026-08-15..2026-08-15,2026-08-26,0,,,,,,52081.23,7812.18,0.00,59893.41,52081.23,0,52081.23,7812.18,0,59893.41,0.00,5989341,5989341,0.90,,,
MDS-01657,NGP-QA-155,Standard,2026-08-15..2026-08-17,2026-09-01,0,,,,,,113091.44,16963.72,0.00,130055.16,113091.44,0,113091.44,16963.72,0,130055.16,0.00,13005516,13005516,0.90,,,
MDS-01658,NGP-WS-208,Standard,2026-08-15..2026-08-17,2026-09-01,0,,,,,,43364.10,6504.62,0.00,49868.72,43364.10,0,43364.10,6504.62,0,49868.72,0.00,4986872,4986872,0.90,,,
MDS-01659,NGP-BD-084,Extended Reach,2026-08-16..2026-08-20,2026-09-03,0,,,,,,140862.68,21129.40,0.00,161992.08,140862.68,0,140862.68,21129.40,0,161992.08,0.00,16199208,16199208,0.90,,,
MDS-01660,NGP-HA-048,Standard,2026-08-16..2026-08-18,2026-08-21,0,,,,,,76343.45,11451.52,0.00,87794.97,76343.45,0,76343.45,11451.52,0,87794.97,0.00,8779497,8779497,0.90,,,
MDS-01661,NGP-WS-066,Extended Reach,2026-08-16..2026-08-20,2026-08-30,0,,,,,,151882.77,22782.42,0.00,174665.19,151882.77,0,151882.77,22782.42,0,174665.19,0.00,17466519,17466519,0.90,,,
MDS-01662,NGP-WS-225,Standard,2026-08-16..2026-08-18,2026-09-09,0,,,,,,42143.34,6321.50,0.00,48464.84,42143.34,0,42143.34,6321.50,0,48464.84,0.00,4846484,4846484,0.90,,,
MDS-01663,NGP-QA-155,Standard,2026-08-18..2026-08-19,2026-08-24,0,,,,,,85775.96,12866.39,0.00,98642.35,85775.96,0,85775.96,12866.39,0,98642.35,0.00,9864235,9864235,0.90,,,
MDS-01664,NGP-WS-208,Standard,2026-08-18..2026-08-20,2026-08-31,0,,,,,,233265.91,34989.89,0.00,268255.80,233265.91,0,233265.91,34989.89,0,268255.80,0.00,26825580,26825580,0.90,,,
MDS-01665,NGP-HA-048,Standard,2026-08-19..2026-08-22,2026-09-17,0,,,,,,105962.27,15894.34,0.00,121856.61,105962.27,0,105962.27,15894.34,0,121856.61,0.00,12185661,12185661,0.90,,,
MDS-01666,NGP-QA-138,Standard,2026-08-19..2026-08-24,2026-09-18,0,,,,,,206708.63,31006.29,0.00,237714.92,206708.63,0,206708.63,31006.29,0,237714.92,0.00,23771492,23771492,0.90,,,
MDS-01667,NGP-WS-120,Standard,2026-08-19..2026-08-22,2026-08-30,0,,,,,,55604.75,8340.71,0.00,63945.46,55604.75,0,55604.75,8340.71,0,63945.46,0.00,6394546,6394546,0.90,,,
MDS-01668,NGP-WS-225,Standard,2026-08-19..2026-08-22,2026-09-07,0,,,,,,66300.55,9945.08,0.00,76245.63,66300.55,0,66300.55,9945.08,0,76245.63,0.00,7624563,7624563,0.90,,,
MDS-01669,NGP-BD-103,Standard,2026-08-20..2026-08-22,2026-09-15,0,,,,,,43446.19,6516.93,0.00,49963.12,43446.19,0,43446.19,6516.93,0,49963.12,0.00,4996312,4996312,0.90,,,
MDS-01670,NGP-HA-190,Standard,2026-08-20..2026-08-25,2026-09-16,1,qty_above_record,qty_above_record,qty_above_record=1160.64,,,166056.00,24908.40,0.00,190964.40,164895.36,0,164895.36,24734.30,0,189629.66,-1334.74,18962966,19096440,0.90,MDS-01670-038,,
MDS-01671,NGP-WS-015,Standard,2026-08-20..2026-08-23,2026-08-31,0,,,,,,95254.57,14288.19,0.00,109542.76,95254.57,0,95254.57,14288.19,0,109542.76,0.00,10954276,10954276,0.90,,,
MDS-01672,NGP-BD-031,Standard,2026-08-21..2026-08-24,2026-09-06,0,,,,,,146107.92,21916.19,0.00,168024.11,146107.92,0,146107.92,21916.19,0,168024.11,0.00,16802411,16802411,0.90,,,
MDS-01673,NGP-BD-084,Extended Reach,2026-08-21..2026-08-24,2026-09-17,0,,,,,,135364.83,20304.72,0.00,155669.55,135364.83,0,135364.83,20304.72,0,155669.55,0.00,15566955,15566955,0.90,,,
MDS-01674,NGP-HA-156,Standard,2026-08-21..2026-08-25,2026-09-15,0,,,,,,102183.11,15327.47,0.00,117510.58,102183.11,0,102183.11,15327.47,0,117510.58,0.00,11751058,11751058,0.90,,,
MDS-01675,NGP-WS-208,Standard,2026-08-21..2026-08-24,2026-09-23,1,discount_omitted,discount_omitted,discount_omitted=273.56,,,167927.00,25189.05,0.00,193116.05,167653.44,0,167653.44,25148.02,0,192801.46,-314.59,19280146,19311605,0.90,MDS-01675-046,,
MDS-01676,NGP-HA-067,Standard,2026-08-22..2026-08-24,2026-09-11,0,,,,,,83510.57,12526.59,0.00,96037.16,83510.57,0,83510.57,12526.59,0,96037.16,0.00,9603716,9603716,0.90,,,
MDS-01677,NGP-BD-103,Standard,2026-08-23..2026-08-26,2026-08-29,0,,,,,,69305.90,10395.88,0.00,79701.78,69305.90,0,69305.90,10395.88,0,79701.78,0.00,7970178,7970178,0.90,,,
MDS-01678,NGP-HA-048,Standard,2026-08-23..2026-08-26,2026-09-07,0,,,,,,70508.23,10576.23,0.00,81084.46,70508.23,0,70508.23,10576.23,0,81084.46,0.00,8108446,8108446,0.90,,,
MDS-01679,NGP-WS-120,Standard,2026-08-23..2026-08-25,2026-09-23,0,,,,,,39568.34,5935.25,0.00,45503.59,39568.34,0,39568.34,5935.25,0,45503.59,0.00,4550359,4550359,0.90,,,
MDS-01680,NGP-WS-225,Standard,2026-08-23..2026-08-25,2026-08-28,0,,,,,,53199.07,7979.86,0.00,61178.93,53199.07,0,53199.07,7979.86,0,61178.93,0.00,6117893,6117893,0.90,,,
MDS-01681,NGP-WS-015,Standard,2026-08-24..2026-08-27,2026-09-16,0,,,,,,57818.80,8672.82,0.00,66491.62,57818.80,0,57818.80,8672.82,0,66491.62,0.00,6649162,6649162,0.90,,,
MDS-01682,NGP-BD-031,Standard,2026-08-25..2026-08-25,2026-09-16,0,,,,,,50948.08,7642.21,0.00,58590.29,50948.08,0,50948.08,7642.21,0,58590.29,0.00,5859029,5859029,0.90,,,
MDS-01683,NGP-BD-174,Standard,2026-08-25..2026-08-30,2026-09-15,0,,,,,,129585.37,19437.81,0.00,149023.18,129585.37,0,129585.37,19437.81,0,149023.18,0.00,14902318,14902318,0.90,,,
MDS-01684,NGP-HA-067,Standard,2026-08-25..2026-08-29,2026-09-12,0,,,,,,77165.80,11574.87,0.00,88740.67,77165.80,0,77165.80,11574.87,0,88740.67,0.00,8874067,8874067,0.90,,,
MDS-01685,NGP-QA-138,Standard,2026-08-25..2026-08-28,2026-09-04,0,,,,,,135465.59,20319.84,0.00,155785.43,135465.59,0,135465.59,20319.84,0,155785.43,0.00,15578543,15578543,0.90,,,
MDS-01686,NGP-WS-208,Standard,2026-08-25..2026-08-28,2026-09-03,0,,,,,,133740.58,20061.09,0.00,153801.67,133740.58,0,133740.58,20061.09,0,153801.67,0.00,15380167,15380167,0.90,,,
MDS-01687,NGP-HA-156,Standard,2026-08-26..2026-08-28,2026-09-06,0,,,,,,45810.25,6871.54,0.00,52681.79,45810.25,0,45810.25,6871.54,0,52681.79,0.00,5268179,5268179,0.90,,,
MDS-01688,NGP-HA-190,Standard,2026-08-26..2026-08-29,2026-09-09,0,,,,,,140252.49,21037.87,0.00,161290.36,140252.49,0,140252.49,21037.87,0,161290.36,0.00,16129036,16129036,0.90,,,
MDS-01689,NGP-WS-120,Standard,2026-08-26..2026-08-26,2026-09-10,0,,,,,,43818.41,6572.76,0.00,50391.17,43818.41,0,43818.41,6572.76,0,50391.17,0.00,5039117,5039117,0.90,,,
MDS-01690,NGP-WS-225,Standard,2026-08-26..2026-08-29,2026-09-14,0,,,,,,68724.50,10308.68,0.00,79033.18,68724.50,0,68724.50,10308.68,0,79033.18,0.00,7903318,7903318,0.90,,,
MDS-01691,NGP-BD-103,Standard,2026-08-27..2026-09-01,2026-09-10,0,,,,,,250265.57,37539.84,0.00,287805.41,250276.64,-11.07,250265.57,37539.84,0,287805.41,0.00,28780541,28780541,0.90,,,
MDS-01692,NGP-HA-048,Standard,2026-08-27..2026-08-29,2026-09-01,0,,,,,,48765.22,7314.78,0.00,56080.00,48765.22,0,48765.22,7314.78,0,56080.00,0.00,5608000,5608000,0.90,,,
MDS-01693,NGP-BD-085,Standard,2026-08-28..2026-09-02,2026-09-29,0,,,,,,127484.63,19122.69,0.00,146607.32,127484.63,0,127484.63,19122.69,0,146607.32,0.00,14660732,14660732,0.90,,,
MDS-01694,NGP-WS-015,Standard,2026-08-28..2026-08-30,2026-09-16,0,,,,,,50488.00,7573.20,0.00,58061.20,50488.00,0,50488.00,7573.20,0,58061.20,0.00,5806120,5806120,0.90,,,
MDS-01695,NGP-HA-156,Standard,2026-08-29..2026-09-03,2026-09-29,0,,,,,,146419.43,21962.91,0.00,168382.34,146419.43,0,146419.43,21962.91,0,168382.34,0.00,16838234,16838234,0.90,,,
MDS-01696,NGP-QA-138,Standard,2026-08-29..2026-09-01,2026-09-25,0,,,,,,165206.37,24780.96,0.00,189987.33,165206.37,0,165206.37,24780.96,0,189987.33,0.00,18998733,18998733,0.90,,,
MDS-01697,NGP-WS-208,Standard,2026-08-29..2026-09-02,2026-09-24,0,,,,,,159811.92,23971.79,0.00,183783.71,159811.92,0,159811.92,23971.79,0,183783.71,0.00,18378371,18378371,0.90,,,
MDS-01698,NGP-BD-121,HPHT,2026-08-30..2026-09-01,2026-09-06,0,,,,,,81918.43,12287.76,0.00,94206.19,81918.43,0,81918.43,12287.76,0,94206.19,0.00,9420619,9420619,0.90,,,
MDS-01699,NGP-HA-048,Standard,2026-08-30..2026-09-01,2026-09-08,0,,,,,,73510.60,11026.59,0.00,84537.19,73510.60,0,73510.60,11026.59,0,84537.19,0.00,8453719,8453719,0.90,,,
MDS-01700,NGP-HA-067,Standard,2026-08-30..2026-09-01,2026-09-28,0,,,,,,56207.98,8431.20,0.00,64639.18,56207.98,0,56207.98,8431.20,0,64639.18,0.00,6463918,6463918,0.90,,,
MDS-01701,NGP-HA-190,Standard,2026-08-30..2026-09-01,2026-09-17,0,,,,,,110288.56,16543.28,0.00,126831.84,110288.56,0,110288.56,16543.28,0,126831.84,0.00,12683184,12683184,0.90,,,
MDS-01702,NGP-WS-225,Standard,2026-08-30..2026-09-01,2026-09-19,0,,,,,,57803.15,8670.47,0.00,66473.62,57803.15,0,57803.15,8670.47,0,66473.62,0.00,6647362,6647362,0.90,,,
MDS-01703,NGP-BD-174,Standard,2026-08-31..2026-09-05,2026-09-09,0,,,,,,109643.28,16446.49,0.00,126089.77,109643.28,0,109643.28,16446.49,0,126089.77,0.00,12608977,12608977,0.90,,,
MDS-01704,NGP-HA-032,HPHT,2026-08-31..2026-09-03,2026-09-15,0,,,,,,103109.29,15466.39,0.00,118575.68,103109.29,0,103109.29,15466.39,0,118575.68,0.00,11857568,11857568,0.90,,,
MDS-01705,NGP-WS-015,Standard,2026-08-31..2026-09-04,2026-10-02,0,,,,,,143518.76,21527.81,0.00,165046.57,143518.76,0,143518.76,21527.81,0,165046.57,0.00,16504657,16504657,0.90,,,
MDS-01706,NGP-BD-103,Standard,2026-09-02..2026-09-05,2026-09-19,0,,,,,,140312.65,21046.90,0.00,161359.55,140312.65,0,140312.65,21046.90,0,161359.55,0.00,16135955,16135955,0.90,,,
MDS-01707,NGP-BD-121,HPHT,2026-09-02..2026-09-06,2026-10-04,0,,,,,,82127.45,12319.12,0.00,94446.57,82127.45,0,82127.45,12319.12,0,94446.57,0.00,9444657,9444657,0.90,,,
MDS-01708,NGP-HA-067,Standard,2026-09-02..2026-09-05,2026-09-24,0,,,,,,73040.68,10956.10,0.00,83996.78,73040.68,0,73040.68,10956.10,0,83996.78,0.00,8399678,8399678,0.90,,,
MDS-01709,NGP-HA-190,Standard,2026-09-02..2026-09-04,2026-09-18,0,,,,,,115803.13,17370.47,0.00,133173.60,115803.13,0,115803.13,17370.47,0,133173.60,0.00,13317360,13317360,0.90,,,
MDS-01710,NGP-QA-138,Standard,2026-09-02..2026-09-07,2026-10-07,0,,,,,,118220.90,17733.14,0.00,135954.04,118220.90,0,118220.90,17733.14,0,135954.04,0.00,13595404,13595404,0.90,,,
MDS-01711,NGP-WS-225,Standard,2026-09-02..2026-09-07,2026-09-21,0,,,,,,166266.77,24940.02,0.00,191206.79,166266.77,0,166266.77,24940.02,0,191206.79,0.00,19120679,19120679,0.90,,,
MDS-01712,NGP-BD-085,Standard,2026-09-03..2026-09-05,2026-09-24,0,,,,,,43485.39,6522.81,0.00,50008.20,43485.39,0,43485.39,6522.81,0,50008.20,0.00,5000820,5000820,0.90,,,
MDS-01713,NGP-WS-208,Standard,2026-09-03..2026-09-07,2026-09-22,0,,,,,,199262.00,29889.30,0.00,229151.30,199262.00,0,199262.00,29889.30,0,229151.30,0.00,22915130,22915130,0.90,,,
MDS-01714,NGP-HA-032,HPHT,2026-09-04..2026-09-07,2026-09-16,0,,,,,,73859.32,11078.90,0.00,84938.22,73859.32,0,73859.32,11078.90,0,84938.22,0.00,8493822,8493822,0.90,,,
MDS-01715,NGP-HA-156,Standard,2026-09-04..2026-09-07,2026-10-03,0,,,,,,167121.56,25068.23,0.00,192189.79,167121.56,0,167121.56,25068.23,0,192189.79,0.00,19218979,19218979,0.90,,,
MDS-01716,NGP-HA-190,Standard,2026-09-05..2026-09-07,2026-09-30,0,,,,,,151590.05,22738.51,0.00,174328.56,151590.05,0,151590.05,22738.51,0,174328.56,0.00,17432856,17432856,0.90,,,
MDS-01717,NGP-WS-015,Standard,2026-09-05..2026-09-09,2026-09-30,0,,,,,,136750.71,20512.61,0.00,157263.32,136750.71,0,136750.71,20512.61,0,157263.32,0.00,15726332,15726332,0.90,,,
MDS-01718,NGP-BD-049,Standard,2026-09-06..2026-09-09,2026-09-16,0,,,,,,98406.45,14760.97,0.00,113167.42,98406.45,0,98406.45,14760.97,0,113167.42,0.00,11316742,11316742,0.90,,,
MDS-01719,NGP-BD-085,Standard,2026-09-06..2026-09-11,2026-09-16,0,,,,,,185614.07,27842.11,0.00,213456.18,185614.07,0,185614.07,27842.11,0,213456.18,0.00,21345618,21345618,0.90,,,
MDS-01720,NGP-BD-103,Standard,2026-09-06..2026-09-10,2026-10-01,0,,,,,,475549.42,71332.41,0.00,546881.83,484947.31,-9397.89,475549.42,71332.41,0,546881.83,0.00,54688183,54688183,0.90,,,
MDS-01721,NGP-BD-174,Standard,2026-09-06..2026-09-09,2026-09-21,0,,,,,,77683.24,11652.49,0.00,89335.73,77683.24,0,77683.24,11652.49,0,89335.73,0.00,8933573,8933573,0.90,,,
MDS-01722,NGP-HA-067,Standard,2026-09-06..2026-09-08,2026-09-27,0,,,,,,60196.83,9029.52,0.00,69226.35,60196.83,0,60196.83,9029.52,0,69226.35,0.00,6922635,6922635,0.90,,,
MDS-01723,NGP-BD-121,HPHT,2026-09-07..2026-09-12,2026-10-03,0,,,,,,197345.39,29601.81,0.00,226947.20,197345.39,0,197345.39,29601.81,0,226947.20,0.00,22694720,22694720,0.90,,,
MDS-01724,NGP-HA-032,HPHT,2026-09-08..2026-09-13,2026-09-22,0,,,,,,296773.45,44516.02,0.00,341289.47,298722.34,-1948.89,296773.45,44516.02,0,341289.47,0.00,34128947,34128947,0.90,,,
MDS-01725,NGP-HA-156,Standard,2026-09-08..2026-09-11,2026-09-28,1,charge_not_in_record,charge_not_in_record,charge_not_in_record=2893.65,,,173376.47,26006.47,0.00,199382.94,170482.82,0,170482.82,25572.42,0,196055.24,-3327.70,19605524,19938294,0.90,MDS-01725-062,,
MDS-01726,NGP-QA-138,Standard,2026-09-08..2026-09-11,2026-10-10,0,,,,,,63898.36,9584.75,0.00,73483.11,63898.36,0,63898.36,9584.75,0,73483.11,0.00,7348311,7348311,0.90,,,
MDS-01727,NGP-WS-208,Standard,2026-09-08..2026-09-10,2026-09-18,0,,,,,,111854.64,16778.20,0.00,128632.84,111854.64,0,111854.64,16778.20,0,128632.84,0.00,12863284,12863284,0.90,,,
MDS-01728,NGP-WS-225,Standard,2026-09-08..2026-09-11,2026-10-04,0,,,,,,103206.42,15480.96,0.00,118687.38,103206.42,0,103206.42,15480.96,0,118687.38,0.00,11868738,11868738,0.90,,,
MDS-01729,NGP-HA-067,Standard,2026-09-09..2026-09-12,2026-09-23,0,,,,,,77296.36,11594.45,0.00,88890.81,77296.36,0,77296.36,11594.45,0,88890.81,0.00,8889081,8889081,0.90,,,
MDS-01730,NGP-BD-049,Standard,2026-09-10..2026-09-13,2026-10-06,0,,,,,,66462.27,9969.34,0.00,76431.61,66462.27,0,66462.27,9969.34,0,76431.61,0.00,7643161,7643161,0.90,,,
MDS-01731,NGP-BD-174,Standard,2026-09-10..2026-09-15,2026-09-21,0,,,,,,116911.74,17536.76,0.00,134448.50,116911.74,0,116911.74,17536.76,0,134448.50,0.00,13444850,13444850,0.90,,,
MDS-01732,NGP-WS-015,Standard,2026-09-10..2026-09-15,2026-10-01,0,,,,,,147969.58,22195.44,0.00,170165.02,147969.58,0,147969.58,22195.44,0,170165.02,0.00,17016502,17016502,0.90,,,
MDS-01733,NGP-BD-103,Standard,2026-09-11..2026-09-13,2026-10-06,0,,,,,,111113.99,16667.10,0.00,127781.09,111113.99,0,111113.99,16667.10,0,127781.09,0.00,12778109,12778109,0.90,,,
MDS-01734,NGP-QA-191,Standard,2026-09-11..2026-09-16,2026-10-06,0,,,,,,121975.31,18296.30,0.00,140271.61,121975.31,0,121975.31,18296.30,0,140271.61,0.00,14027161,14027161,0.90,,,
MDS-01735,NGP-WS-208,Standard,2026-09-11..2026-09-13,2026-09-19,0,,,,,,107972.79,16195.92,0.00,124168.71,107972.79,0,107972.79,16195.92,0,124168.71,0.00,12416871,12416871,0.90,,,
MDS-01736,NGP-BD-085,Standard,2026-09-12..2026-09-15,2026-10-05,0,,,,,,106412.33,15961.85,0.00,122374.18,106412.33,0,106412.33,15961.85,0,122374.18,0.00,12237418,12237418,0.90,,,
MDS-01737,NGP-HA-156,Standard,2026-09-12..2026-09-16,2026-10-15,0,,,,,,170731.53,25609.73,0.00,196341.26,170731.53,0,170731.53,25609.73,0,196341.26,0.00,19634126,19634126,0.90,,,
MDS-01738,NGP-QA-138,Standard,2026-09-12..2026-09-13,2026-09-27,0,,,,,,57077.23,8561.58,0.00,65638.81,57077.23,0,57077.23,8561.58,0,65638.81,0.00,6563881,6563881,0.90,,,
MDS-01739,NGP-WS-225,Standard,2026-09-12..2026-09-15,2026-09-21,1,rate_superseded,rate_superseded,rate_superseded=142.74,,,133953.82,20093.07,0.00,154046.89,133811.08,0,133811.08,20071.66,0,153882.74,-164.15,15388274,15404689,0.90,MDS-01739-041,,
MDS-01740,NGP-BD-121,HPHT,2026-09-13..2026-09-16,2026-10-14,0,,,,,,147873.05,22180.96,0.00,170054.01,147873.05,0,147873.05,22180.96,0,170054.01,0.00,17005401,17005401,0.90,,,
MDS-01741,NGP-HA-067,Standard,2026-09-13..2026-09-15,2026-10-06,0,,,,,,70751.91,10612.79,0.00,81364.70,70751.91,0,70751.91,10612.79,0,81364.70,0.00,8136470,8136470,0.90,,,
MDS-01742,NGP-BD-049,Standard,2026-09-14..2026-09-18,2026-10-08,0,,,,,,85668.52,12850.28,0.00,98518.80,85668.52,0,85668.52,12850.28,0,98518.80,0.00,9851880,9851880,0.90,,,
MDS-01743,NGP-BD-103,Standard,2026-09-14..2026-09-16,2026-10-02,0,,,,,,93112.54,13966.88,0.00,107079.42,93112.54,0,93112.54,13966.88,0,107079.42,0.00,10707942,10707942,0.90,,,
MDS-01744,NGP-HA-032,HPHT,2026-09-14..2026-09-16,2026-09-27,0,,,,,,111961.91,16794.29,0.00,128756.20,111961.91,0,111961.91,16794.29,0,128756.20,0.00,12875620,12875620,0.90,,,
MDS-01745,NGP-WS-208,Standard,2026-09-14..2026-09-18,2026-09-23,0,,,,,,76241.73,11436.26,0.00,87677.99,76241.73,0,76241.73,11436.26,0,87677.99,0.00,8767799,8767799,0.90,,,
MDS-01746,NGP-BD-085,Standard,2026-09-16..2026-09-18,2026-10-18,0,,,,,,108903.79,16335.57,0.00,125239.36,108903.79,0,108903.79,16335.57,0,125239.36,0.00,12523936,12523936,0.90,,,
MDS-01747,NGP-BD-139,Extended Reach,2026-09-16..2026-09-19,2026-09-26,0,,,,,,95263.59,14289.54,0.00,109553.13,95263.59,0,95263.59,14289.54,0,109553.13,0.00,10955313,10955313,0.90,,,
MDS-01748,NGP-BD-174,Standard,2026-09-16..2026-09-20,2026-10-16,0,,,,,,132479.28,19871.89,0.00,152351.17,132479.28,0,132479.28,19871.89,0,152351.17,0.00,15235117,15235117,0.90,,,
MDS-01749,NGP-HA-067,Standard,2026-09-16..2026-09-20,2026-10-14,0,,,,,,137397.40,20609.61,0.00,158007.01,137397.40,0,137397.40,20609.61,0,158007.01,0.00,15800701,15800701,0.90,,,
MDS-01750,NGP-WS-015,Standard,2026-09-16..2026-09-20,2026-10-12,0,,,,,,123197.50,18479.62,0.00,141677.12,123197.50,0,123197.50,18479.62,0,141677.12,0.00,14167712,14167712,0.90,,,
MDS-01751,NGP-WS-225,Standard,2026-09-16..2026-09-16,2026-10-14,1,qty_above_record,qty_above_record,qty_above_record=1639.59,,,49531.67,7429.75,0.00,56961.42,47892.08,0,47892.08,7183.81,0,55075.89,-1885.53,5507589,5696142,0.90,MDS-01751-010,,
MDS-01752,NGP-BD-121,HPHT,2026-09-17..2026-09-20,2026-09-30,0,,,,,,146863.48,22029.52,0.00,168893.00,146863.48,0,146863.48,22029.52,0,168893.00,0.00,16889300,16889300,0.90,,,
MDS-01753,NGP-HA-032,HPHT,2026-09-17..2026-09-22,2026-09-25,0,,,,,,253172.33,37975.85,0.00,291148.18,253304.51,-132.18,253172.33,37975.85,0,291148.18,0.00,29114818,29114818,0.90,,,
MDS-01754,NGP-HA-156,Standard,2026-09-17..2026-09-19,2026-10-18,0,,,,,,110301.14,16545.17,0.00,126846.31,110301.14,0,110301.14,16545.17,0,126846.31,0.00,12684631,12684631,0.90,,,
MDS-01755,NGP-QA-191,Standard,2026-09-17..2026-09-22,2026-10-15,0,,,,,,95542.39,14331.36,0.00,109873.75,95542.39,0,95542.39,14331.36,0,109873.75,0.00,10987375,10987375,0.90,,,
MDS-01756,NGP-BD-049,Standard,2026-09-19..2026-09-22,2026-09-29,0,,,,,,61179.80,9176.97,0.00,70356.77,61179.80,0,61179.80,9176.97,0,70356.77,0.00,7035677,7035677,0.90,,,
MDS-01757,NGP-BD-085,Standard,2026-09-19..2026-09-21,2026-10-21,0,,,,,,65799.09,9869.86,0.00,75668.95,65799.09,0,65799.09,9869.86,0,75668.95,0.00,7566895,7566895,0.90,,,
MDS-01758,NGP-WS-208,Standard,2026-09-19..2026-09-23,2026-10-20,0,,,,,,103332.41,15499.86,0.00,118832.27,103332.41,0,103332.41,15499.86,0,118832.27,0.00,11883227,11883227,0.90,,,
MDS-01759,NGP-BD-139,Extended Reach,2026-09-20..2026-09-24,2026-09-27,0,,,,,,78627.90,11794.18,0.00,90422.08,78627.90,0,78627.90,11794.18,0,90422.08,0.00,9042208,9042208,0.90,,,
MDS-01760,NGP-HA-156,Standard,2026-09-20..2026-09-22,2026-10-18,0,,,,,,109659.49,16448.92,0.00,126108.41,109659.49,0,109659.49,16448.92,0,126108.41,0.00,12610841,12610841,0.90,,,
MDS-01761,NGP-BD-104,Extended Reach,2026-09-21..2026-09-25,2026-09-30,0,,,,,,115428.13,17314.22,0.00,132742.35,115428.13,0,115428.13,17314.22,0,132742.35,0.00,13274235,13274235,0.90,,,
MDS-01762,NGP-BD-121,HPHT,2026-09-21..2026-09-23,2026-10-07,0,,,,,,121888.07,18283.21,0.00,140171.28,121888.07,0,121888.07,18283.21,0,140171.28,0.00,14017128,14017128,0.90,,,
MDS-01763,NGP-BD-174,Standard,2026-09-21..2026-09-25,2026-10-06,0,,,,,,127811.44,19171.72,0.00,146983.16,127811.44,0,127811.44,19171.72,0,146983.16,0.00,14698316,14698316,0.90,,,
MDS-01764,NGP-HA-067,Standard,2026-09-21..2026-09-22,2026-10-14,1,charge_not_in_record,charge_not_in_record,charge_not_in_record=2893.65,,,1108716.38,166307.46,0.00,1275023.84,1141602.58,-35664.10,1105938.48,165890.77,0,1271829.25,-3194.59,127182925,127502384,0.90,MDS-01764-027,,
MDS-01765,NGP-WS-015,Standard,2026-09-21..2026-09-21,2026-10-14,0,,,,,,47261.93,7089.29,0.00,54351.22,47261.93,0,47261.93,7089.29,0,54351.22,0.00,5435122,5435122,0.90,,,
MDS-01766,NGP-BD-085,Standard,2026-09-22..2026-09-26,2026-10-14,0,,,,,,133774.60,20066.19,0.00,153840.79,133774.60,0,133774.60,20066.19,0,153840.79,0.00,15384079,15384079,0.90,,,
MDS-01767,NGP-WS-226,Standard,2026-09-22..2026-09-26,2026-10-14,0,,,,,,115612.28,17341.84,0.00,132954.12,115612.28,0,115612.28,17341.84,0,132954.12,0.00,13295412,13295412,0.90,,,
MDS-01768,NGP-BD-049,Standard,2026-09-23..2026-09-28,2026-10-28,0,,,,,,155028.35,23254.25,0.00,178282.60,155028.35,0,155028.35,23254.25,0,178282.60,0.00,17828260,17828260,0.90,,,
MDS-01769,NGP-HA-016,Extended Reach,2026-09-23..2026-09-27,2026-10-08,0,,,,,,113775.63,17066.34,0.00,130841.97,113775.63,0,113775.63,17066.34,0,130841.97,0.00,13084197,13084197,0.90,,,
MDS-01770,NGP-HA-032,HPHT,2026-09-23..2026-09-27,2026-10-19,0,,,,,,237135.14,35570.27,0.00,272705.41,237135.14,0,237135.14,35570.27,0,272705.41,0.00,27270541,27270541,0.90,,,
MDS-01771,NGP-HA-156,Standard,2026-09-23..2026-09-27,2026-10-23,0,,,,,,106608.30,15991.24,0.00,122599.54,106608.30,0,106608.30,15991.24,0,122599.54,0.00,12259954,12259954,0.90,,,
MDS-01772,NGP-QA-191,Standard,2026-09-23..2026-09-27,2026-10-20,0,,,,,,136432.56,20464.88,0.00,156897.44,136432.56,0,136432.56,20464.88,0,156897.44,0.00,15689744,15689744,0.90,,,
MDS-01773,NGP-BD-121,HPHT,2026-09-24..2026-09-29,2026-10-07,0,,,,,,233271.78,34990.77,0.00,268262.55,233271.78,0,233271.78,34990.77,0,268262.55,0.00,26826255,26826255,0.90,,,
MDS-01774,NGP-BD-139,Extended Reach,2026-09-25..2026-09-30,2026-10-06,0,,,,,,124993.08,18748.96,0.00,143742.04,124993.08,0,124993.08,18748.96,0,143742.04,0.00,14374204,14374204,0.90,,,
MDS-01775,NGP-BD-104,Extended Reach,2026-09-26..2026-09-29,2026-10-13,0,,,,,,60030.76,9004.61,0.00,69035.37,60030.76,0,60030.76,9004.61,0,69035.37,0.00,6903537,6903537,0.90,,,
MDS-01776,NGP-BD-174,Standard,2026-09-26..2026-09-30,2026-10-08,0,,,,,,112401.82,16860.27,0.00,129262.09,112401.82,0,112401.82,16860.27,0,129262.09,0.00,12926209,12926209,0.90,,,
MDS-01777,NGP-QA-209,HPHT,2026-09-26..2026-10-01,2026-10-18,0,,,,,,128067.85,19210.18,0.00,147278.03,128067.85,0,128067.85,19210.18,0,147278.03,0.00,14727803,14727803,0.90,,,
MDS-01778,NGP-WS-068,HPHT,2026-09-26..2026-09-28,2026-10-04,0,,,,,,89108.09,13366.21,0.00,102474.30,89108.09,0,89108.09,13366.21,0,102474.30,0.00,10247430,10247430,0.90,,,
MDS-01779,NGP-BD-085,Standard,2026-09-27..2026-09-29,2026-10-25,0,,,,,,107504.64,16125.70,0.00,123630.34,107504.64,0,107504.64,16125.70,0,123630.34,0.00,12363034,12363034,0.90,,,
MDS-01780,NGP-WS-226,Standard,2026-09-27..2026-09-30,2026-10-17,0,,,,,,62872.82,9430.92,0.00,72303.74,62872.82,0,62872.82,9430.92,0,72303.74,0.00,7230374,7230374,0.90,,,
MDS-01781,NGP-HA-016,Extended Reach,2026-09-28..2026-10-02,2026-10-10,0,,,,,,109819.94,16472.99,0.00,126292.93,109819.94,0,109819.94,16472.99,0,126292.93,0.00,12629293,12629293,0.90,,,
MDS-01782,NGP-HA-032,HPHT,2026-09-28..2026-10-01,2026-10-28,1,charge_not_in_record,charge_not_in_record,charge_not_in_record=2893.65,,,148102.26,22215.34,0.00,170317.60,145208.61,0,145208.61,21781.29,0,166989.90,-3327.70,16698990,17031760,0.90,MDS-01782-055,,
MDS-01783,NGP-HA-156,Standard,2026-09-28..2026-09-30,2026-10-11,0,,,,,,49125.28,7368.79,0.00,56494.07,49125.28,0,49125.28,7368.79,0,56494.07,0.00,5649407,5649407,0.90,,,
MDS-01784,NGP-QA-191,Standard,2026-09-28..2026-09-30,2026-10-22,0,,,,,,92729.18,13909.38,0.00,106638.56,92729.18,0,92729.18,13909.38,0,106638.56,0.00,10663856,10663856,0.90,,,
MDS-01785,NGP-BD-049,Standard,2026-09-29..2026-10-02,2026-10-16,0,,,,,,117626.72,17644.01,0.00,135270.73,117626.72,0,117626.72,17644.01,0,135270.73,0.00,13527073,13527073,0.90,,,
MDS-01786,NGP-WS-068,HPHT,2026-09-29..2026-10-02,2026-10-22,0,,,,,,61851.30,9277.70,0.00,71129.00,61851.30,0,61851.30,9277.70,0,71129.00,0.00,7112900,7112900,0.90,,,
MDS-01787,NGP-BD-085,Standard,2026-09-30..2026-10-02,2026-10-08,0,,,,,,111118.39,16667.76,0.00,127786.15,111118.39,0,111118.39,16667.76,0,127786.15,0.00,12778615,12778615,0.90,,,
MDS-01788,NGP-BD-104,Extended Reach,2026-09-30..2026-10-02,2026-11-01,0,,,,,,39958.80,5993.82,0.00,45952.62,39958.80,0,39958.80,5993.82,0,45952.62,0.00,4595262,4595262,0.90,,,
MDS-01789,NGP-BD-121,HPHT,2026-09-30..2026-10-03,2026-10-07,0,,,,,,179028.81,26854.32,0.00,205883.13,179028.81,0,179028.81,26854.32,0,205883.13,0.00,20588313,20588313,0.90,,,
MDS-01790,NGP-BD-139,Extended Reach,2026-10-01..2026-10-03,2026-10-10,0,,,,,,69820.25,10473.04,0.00,80293.29,69820.25,0,69820.25,10473.04,0,80293.29,0.00,8029329,8029329,0.90,,,
MDS-01791,NGP-BD-174,Standard,2026-10-01..2026-10-04,2026-10-25,0,,,,,,89789.37,13468.41,0.00,103257.78,89789.37,0,89789.37,13468.41,0,103257.78,0.00,10325778,10325778,0.90,,,
MDS-01792,NGP-HA-156,Standard,2026-10-01..2026-10-02,2026-10-26,0,,,,,,58815.63,8822.34,0.00,67637.97,58815.63,0,58815.63,8822.34,0,67637.97,0.00,6763797,6763797,0.90,,,
MDS-01793,NGP-QA-191,Standard,2026-10-01..2026-10-06,2026-10-28,0,,,,,,128871.05,19330.66,0.00,148201.71,128871.05,0,128871.05,19330.66,0,148201.71,0.00,14820171,14820171,0.90,,,
MDS-01794,NGP-WS-226,Standard,2026-10-01..2026-10-03,2026-11-02,0,,,,,,71954.79,10793.22,0.00,82748.01,71954.79,0,71954.79,10793.22,0,82748.01,0.00,8274801,8274801,0.90,,,
MDS-01795,NGP-HA-032,HPHT,2026-10-02..2026-10-05,2026-10-23,0,,,,,,187255.80,28088.37,0.00,215344.17,187255.80,0,187255.80,28088.37,0,215344.17,0.00,21534417,21534417,0.90,,,
MDS-01796,NGP-QA-209,HPHT,2026-10-02..2026-10-07,2026-10-26,0,,,,,,106411.10,15961.66,0.00,122372.76,106411.10,0,106411.10,15961.66,0,122372.76,0.00,12237276,12237276,0.90,,,
MDS-01797,NGP-BD-049,Standard,2026-10-03..2026-10-06,2026-11-02,0,,,,,,104153.67,15623.05,0.00,119776.72,104153.67,0,104153.67,15623.05,0,119776.72,0.00,11977672,11977672,0.90,,,
MDS-01798,NGP-BD-104,Extended Reach,2026-10-03..2027-01-23,2027-01-25,1,work_after_term,work_after_term,work_after_term=3279.18,period_outside_term,p.1; A2 2.1 p.41; Cl 32 p.8,125908.90,18886.34,0.00,144795.24,122629.72,0,122629.72,18394.46,0,141024.18,-3771.06,14102418,14479524,0.85,MDS-01798-045,period 2026-10-03..2027-01-23 runs outside the Term,report_ref DDR-104-20261007 is not the number of the 2027-01-23 report (Cl 19A)
MDS-01799,NGP-HA-016,Extended Reach,2026-10-03..2026-10-08,2026-10-15,1,wrong_contract_ref,wrong_contract_ref,wrong_contract_ref=0.00,contract_ref_wrong,p.1; guideline check 1,267435.12,40115.27,0.00,307550.39,268161.58,-726.46,267435.12,40115.27,0,307550.39,0.00,30755039,30755039,0.80,,contract_ref 'DDS-2025-181'; amount valued under DDS-2025-118,
MDS-01800,NGP-WS-068,HPHT,2026-10-03..2026-10-06,2026-10-25,0,,,,,,61914.48,9287.17,0.00,71201.65,61914.48,0,61914.48,9287.17,0,71201.65,0.00,7120165,7120165,0.90,,,
MDS-01801,NGP-BD-121,HPHT,2026-10-04..2026-10-05,2026-10-25,0,,,,,,83443.07,12516.46,0.00,95959.53,83443.07,0,83443.07,12516.46,0,95959.53,0.00,9595953,9595953,0.90,,,
MDS-01802,NGP-BD-139,Extended Reach,2026-10-04..2026-10-06,2026-10-24,0,,,,,,66733.74,10010.06,0.00,76743.80,66733.74,0,66733.74,10010.06,0,76743.80,0.00,7674380,7674380,0.90,,,
MDS-01803,NGP-WS-226,Standard,2026-10-04..2026-10-09,2026-11-07,0,,,,,,1385873.03,207880.95,0.00,1593753.98,1433201.07,-47328.04,1385873.03,207880.95,0,1593753.98,0.00,159375398,159375398,0.90,,,
MDS-01804,NGP-HA-086,Standard,2026-10-06..2026-10-11,2026-10-16,0,,,,,,128221.25,19233.19,0.00,147454.44,128221.25,0,128221.25,19233.19,0,147454.44,0.00,14745444,14745444,0.90,,,
MDS-01805,NGP-BD-049,Standard,2026-10-07..2026-10-07,2026-10-16,0,,,,,,48543.53,7281.53,0.00,55825.06,48543.53,0,48543.53,7281.53,0,55825.06,0.00,5582506,5582506,0.90,,,
MDS-01806,NGP-BD-139,Extended Reach,2026-10-07..2026-10-11,2026-10-17,0,,,,,,118049.07,17707.36,0.00,135756.43,118049.07,0,118049.07,17707.36,0,135756.43,0.00,13575643,13575643,0.90,,,
MDS-01807,NGP-QA-191,Standard,2026-10-07..2026-10-09,2026-11-05,0,,,,,,80906.69,12136.00,0.00,93042.69,80906.69,0,80906.69,12136.00,0,93042.69,0.00,9304269,9304269,0.90,,,
MDS-01808,NGP-WS-068,HPHT,2026-10-07..2026-10-11,2026-10-23,0,,,,,,200398.23,30059.73,0.00,230457.96,200398.23,0,200398.23,30059.73,0,230457.96,0.00,23045796,23045796,0.90,,,
MDS-01809,NGP-WS-157,Standard,2026-10-07..2026-10-09,2026-10-14,0,,,,,,83485.97,12522.90,0.00,96008.87,83485.97,0,83485.97,12522.90,0,96008.87,0.00,9600887,9600887,0.90,,,
MDS-01810,NGP-QA-209,HPHT,2026-10-08..2026-10-13,2026-10-26,0,,,,,,135515.00,20327.25,0.00,155842.25,135515.00,0,135515.00,20327.25,0,155842.25,0.00,15584225,15584225,0.90,,,
MDS-01811,NGP-BD-104,Extended Reach,2026-10-09..2026-10-13,2026-10-18,0,,,,,,86288.34,12943.25,0.00,99231.59,86288.34,0,86288.34,12943.25,0,99231.59,0.00,9923159,9923159,0.90,,,
MDS-01812,NGP-HA-016,Extended Reach,2026-10-09..2026-10-12,2026-11-02,0,,,,,,144055.92,21608.39,0.00,165664.31,144055.92,0,144055.92,21608.39,0,165664.31,0.00,16566431,16566431,0.90,,,
MDS-01813,NGP-QA-050,Standard,2026-10-09..2026-10-13,2026-11-05,0,,,,,,121167.33,18175.10,0.00,139342.43,121167.33,0,121167.33,18175.10,0,139342.43,0.00,13934243,13934243,0.90,,,
MDS-01814,NGP-WS-122,Extended Reach,2026-10-09..2026-10-11,2026-10-21,0,,,,,,80352.17,12052.83,0.00,92405.00,80352.17,0,80352.17,12052.83,0,92405.00,0.00,9240500,9240500,0.90,,,
MDS-01815,NGP-QA-191,Standard,2026-10-10..2026-10-13,2026-10-23,0,,,,,,92432.87,13864.93,0.00,106297.80,92432.87,0,92432.87,13864.93,0,106297.80,0.00,10629780,10629780,0.90,,,
MDS-01816,NGP-WS-157,Standard,2026-10-10..2026-10-13,2026-11-12,0,,,,,,58080.12,8712.02,0.00,66792.14,58080.12,0,58080.12,8712.02,0,66792.14,0.00,6679214,6679214,0.90,,,
MDS-01817,NGP-WS-175,Standard,2026-10-10..2026-10-14,2026-10-17,0,,,,,,107878.38,16181.76,0.00,124060.14,107878.38,0,107878.38,16181.76,0,124060.14,0.00,12406014,12406014,0.90,,,
MDS-01818,NGP-WS-226,Standard,2026-10-10..2026-10-12,2026-11-04,1,depth_band_wrong,depth_band_wrong,depth_band_wrong=3070.50,,,99425.54,14913.83,0.00,114339.37,96355.04,0,96355.04,14453.26,0,110808.30,-3531.07,11080830,11433937,0.90,MDS-01818-027,,
MDS-01819,NGP-QA-033,Standard,2026-10-11..2026-10-13,2026-10-28,0,,,,,,78573.77,11786.07,0.00,90359.84,78573.77,0,78573.77,11786.07,0,90359.84,0.00,9035984,9035984,0.90,,,
MDS-01820,NGP-BD-139,Extended Reach,2026-10-12..2026-10-14,2026-10-17,0,,,,,,72978.81,10946.82,0.00,83925.63,72978.81,0,72978.81,10946.82,0,83925.63,0.00,8392563,8392563,0.90,,,
MDS-01821,NGP-HA-086,Standard,2026-10-12..2026-10-16,2026-10-21,0,,,,,,77492.45,11623.87,0.00,89116.32,77492.45,0,77492.45,11623.87,0,89116.32,0.00,8911632,8911632,0.90,,,
MDS-01822,NGP-WS-068,HPHT,2026-10-12..2026-10-17,2026-10-27,0,,,,,,271654.89,40748.23,0.00,312403.12,272557.18,-902.29,271654.89,40748.23,0,312403.12,0.00,31240312,31240312,0.90,,,
MDS-01823,NGP-WS-122,Extended Reach,2026-10-12..2026-10-14,2026-11-08,1,discount_omitted,discount_omitted,discount_omitted=273.56,,,50274.43,7541.16,0.00,57815.59,50000.87,0,50000.87,7500.13,0,57501.00,-314.59,5750100,5781559,0.90,MDS-01823-019,,
MDS-01824,NGP-HA-016,Extended Reach,2026-10-13..2026-10-16,2026-10-28,0,,,,,,137342.58,20601.39,0.00,157943.97,137342.58,0,137342.58,20601.39,0,157943.97,0.00,15794397,15794397,0.90,,,
MDS-01825,NGP-WS-226,Standard,2026-10-13..2026-10-16,2026-11-15,1,charge_not_in_record,charge_not_in_record,charge_not_in_record=2893.65,,,166442.93,24966.44,0.00,191409.37,163549.28,0,163549.28,24532.39,0,188081.67,-3327.70,18808167,19140937,0.90,MDS-01825-061,,
MDS-01826,NGP-BD-104,Extended Reach,2026-10-14..2026-10-19,2026-10-30,0,,,,,,178956.92,26843.54,0.00,205800.46,178956.92,0,178956.92,26843.54,0,205800.46,0.00,20580046,20580046,0.90,,,
MDS-01827,NGP-QA-033,Standard,2026-10-14..2026-10-18,2026-10-29,0,,,,,,75046.30,11256.94,0.00,86303.24,75046.30,0,75046.30,11256.94,0,86303.24,0.00,8630324,8630324,0.90,,,
MDS-01828,NGP-QA-050,Standard,2026-10-14..2026-10-19,2026-10-29,0,,,,,,92012.48,13801.87,0.00,105814.35,92012.48,0,92012.48,13801.87,0,105814.35,0.00,10581435,10581435,0.90,,,
MDS-01829,NGP-QA-191,Standard,2026-10-14..2026-10-14,2026-11-10,0,,,,,,47850.93,7177.64,0.00,55028.57,47850.93,0,47850.93,7177.64,0,55028.57,0.00,5502857,5502857,0.90,,,
MDS-01830,NGP-QA-209,HPHT,2026-10-14..2026-10-18,2026-11-04,0,,,,,,123306.95,18496.04,0.00,141802.99,123306.95,0,123306.95,18496.04,0,141802.99,0.00,14180299,14180299,0.90,,,
MDS-01831,NGP-WS-157,Standard,2026-10-14..2026-10-16,2026-11-11,0,,,,,,50898.54,7634.78,0.00,58533.32,50898.54,0,50898.54,7634.78,0,58533.32,0.00,5853332,5853332,0.90,,,
MDS-01832,NGP-BD-139,Extended Reach,2026-10-15..2026-10-20,2026-11-12,0,,,,,,127530.49,19129.57,0.00,146660.06,127530.49,0,127530.49,19129.57,0,146660.06,0.00,14666006,14666006,0.90,,,
MDS-01833,NGP-WS-122,Extended Reach,2026-10-15..2026-10-18,2026-11-03,0,,,,,,71631.86,10744.78,0.00,82376.64,71631.86,0,71631.86,10744.78,0,82376.64,0.00,8237664,8237664,0.90,,,
MDS-01834,NGP-WS-175,Standard,2026-10-15..2026-10-18,2026-10-27,0,,,,,,70360.87,10554.13,0.00,80915.00,70360.87,0,70360.87,10554.13,0,80915.00,0.00,8091500,8091500,0.90,,,
MDS-01835,NGP-WS-192,Standard,2026-10-16..2026-10-19,2026-10-29,0,,,,,,93358.35,14003.75,0.00,107362.10,93358.35,0,93358.35,14003.75,0,107362.10,0.00,10736210,10736210,0.90,,,
MDS-01836,NGP-HA-016,Extended Reach,2026-10-17..2026-10-22,2026-10-30,0,,,,,,202425.26,30363.79,0.00,232789.05,202425.26,0,202425.26,30363.79,0,232789.05,0.00,23278905,23278905,0.90,,,
MDS-01837,NGP-HA-086,Standard,2026-10-17..2026-10-20,2026-11-18,0,,,,,,79057.25,11858.59,0.00,90915.84,79057.25,0,79057.25,11858.59,0,90915.84,0.00,9091584,9091584,0.90,,,
MDS-01838,NGP-WS-157,Standard,2026-10-17..2026-10-21,2026-11-07,0,,,,,,161136.50,24170.48,0.00,185306.98,161136.50,0,161136.50,24170.48,0,185306.98,0.00,18530698,18530698,0.90,,,
MDS-01839,NGP-WS-226,Standard,2026-10-17..2026-10-20,2026-11-11,0,,,,,,135660.48,20349.07,0.00,156009.55,135660.48,0,135660.48,20349.07,0,156009.55,0.00,15600955,15600955,0.90,,,
MDS-01840,NGP-WS-068,HPHT,2026-10-18..2026-10-20,2026-11-14,0,,,,,,124018.64,18602.80,0.00,142621.44,124018.64,0,124018.64,18602.80,0,142621.44,0.00,14262144,14262144,0.90,,,
MDS-01841,NGP-QA-033,Standard,2026-10-19..2026-10-23,2026-11-16,0,,,,,,129432.54,19414.88,0.00,148847.42,129432.54,0,129432.54,19414.88,0,148847.42,0.00,14884742,14884742,0.90,,,
MDS-01842,NGP-QA-209,HPHT,2026-10-19..2026-10-22,2026-11-06,0,,,,,,107121.81,16068.27,0.00,123190.08,107121.81,0,107121.81,16068.27,0,123190.08,0.00,12319008,12319008,0.90,,,
MDS-01843,NGP-WS-122,Extended Reach,2026-10-19..2026-10-23,2026-11-05,0,,,,,,159014.03,23852.10,0.00,182866.13,159014.03,0,159014.03,23852.10,0,182866.13,0.00,18286613,18286613,0.90,,,
MDS-01844,NGP-WS-175,Standard,2026-10-19..2026-10-23,2026-10-26,0,,,,,,97602.38,14640.36,0.00,112242.74,97602.38,0,97602.38,14640.36,0,112242.74,0.00,11224274,11224274,0.90,,,
MDS-01845,NGP-BD-104,Extended Reach,2026-10-20..2026-10-23,2026-11-20,0,,,,,,116848.29,17527.24,0.00,134375.53,116848.29,0,116848.29,17527.24,0,134375.53,0.00,13437553,13437553,0.90,,,
MDS-01846,NGP-QA-050,Standard,2026-10-20..2026-10-24,2026-11-15,0,,,,,,131097.69,19664.65,0.00,150762.34,131097.69,0,131097.69,19664.65,0,150762.34,0.00,15076234,15076234,0.90,,,
MDS-01847,NGP-WS-192,Standard,2026-10-20..2026-10-24,2026-10-27,0,,,,,,72600.15,10890.02,0.00,83490.17,72600.15,0,72600.15,10890.02,0,83490.17,0.00,8349017,8349017,0.90,,,
MDS-01848,NGP-BD-139,Extended Reach,2026-10-21..2026-10-26,2026-11-05,0,,,,,,94267.08,14140.06,0.00,108407.14,94267.08,0,94267.08,14140.06,0,108407.14,0.00,10840714,10840714,0.90,,,
MDS-01849,NGP-HA-086,Standard,2026-10-21..2026-10-25,2026-10-28,0,,,,,,97215.50,14582.32,0.00,111797.82,97215.50,0,97215.50,14582.32,0,111797.82,0.00,11179782,11179782,0.90,,,
MDS-01850,NGP-WS-068,HPHT,2026-10-21..2026-10-23,2026-11-07,0,,,,,,110487.15,16573.07,0.00,127060.22,110487.15,0,110487.15,16573.07,0,127060.22,0.00,12706022,12706022,0.90,,,
MDS-01851,NGP-WS-226,Standard,2026-10-21..2026-10-23,2026-10-31,0,,,,,,112817.90,16922.68,0.00,129740.58,112817.90,0,112817.90,16922.68,0,129740.58,0.00,12974058,12974058,0.90,,,
MDS-01852,NGP-WS-157,Standard,2026-10-22..2026-10-24,2026-11-21,0,,,,,,100869.32,15130.40,0.00,115999.72,100869.32,0,100869.32,15130.40,0,115999.72,0.00,11599972,11599972,0.90,,,
MDS-01853,NGP-HA-016,Extended Reach,2026-10-23..2026-10-27,2026-10-31,0,,,,,,169692.53,25453.88,0.00,195146.41,169692.53,0,169692.53,25453.88,0,195146.41,0.00,19514641,19514641,0.90,,,
MDS-01854,NGP-QA-209,HPHT,2026-10-23..2026-10-27,2026-11-01,0,,,,,,176096.09,26414.41,0.00,202510.50,176096.09,0,176096.09,26414.41,0,202510.50,0.00,20251050,20251050,0.90,,,
MDS-01855,NGP-BD-104,Extended Reach,2026-10-24..2026-10-28,2026-11-07,0,,,,,,155669.50,23350.42,0.00,179019.92,155669.50,0,155669.50,23350.42,0,179019.92,0.00,17901992,17901992,0.90,,,
MDS-01856,NGP-QA-033,Standard,2026-10-24..2026-10-28,2026-11-23,0,,,,,,161464.82,24219.72,0.00,185684.54,161464.82,0,161464.82,24219.72,0,185684.54,0.00,18568454,18568454,0.90,,,
MDS-01857,NGP-WS-068,HPHT,2026-10-24..2026-10-29,2026-11-11,0,,,,,,280845.06,42126.76,0.00,322971.82,282130.27,-1285.21,280845.06,42126.76,0,322971.82,0.00,32297182,32297182,0.90,,,
MDS-01858,NGP-WS-122,Extended Reach,2026-10-24..2026-10-29,2026-11-19,0,,,,,,185942.24,27891.34,0.00,213833.58,185942.24,0,185942.24,27891.34,0,213833.58,0.00,21383358,21383358,0.90,,,
MDS-01859,NGP-WS-175,Standard,2026-10-24..2026-10-28,2026-11-16,0,,,,,,96054.86,14408.23,0.00,110463.09,96054.86,0,96054.86,14408.23,0,110463.09,0.00,11046309,11046309,0.90,,,
MDS-01860,NGP-WS-226,Standard,2026-10-24..2027-01-12,2027-01-14,1,work_after_term,work_after_term,work_after_term=2434.31,period_outside_term,p.1; A2 2.1 p.41; Cl 32 p.8,120543.89,18081.58,0.00,138625.47,118109.58,0,118109.58,17716.44,0,135826.02,-2799.45,13582602,13862547,0.85,MDS-01860-039,period 2026-10-24..2027-01-12 runs outside the Term,report_ref DDR-226-20261026 is not the number of the 2027-01-12 report (Cl 19A)
MDS-01861,NGP-QA-050,Standard,2026-10-25..2026-10-27,2026-11-07,0,,,,,,101540.30,15231.04,0.00,116771.34,101540.30,0,101540.30,15231.04,0,116771.34,0.00,11677134,11677134,0.90,,,
MDS-01862,NGP-WS-157,Standard,2026-10-25..2026-10-27,2026-11-21,0,,,,,,114160.20,17124.03,0.00,131284.23,114160.20,0,114160.20,17124.03,0,131284.23,0.00,13128423,13128423,0.90,,,
MDS-01863,NGP-WS-192,Standard,2026-10-25..2026-10-28,2026-11-25,0,,,,,,81799.46,12269.92,0.00,94069.38,81799.46,0,81799.46,12269.92,0,94069.38,0.00,9406938,9406938,0.90,,,
MDS-01864,NGP-HA-086,Standard,2026-10-26..2026-10-30,2026-11-15,0,,,,,,126366.67,18955.00,0.00,145321.67,126366.67,0,126366.67,18955.00,0,145321.67,0.00,14532167,14532167,0.90,,,
MDS-01865,NGP-BD-139,Extended Reach,2026-10-27..2026-10-29,2026-11-14,0,,,,,,74308.66,11146.30,0.00,85454.96,74308.66,0,74308.66,11146.30,0,85454.96,0.00,8545496,8545496,0.90,,,
MDS-01866,NGP-WS-226,Standard,2026-10-27..2026-11-01,2026-11-07,0,,,,,,200307.17,30046.08,0.00,230353.25,200307.17,0,200307.17,30046.08,0,230353.25,0.00,23035325,23035325,0.90,,,
MDS-01867,NGP-HA-016,Extended Reach,2026-10-28..2026-11-02,2026-11-24,0,,,,,,103361.27,15504.19,0.00,118865.46,103361.27,0,103361.27,15504.19,0,118865.46,0.00,11886546,11886546,0.90,,,
MDS-01868,NGP-QA-050,Standard,2026-10-28..2026-10-30,2026-11-28,0,,,,,,95853.41,14378.01,0.00,110231.42,95853.41,0,95853.41,14378.01,0,110231.42,0.00,11023142,11023142,0.90,,,
MDS-01869,NGP-QA-209,HPHT,2026-10-28..2026-10-31,2026-11-03,0,,,,,,104573.70,15686.06,0.00,120259.76,104573.70,0,104573.70,15686.06,0,120259.76,0.00,12025976,12025976,0.90,,,
MDS-01870,NGP-WS-157,Standard,2026-10-28..2026-10-31,2026-11-23,0,,,,,,127179.17,19076.88,0.00,146256.05,127179.17,0,127179.17,19076.88,0,146256.05,0.00,14625605,14625605,0.90,,,
MDS-01871,NGP-BD-104,Extended Reach,2026-10-29..2026-10-31,2026-11-25,0,,,,,,42021.28,6303.19,0.00,48324.47,42021.28,0,42021.28,6303.19,0,48324.47,0.00,4832447,4832447,0.90,,,
MDS-01872,NGP-QA-033,Standard,2026-10-29..2026-10-31,2026-11-07,0,,,,,,108317.21,16247.58,0.00,124564.79,108317.21,0,108317.21,16247.58,0,124564.79,0.00,12456479,12456479,0.90,,,
MDS-01873,NGP-WS-175,Standard,2026-10-29..2026-11-01,2026-11-11,0,,,,,,102677.94,15401.69,0.00,118079.63,102677.94,0,102677.94,15401.69,0,118079.63,0.00,11807963,11807963,0.90,,,
MDS-01874,NGP-WS-192,Standard,2026-10-29..2026-11-03,2026-11-13,0,,,,,,178101.51,26715.23,0.00,204816.74,178101.51,0,178101.51,26715.23,0,204816.74,0.00,20481674,20481674,0.90,,,
MDS-01875,NGP-WS-068,HPHT,2026-10-30..2026-10-31,2026-11-09,0,,,,,,80888.08,12133.21,0.00,93021.29,80888.08,0,80888.08,12133.21,0,93021.29,0.00,9302129,9302129,0.90,,,
MDS-01876,NGP-WS-122,Extended Reach,2026-10-30..2026-11-02,2026-11-09,0,,,,,,145953.21,21892.98,0.00,167846.19,145953.21,0,145953.21,21892.98,0,167846.19,0.00,16784619,16784619,0.90,,,
MDS-01877,NGP-HA-086,Standard,2026-10-31..2026-11-05,2026-11-17,1,chargeable_hour_not_deducted,chargeable_hour_not_deducted,chargeable_hour_not_deducted=365.60,,,129425.98,19413.90,0.00,148839.88,129060.38,0,129060.38,19359.06,0,148419.44,-420.44,14841944,14883988,0.90,MDS-01877-046,,
MDS-01878,NGP-QA-050,Standard,2026-10-31..2026-11-05,2026-11-19,1,depth_band_wrong,depth_band_wrong,depth_band_wrong=2781.25,,,218879.62,32831.94,0.00,251711.56,216098.37,0,216098.37,32414.76,0,248513.13,-3198.43,24851313,25171156,0.90,MDS-01878-014,,
MDS-01879,NGP-BD-104,Extended Reach,2026-11-01..2026-11-04,2026-11-25,0,,,,,,63234.36,9485.15,0.00,72719.51,63234.36,0,63234.36,9485.15,0,72719.51,0.00,7271951,7271951,0.90,,,
MDS-01880,NGP-QA-033,Standard,2026-11-01..2026-11-04,2026-11-26,0,,,,,,130380.12,19557.02,0.00,149937.14,130380.12,0,130380.12,19557.02,0,149937.14,0.00,14993714,14993714,0.90,,,
MDS-01881,NGP-QA-209,HPHT,2026-11-01..2026-11-01,2026-11-28,0,,,,,,50825.85,7623.88,0.00,58449.73,50825.85,0,50825.85,7623.88,0,58449.73,0.00,5844973,5844973,0.90,,,
MDS-01882,NGP-WS-157,Standard,2026-11-01..2026-11-05,2026-11-11,0,,,,,,204210.40,30631.56,0.00,234841.96,204210.40,0,204210.40,30631.56,0,234841.96,0.00,23484196,23484196,0.90,,,
MDS-01883,NGP-WS-175,Standard,2026-11-02..2026-11-05,2026-11-14,0,,,,,,109580.69,16437.10,0.00,126017.79,109580.69,0,109580.69,16437.10,0,126017.79,0.00,12601779,12601779,0.90,,,
MDS-01884,NGP-WS-226,Standard,2026-11-02..2026-11-06,2026-11-10,0,,,,,,79382.78,11907.42,0.00,91290.20,79382.78,0,79382.78,11907.42,0,91290.20,0.00,9129020,9129020,0.90,,,
MDS-01885,NGP-HA-016,Extended Reach,2026-11-03..2026-11-05,2026-11-20,0,,,,,,75442.57,11316.39,0.00,86758.96,75442.57,0,75442.57,11316.39,0,86758.96,0.00,8675896,8675896,0.90,,,
MDS-01886,NGP-WS-122,Extended Reach,2026-11-03..2026-11-08,2026-11-30,0,,,,,,225358.76,33803.81,0.00,259162.57,225358.76,0,225358.76,33803.81,0,259162.57,0.00,25916257,25916257,0.90,,,
MDS-01887,NGP-WS-192,Standard,2026-11-04..2026-11-07,2026-11-25,1,charge_not_in_record,charge_not_in_record,charge_not_in_record=18497.50,,,119536.90,17930.54,0.00,137467.44,101039.40,0,101039.40,15155.91,0,116195.31,-21272.13,11619531,13746744,0.90,MDS-01887-049,,
MDS-01888,NGP-BD-104,Extended Reach,2026-11-05..2026-11-08,2026-11-24,0,,,,,,79951.75,11992.76,0.00,91944.51,79951.75,0,79951.75,11992.76,0,91944.51,0.00,9194451,9194451,0.90,,,
MDS-01889,NGP-QA-033,Standard,2026-11-05..2026-11-07,2026-11-18,0,,,,,,108999.88,16349.98,0.00,125349.86,108999.88,0,108999.88,16349.98,0,125349.86,0.00,12534986,12534986,0.90,,,
MDS-01890,NGP-HA-086,Standard,2026-11-06..2026-11-09,2026-12-07,0,,,,,,96475.04,14471.26,0.00,110946.30,96475.04,0,96475.04,14471.26,0,110946.30,0.00,11094630,11094630,0.90,,,
MDS-01891,NGP-QA-050,Standard,2026-11-06..2026-11-07,2026-11-11,0,,,,,,83670.21,12550.53,0.00,96220.74,83670.21,0,83670.21,12550.53,0,96220.74,0.00,9622074,9622074,0.90,,,
MDS-01892,NGP-WS-175,Standard,2026-11-06..2026-11-11,2026-12-06,0,,,,,,148155.71,22223.36,0.00,170379.07,148155.71,0,148155.71,22223.36,0,170379.07,0.00,17037907,17037907,0.90,,,
MDS-01893,NGP-WS-226,Standard,2026-11-07..2026-11-11,2026-11-17,0,,,,,,104306.05,15645.91,0.00,119951.96,104306.05,0,104306.05,15645.91,0,119951.96,0.00,11995196,11995196,0.90,,,
MDS-01894,NGP-QA-033,Standard,2026-11-08..2026-11-13,2026-11-19,0,,,,,,196328.49,29449.27,0.00,225777.76,196328.49,0,196328.49,29449.27,0,225777.76,0.00,22577776,22577776,0.90,,,
MDS-01895,NGP-WS-192,Standard,2026-11-08..2026-11-13,2026-12-02,0,,,,,,235395.23,35309.28,0.00,270704.51,235395.23,0,235395.23,35309.28,0,270704.51,0.00,27070451,27070451,0.90,,,
MDS-01896,NGP-WS-122,Extended Reach,2026-11-09..2026-11-12,2026-12-05,0,,,,,,180830.28,27124.54,0.00,207954.82,180830.28,0,180830.28,27124.54,0,207954.82,0.00,20795482,20795482,0.90,,,
MDS-01897,NGP-HA-086,Standard,2026-11-10..2026-11-10,2026-11-29,0,,,,,,47967.96,7195.19,0.00,55163.15,47967.96,0,47967.96,7195.19,0,55163.15,0.00,5516315,5516315,0.90,,,
MDS-01898,NGP-WS-175,Standard,2026-11-12..2026-11-17,2026-12-10,0,,,,,,86748.83,13012.32,0.00,99761.15,86748.83,0,86748.83,13012.32,0,99761.15,0.00,9976115,9976115,0.90,,,
MDS-01899,NGP-WS-122,Extended Reach,2026-11-13..2026-11-14,2026-11-28,0,,,,,,76424.62,11463.69,0.00,87888.31,76424.62,0,76424.62,11463.69,0,87888.31,0.00,8788831,8788831,0.90,,,
MDS-01900,NGP-QA-033,Standard,2026-11-14..2026-11-16,2026-11-23,1,qty_above_record,qty_above_record,qty_above_record=731.20,,,112099.03,16814.85,0.00,128913.88,111367.83,0,111367.83,16705.17,0,128073.00,-840.88,12807300,12891388,0.90,MDS-01900-016,,
MDS-01901,NGP-WS-192,Standard,2026-11-14..2026-11-16,2026-11-27,0,,,,,,97080.05,14562.01,0.00,111642.06,97080.05,0,97080.05,14562.01,0,111642.06,0.00,11164206,11164206,0.90,,,
MDS-01902,NGP-WS-192,Standard,2026-11-17..2026-11-22,2026-12-21,0,,,,,,101882.33,15282.35,0.00,117164.68,101882.33,0,101882.33,15282.35,0,117164.68,0.00,11716468,11716468,0.90,,,
MDS-01903,NGP-WS-175,Standard,2026-11-18..2026-11-21,2026-11-24,0,,,,,,61064.45,9159.67,0.00,70224.12,61064.45,0,61064.45,9159.67,0,70224.12,0.00,7022412,7022412,0.90,,,
MDS-01904,NGP-WS-175,Standard,2026-11-22..2026-11-22,2026-11-25,0,,,,,,43886.65,6583.00,0.00,50469.65,43886.65,0,43886.65,6583.00,0,50469.65,0.00,5046965,5046965,0.90,,,
MDS-01905,NGP-WS-192,Standard,2026-11-23..2026-11-26,2026-12-25,0,,,,,,60598.28,9089.74,0.00,69688.02,60598.28,0,60598.28,9089.74,0,69688.02,0.00,6968802,6968802,0.90,,,
MDS-01906,NGP-WS-192,Standard,2026-11-27..2026-11-27,2026-12-16,0,,,,,,43093.00,6463.95,0.00,49556.95,43093.00,0,43093.00,6463.95,0,49556.95,0.00,4955695,4955695,0.90,,,
